4b491987d5bb7a07afb1500787c08401b5e623cd,e365b52df6c6535a1bf06733b607915231f2f9d4
284f6354e15bb7c366f64fa114b45899dc326bf8,686c02018eef9a8a2b271daa53965faca15be09f
521a31fd8e6ab98667ccb18eab95721397a80de0,eb4c16330e7bb7a5797f4e26799c892c864e7d27
1475cbe92b20c14396388a34842fb4327d57a8d2,e11e7e296889a9434b04ece551ceea0aea9da61a
e11e7e296889a9434b04ece551ceea0aea9da61a,97b640fe1fcdc6d991a86bd44ec56cf3c02aae4e
866d0c1b94c61c119343e5a31c20869b58ab17a2,252f267ff6ed2bec5ed6e3ce34675a6527e4dbcc
197f185e2cbe4920e76cd9ac82e4e6c58977e647,97acaa447e9a8d81223e0b8591493b4ed691f9f6
716f369df57611b52eae9a1fa74aaa3429b8de2c,1f4fa59389f07a692a3934ba5c2c7d3c4e89e9f6
ff83de8a51184bca97be3a9fc6905c56b44c494a,4b618897c626df3b70faf6de3e7344a60dcf1e08
e3a2403f787fbb072ff45f165075b62236965709,ae50578a46e5981eccaafee311a3ee0b4b7992b2
c205583f5faad60e43a99fdae334fd869fb4c48c,a025bb6ed99532482d4c72ef1f6ef289f31b0a8f
cf4e499e00ca6327b75f1c71dba69f56d2d3f3ce,2993a0aecf2b0c2695893cd9ee666bb2e4754ec4
2993a0aecf2b0c2695893cd9ee666bb2e4754ec4,0627133cc6371d4bca4bcde71386c96bf4a8cea1
1a35d2c4198b63dbcffa3ecff15d17b0f66d7fd2,d890f2964bbafc6614fbe5815f1002a4d045ea5d
d890f2964bbafc6614fbe5815f1002a4d045ea5d,b527fa95cdf0dadf6de8e2594803e884a838de03
