4ce475f2872fc4fd3a459cd1ec5d32bfad05dac6,8c0551ed4608f086c489a6ab1c7a8afe2efd6ef0
11bace38080f6704701abdb511f2c3197a5fd52b,cecbba3fe63cfb6ea294cec90f57e5282b6dfb6c
aded70a156516da832a65e709cb995e74186fd0f,d5b9795f87f79fa2c41e144ffc00fd9586be7657
38dd33e9799ef862ee41e9e41b37758229989197,51068f007efb1362cf59a54f7d3909a526bd24c4
845218dd88ad2fe1284dcb7427c5bff20749dc74,cf87173c211eeb80b0099c5d6e4b8af910fd4b82
621cef70480c18e36383d155d9446ea318299f90,48b2af471c006893a2a2de9727940a839086340e
46579b1bd67b798f19e0242f997cd8df60843e40,a6aabf8268c4395dc71399fdde83c43e22ff8e43
ee78fd7b3db40e8e0462fcd747c5a40e0690ff88,fb627ba3769dfeb8f79718790a17a91873239383
c8bb7e0fe406e4afe8fb7f2655d4f350ece528dc,88e6ec992c6ad826a963d5ac3b37d550c4a3f136
5cf454b4647c6f52b0e7ae49ec5251a46703dd31,24970485cf05fdc4afa815c708dd38d95ebe389e
a3f091263a4cbb32d1607fcc7718986a357954b4,959c35d506759bdbea48db55ef61677f4c1ebd7d
47ba2ad3947a83bb5299c9f80a9aedd4a756a004,f7d3413a501d8b643318fe7c0641eba608a079f5
fc3b043462cf00e8415e8ece22f4d01b131b9cd7,34407e896296a7a98a3bc31bde20ae1f3ac02005
dbdb6b093aeb0b482494e7a4ee65b5836b5070ea,c1712e5d1080c2ca4d80cf581256fd1b9e23e59c
d408e30594327ef311e4b7470721edbc72bcc508,d2967340d9e73eb16a590209acd8dd73ef0e1af9
d2967340d9e73eb16a590209acd8dd73ef0e1af9,9acafd5b759db42b2f3477b35f51de85a89b61fe
78c1674dc7042489fe8fbe83564b918d5d219e3e,45b41aadcc0efeddc757bf6947b71e441deb1bb6
f3091c525e90526da4bb4e4310c9cf8646830247,f7812a3f27304f6ccb5932075891f162264cd88b
f3e5805b92a1b0f4a3ff4ed320444f97ac5eae80,95291facff5c49ce4c63da25ff3efaf4bf101822
437ca09f94dc4dd07934df0a48a179a426a29fe0,7a575ce20aec0407bad93a4f545ab4307d4a70b4
90d156f1866c21991017ca3b061609888539206a,1c4092c61cc8aeb3f3c0dabb7831813e514dfbdd
15426febbe1a773b64293e71cee7e6b75168885b,e0d040c377b3d7252fe223bde37b7164e7a951c4
6d7701e68493cc2eb04f1486c1c9f27037835a3c,0125ba40ef31790fddbd8cd156e9d39ce532c051
f570b459f2828cff25c81f9bfe4cd77a53269d91,4568b2a532069bdd5595c8f79a55d20e6326f9e4
2221445f442cacfdfef8186496a5706be09f11ae,07a76f83b14df6c2fb343f7933dc87f53ecd5155
b856666ae221df3a09d5aa5c3c9c83dd5cb5e681,f7af50c399c39e0e9ee210d0db17ce3dfa8a2630
b380879c41e785efbaa155a5b20254f619f08093,cd6de3a1d8120d34e290931017764ec3d3965719
cd544fa6bcb7c3192d693f63232e38e83b97f598,9233a63a16311a7fe2012e97a949b9b3fd6434a1
40776bd547166b6975574e815ec02add04781248,fb51632e18e03d3401d25035b3a14d7a40370295
6ca3e347d2e00acc07acdb727db742a8ef5a0089,01aa17cb702394178ef1553da555e166c40695ef
ed3360b13510c95aca7b7ddd98681f965f13f76f,5d8da6aeae4478b42804f1a431086e68a0039746
2085e897f53afbc2ee9c38f4be5b9f5f5ef8713c,6dc760a054070f57c0ae68f681a0cee45135e6f3
6dc760a054070f57c0ae68f681a0cee45135e6f3,1982b74af29c35451311b13fdf20d61641d748b7
56566c264538a9accb88e1aede0205221b458cdf,7595d9e5fdb4e9614b6d3c812a7f26282550ff01
c053e23397939cadc407f44d9b27c1da2ae4ef23,4e2d1c1a6205935a8c3d1dfa48a153d5433b314f
83f7038374da8fdd6dad05d30369d46cb9c7398c,84bf5b40fa0d66469eb02a7b71d4bad0f7aed0d3
1ad17936ba46ece16e4243b8f42adc155d7fe48b,b9be01fcd877d2557683a4ceb7ecb5d818355110
b9be01fcd877d2557683a4ceb7ecb5d818355110,8847e10529639f45dd72b61cb84d48d63876f73e
8847e10529639f45dd72b61cb84d48d63876f73e,4132d8fb0f7d79556e4ecf6199e0611da5303aea
4132d8fb0f7d79556e4ecf6199e0611da5303aea,88777943faf468df7b2c38fc5f5117a5c0ad8cc3
4088a84eb4d83c54cde1fbfc25c2e68fa33c399f,12fb8e70cce262d8936ff686b6b746494f55fdb3
2cd631a26c2f96149201923e17e53f4777200e3c,8bc5cd7dc0369a2ca02d1553289eca3b3f53e42f
8bc5cd7dc0369a2ca02d1553289eca3b3f53e42f,dfb3bf69a0d4388a04d23c3049ed33b5aedf524f
7090725de96c22ddb22940f1e6f4b9e62e3c20ce,bc83b5fbe6c2a7858c7a056c3941ad76c1225058
6a08f25b151913b57032b7f4f30a766fedc338e2,f3065a763f34d00dc5da6b5c5fc1c13d3f6095d0
8c708037e8f94bf5e2898f50f2a096aaf4a97ad6,05b67673c3fdb4c94e5af5bc2fe83f1b227d7d08
b0934065365778f5989077a3b944ea6524c710ce,783667168bcdf8ca0a8d08e0a579a1b252b9c509
c62b2f434001c9d88e56d068a53cb69d044e0323,d3406e0a0470ecc5107dce1729c8aec7770b6bed
a19990185d75732e82b98585ea8fbfa685a1d824,9fc37ea9f1ff032dea923012613d4e7189ada178
4cfd6b3ce11e4582ab7327da8b7c1d7bb6c72f02,cca689b712efebd0cc806c20dbb0150046bfe3ff
59889a443630ee4463a94211966da69336ca28c6,e704e29174cb603807c2f29fb3a63e592045010a
148cec4690d9c01499d924980518bd1e05d533ea,a757b431645fbc0572ef19e8ee8daab8d6a2bc12
f7f0be502dfa63571272f0801296ceaa3571b940,8b74745f9e0d77eea373b9f9f5908f83bda3caa8
18c6d17b24632bbeb38609c7e0ed3ad5caadb0e6,3cba1bd9904c42c6ed39d413a7958b7cb6e0d345
3cba1bd9904c42c6ed39d413a7958b7cb6e0d345,e4ca44e95f922296f0c41438cb32b0a2428b441d
eb150eba1fe297d015afc8058558f355ca187bc9,554a6d82db9cf2b9b4d3e74745fdbfb0b2474a16
4c35de1d1f775017094b83348b26a823078d0e84,9a29116d6b1e4f00aab6b48b6287ad0df11ddf71
9a29116d6b1e4f00aab6b48b6287ad0df11ddf71,338a2b1a517cbd9fcaa0a55bd7b1b329adf65e19
338a2b1a517cbd9fcaa0a55bd7b1b329adf65e19,5dba2f4b56afe4bb8e27a96ee9ce475cf8f4ab47
d78e59b75cba7a68bb9b29499d7a3d190a4bacb2,1e3d833b025d936f7e52113115648aa623de9a94
397e1e3d40fe36ee6ebf7684165648db14dc0540,49ea232c3a692ba38769f0e0924e287036323887
5ed2190ebda60646763bd679aa63f9d9d87695fc,650c8482432f38c91644ebbe9e5bfbc900b35778
62476c59014751f44fba128306a6e7d1844ab80e,763f59fc58ffe4369ddb7a9496914723679d2fa4
7bfa24d0daa30a0c80e4c545bb641e6968ca0fe5,90275fe991a97f328e1a24bd5aa7030326ccf85e
300c4ecb0f6798e5901dcb88a034c53e708ff0b4,e4904144846afb7d8d0433fdc7ca97c49b41d0b4
ceec53da17a3a12d28aab0af91769fadc5793a27,964e6db800614b32b47eb2f6e6f648c188872967
ff6773df4ed7d3baca15f19baf30a793b4fce248,7104b04817f0155d9bc07627a51c41d136b2681b
a72a39502f2ae75b2016d5c90ed32061514751b0,aafbfd3b4ea123318816aa5219a65f55f7ccc4f4
4a34c553c7e183b456ece0c54bfd13da6d55c87f,f04b72c341baf91266292f90d3fe89eec1cdf534
badcf820c98b8a61bebb49a8fe2886ad9657debc,5f4e3adfd242ca3e1d8a22511e2ec4b71006acd9
b2633a51d43faaca74751349b96fc32784d4b377,bd91f334d9f488be31275ada8c009d47a630860b
391d8303cbacf207f83a31f6020099523121d9e4,0ed0031412fa5d4b97b628c9449882c40b16a28d
43f637e403dea0e3ccf70c5fc2a81249b58b88ff,003e98c231801b0ea34ebaefcff06c7ae9568faf
38782e260a3b46a368fd60600591a2e5d3ea2684,c74bb6cb9b240b43198165709ee8043c527aae97
7dba3f54ee158fc55d63047e71148ce174323ea0,68aca88c54807bc1f2f8434e708adf752179a7cc
8a00168b63f21738f58854f026892572d3ef1fd7,5477f42740f28dbeb8e91daf2200b474187b600e
1719c4b5a3a44e9577ddb1691a2a6932446d4bd5,2f2ac00a09d2749ba7e55f977215ed4668a0179a
2f2ac00a09d2749ba7e55f977215ed4668a0179a,2d42272e600a8212d17e133906e6c38d55459d80
b6639504b66e63e74a43f76280a403fe78508261,3d9181d27047f919109701ef5007654c494614c4
191aca1fb01b797dae21657021d8fcd1e836c40a,5b690f94116b5b77c0af566d24f298cc6db469b9
5b690f94116b5b77c0af566d24f298cc6db469b9,8fc814fc62d8f96f93aaac8223a660e4f9e6d28e
4f8bf2b04d6b4c43504f3fd98487e6b3505d5d3d,6537d5ed8c11c061ee966d88b7bce772ac635227
478e445a5a52613b5e1b5e7c666946715d7e8506,2726f21cbc52bd45a80b8584f1f85523e8766b24
2a941500975c6e4b2871d12c0fc5272ccc0a8286,2d456e88ebf1ef6fe4da7bdca1e25dcf098f6533
5b2499984dd2d65d8a89b67ad216322a044f1979,3bedee75d37af0ed137a14e3f739ed3e09cc227d
d9e7db69febc2d319312c262716e188bed452c06,1f6f4ed879a3bb34a50a48b55fc42c570ece8b51
2b0c7a1b73e832dce67c08129b7554e4642364fb,c087a48d5289767e0ae29205318c11a27963d496
2fc5fd4f2921f24e5064bf54561eff87e754409a,74158694c567ec26706fd3cf8128aed2cb625291
a85df65f85134901124830d9787c7ac15b6413e9,a4b8e0b9e45dea5dabef55a0565714a9f30f03bc
c552c852cdb12392ebbc3024b36d328774b53606,68e85ab1b6ba788504f8ced93c22077b3670d25a
68e85ab1b6ba788504f8ced93c22077b3670d25a,1f21bf877fbe878a5ec3e6476ae63ea1a2e82441
fb17acd1220df761bd476cbab7cde7b265775507,d5dbfc886df196d0357a6e90a75e9e682f939909
c5be4f4e086bf61e28daecd303d24e157fb0a26a,66fd177000beabea33dadcb4e27bae35a32f3dbc
d4d7134bf85016b81e01f1d5fe9411121aad4e5c,24ec89a8004d0f306ba104ecd970d2892ededb9f
fc1c9428e30c431cf8564ead27085326b4ef6cc2,916d184076f39c83c7a9f96de7ab8653955d5238
26def813b0951a615a1b7994563e2eecf20f5724,e5f5eed42504185723b3caf5b2042db333de32c7
8a138fbd0386d73bbe353a09f9d9fd6d9ab0d367,161d211c07398a14992cf79784b566b7b9f1fb39
1aab4c072cae009ef92541e9b60a7109ce794d9f,f993bdc7efcbfe293a62140bf604ed888dddabbd
b0110a74e7ef8f32f7e572f96efcd07f79fc5831,f4ad15e6441a9e042ce9416a5004d058c867dc5f
0992445ae907879f2308fb9493e19d62a27911d4,c7e2785d38aed398ff5ed377e5b1453d45801b19
3149d8ebc068f02a163a95e8919f416a471d4001,9f5f8e5d92f4d346acbedfbd2a1105f7194fea78
e5e6b536872edeb6e51c45f6021d956300286319,84b42d28b953edcb64ff0d1bc39500ce45515d3c
c1750af54aa5088184abec09d4490b47d5dc4f8c,e55fe43ca67a29518674a1a2137a3dbd4f166864
3efdfc53456aa702d01fee90c17b79ba9531c9b8,dee16de03ea6ed2a08c4d525c89676f6aa5ff3d4
8c095a6e39450fd1762e506b953802b852bee150,421aeb4605173bbb162a2aff4855ac49ea1b3e40
7b2c2e8a3314df22f6b7d4d46c269af9e6822906,ccd6e44edfa414109d03c11a6bc23829aa4ce425
26e916e46b1f8b066ef91fdcb2f0dcfc85c83715,4e1fa95035f7fb8464669967a0b768fe4b1edbed
d55240a598803155bbef65d77056ee408c0c2664,7a91498cf1a9e56d4b3d7b3805076137525ea277
7a91498cf1a9e56d4b3d7b3805076137525ea277,969bc87431264bb71462ca834b934fd295ed0650
7d572d9e9621e6c469d6db0afe650e41fcf297b1,ef2ebbd570524ffede72011803a76eacf1203370
fc64c377248831b6507215de72eec250cb6faed4,f34e9e393a0af264d457f34b4758c58bd0041740
0faced7d4add9a65b9987d8f05d909e1bd7ea8d0,89109a16c68919d9c1688d0777351125adec9210
89109a16c68919d9c1688d0777351125adec9210,52c59d689063bfac9cba73b416d2b1bdc6a1275e
753aeb482991f0dd3f36373f6d248ce277c67949,c04d6163e783031ee4c9f1a2e7b4193d1023aa1a
c04d6163e783031ee4c9f1a2e7b4193d1023aa1a,724b8a3c310a123b5c41a294c88b651b39409876
724b8a3c310a123b5c41a294c88b651b39409876,3682702e91d17b432fccc7ade40d4713bfcf2a21
78ba7d52f64950f97e8ef0498aac594fd8b3dd42,0c8c4d6895bc98a830f623eaba5a696458c46730
e9b0095754d130df30c25d0c64d78cadbfe595ca,f80fadff0e0635742714f9de1aa9ae93ef2ef7a7
f80fadff0e0635742714f9de1aa9ae93ef2ef7a7,5767fb15cd21f4e66360361db41e72c053eac492
5767fb15cd21f4e66360361db41e72c053eac492,91f3cb98785cf0a55c407be0392b708f35a4c596
98ac72074cd17a100dd87168a8ed92fcbc17d8bd,adebd40d300fb86a53220ee99b453fb853fb2ef5
ccf21f6f1b51dd7eaa3f7d23861ba7d1820ab99d,c34df6b7b356fc28e3c3a80a975ecdf2de7c0681
f4087d2ad2801e3974ed715f32e6d17f991fcaa7,5d9857544a189939128d296ed963446eff2b2815
98a71be80bf679224dd0191b6c5562447fa4ee5d,f51ab59748a72e57dc3f57084ecb8532e139f30d
46e39d103674d2aac70fe824999402403741b44e,ccb22dc976d3ddf5de88ef24ebe4b320c00096b3
5b07c8d22901b7b173bd90f185904ea5c28bdad6,19da9042ffd53750d801f4e6e8c8640bbdda1293
40bc1b33d252022c7b79969985d632bc80e7bb5e,81971967c3df4d430c08b52dfce7685d7fd44264
fd227888b6cdb853682eee4393ef7cc3c5383b06,499f9c8fca3ea01b7f7eeb977531669518c5dc4b
2e81e27272f1d6bf65f324efba305b470426b526,ec795a4711390bcd93de51940cc173d4552a0f8d
621b4816b39a091dadd0b33af83246ac689b4fa6,e33f6c244d9cb54361166ef8609cd121b08e163e
1cdfb829d7801e3ee61ff9282f58df9783247b1b,5e55e09e3ea41569ecb24cd22e352ab1c274aab9
5e55e09e3ea41569ecb24cd22e352ab1c274aab9,801e2f1777a9b213dc35bb6cc190816b9dcabf36
25e38f6ca7a34784e72284811309a99cec564e83,c0807c1af7d488b07bb282818b439f9ba20a6f74
c0807c1af7d488b07bb282818b439f9ba20a6f74,dcb7b8350ed02906ef72b58b1b8a866f7585ffd3
b487834d129fe9c8f969e1b9f44bb5a5a168c15b,f9db3faadec5e651fd3872b7af21f4099359ea06
f9db3faadec5e651fd3872b7af21f4099359ea06,4be827544eeb3966b353df90fd26a0086144d508
4be827544eeb3966b353df90fd26a0086144d508,5e535062da95135b133f9b924fe93501ae6fcc41
a52b9ee8fffb123d98e111c26ca82714deae49de,72f051f3ce6b269a0d80de0cef3f357826142213
5565895819dff7a126429ae7a696d194aa97c9db,0610c489bbc3f77ff473cb47cf1072980c6afadd
ecfc1f147db1ee56ffa1fa09730a0190bc649ce5,bb80ceaccc6b134db0bb08b5d0d66ab15d59b360
bb80ceaccc6b134db0bb08b5d0d66ab15d59b360,b39e78fca5265f297f3ce318bc239eee981c4453
5ec0192bccd743374943131d6cae12c813dc198a,a8ce3bccdf1bdcc963aee37cb81b0783d4157dff
a8ce3bccdf1bdcc963aee37cb81b0783d4157dff,02b3fb1d634f1e6d287060af902024c82b548c3b
11ac8c73920d1153e846f8f1b280621b1967e888,622561f7568a209327f6f16f93ac8b40f6bc1937
f29d0fd9f2f93cf27e55475c61130518060d17fc,c1f8c9e3979936eced06d69e55b9d164fb3d629b
c1f8c9e3979936eced06d69e55b9d164fb3d629b,9447381549bf930ba850694f854854d77747f43e
1ccda920febae2fb7ea88ba82500b629b3d1d2e6,d81f720502375101b43ffe9e2e6c28c0687b00f9
d9ebd32485b15c5cd79bcd354252610a9d33b867,7b11b44abe08c131fb9df6ec479ea29c24c784ec
427d2a05e53b0de206a7c768ef85c904bcc2e52c,8e439b1115481b6df7f8af616ac683f399d52893
ea27e68ee1c746b0daa831765bbadb81a6b2ed0d,0472c11157450de50cd97e36e4459bb2c9c4e5e4
0472c11157450de50cd97e36e4459bb2c9c4e5e4,636ee5d19af09debe49a45389ba97d12b3569e1f
2295999a91d29953e58a6a16442f1da17eba2fd8,237ac59474ba39b3c812cca92d189673f758bb8c
9cf33e9f9d9538d6e07033e8ddf6e5e2c2ac5f0c,0b999e3b91af674217dccbceaf08efb37fcf9f7e
c3307fa7aa511d264bf8557adf8bbed0cbae7711,85778f5bec3e4321715352a2c7715c0128e5598a
76764acfc16ef16583dcad30472d93346deaa796,a6cedaaa879348aca49a520793bb20e63d152a1f
7386b017ab2ee5847c5bbe2f7aa551c4f8b1a8cb,955a4fe7925c76b2ffdd838c68099952f9595ed7
7d5f4494d05ff25c9ab89255fb7b7d0274780709,1c656feb95c15007c3c5f90b199b721c26bfa0bd
5e4c2919135e284c50a4bdeb1ecff54514804a6b,516bdf6db1bbb9591be24ee8869c6466eb14e8c2
c474ea848a1c5e611d1b30301686aa83eb2cda06,a52cfcd234aa7d506c5d0ee659492e772940dbba
52a0afe24196aa4d59348384963e0e188ee3bb8b,7f89f12c4a80f95282c0c5b4807b20dbd688de43
3b0f8e9c8abb60982773a0cacc9634c4df5eb702,e95af7f7833f995eb34a51ad7d9456eb3d0db48d
911f11767396ed71f1348fe467a169edd653f089,0d85d2531456ceebb8d40364102bca62e43a1140
358bbe0c88f7ab5d130be153151c5c1f9eed8639,903217f64d38b2083bb62a8a2b81686a607ba479
0e7888c659436287445cc14c7508b93b991bf24a,83ec7365a7b369e6490a7eb666cfdb51e44d542d
b532c4609fb3d62fa1c3f5dcc62a15a4a5cce520,1d3b264a3689e7a688046dd535948f339e95b560
cf30e1655081ef886c0d5f0484898bd5e0142beb,d02f2d1fa7e46c61895d39c2adc40297c36e4cbe
5ab5457522a141139958a52c88e021c3e5a50ad7,53b58edd6ff759c87ea177b157206e1024c7629a
368c85de1b8fec74dc2df38df92527dede4a00c4,a43a1d6303f9c45efb86b5566920b8af4109e05f
333dc8529ee271aee23641d5a02c808ad70cbb33,3e8e441bfcb5b188840d3d08265073db1f67d1a6
6d4e23663e95659a4f53cbff6d65770ebff562ce,e789a3555843d9791b9230a61454a3abb8cb07e0
9edfc8f68dbc6f5c1c996e7c1fe3b84e6561a068,7f6dbf838e4e527e640a002ce20bf5da1abf4a98
359ea8825d8f1882786852f4bd4015dacf482f89,5ce1076f3cb51d3f0e6d6a3344b078db0fee452d
5ce1076f3cb51d3f0e6d6a3344b078db0fee452d,b010c358871678723499eb9541221119aaaed34f
b010c358871678723499eb9541221119aaaed34f,54dced1cf6886bce3508eb80f7a98fe4ed5de6ca
54dced1cf6886bce3508eb80f7a98fe4ed5de6ca,b296a0f250979bf70e9cb2a2a2b48fd10038a363
15f267d5861a75833821e15c65a998b122e15fd3,1001c6d5f482f4950ef45317efab87ad203dd7d4
dcac860f3e5528ecbc39e58f045c7388adb5c3d0,244677cf5e0ecb7c767455e96655af6c18cc58bc
d187d2887ea9348ffbc6de277ab56a1e0abab0f1,a48a2e44b52240675cf733246abb191b9912cd2c
5c4d4f16b323cd7f8dcdcbd788df3e6dd83200fc,63e0188f45134c25267d183f5d7391577f9a6d63
2a3305e7ddaf48da6c2ef9951d93c096b46f0cd3,315518d2d22a63de1b2e5f556e7fb5737669ebd6
56397d75cc6192eeed7ed4d353629f8144de3df5,e17da58a39fb5726b7a81d9bd751e11ebc33b702
5339d31ed19d47db5d75ddf5042bcb0bab56e289,4ef26993e2f88d69a2f4e632c570e1e555e2e2ef
373651efa41c5ff9ba841f4beb30ded4c8d1811d,a3393c1bc424502caa62c7267bd616800c897685
28bb2e18dd5369c6bef4473d4828461f6bd43748,29e9f2c70b8ee5b468f9e6817d809a9750a65525
01aede0652f15e892a21c3b0c0d88db16e60b1dc,be6b9b8fecac14341b748bc987a0b2021c3c025a
be936c2eb89fa09ed6147fb9f2dc4c63ed1390bd,aefef9ca55aeef24950547211c730b84736cfd2c
38667b72b1123f1075b9fdff80c38383317886ba,3db76c6fdc8e74419e61dc99542cd6f2c81cb23a
3db76c6fdc8e74419e61dc99542cd6f2c81cb23a,37777f382fce944493ebea680c464002dc009b87
ecb44a42433e4468539985b61faaabf6af164154,b205ce32b0b5ead6ba98585ba22e0f9c6d3cebdd
ffefcd9ad4939a0cf94262c5cdb7de28dec74e36,410c5be2f80b1c723644b201751e157a3ba8ca48
d8314eeb0d8afd4797b5b7ccce1b0c4fb1c16d0d,9de9e1c19d8606340efa9849b2176704e4916e9b
f6ed46dcc09d9b5282286f91a9af495d22a493a1,4965d87505dd9febc50d864d9fe3c7f15d1f50c2
3414f357922e19c57669f6ca7b711757594a6bb8,9bdfa055ac0a283ceb45b74f7116fea28f4c7ce8
4342c33d0ebb2bbce1969a4072ce13a1b0af283c,72fc581b1559e7ce08b11c481b88eaa01b2d17de
77b36783e78e9f104946e7a8d33c9c1d081252c9,b686004294326f69a8aa8e587881a4747d110f0d
cf60f664a4fb230dd239dfec2b393dbc318a5cbe,fdd28c1a5ed6727b12bc30632dcf901db87f0d0a
774c23a6f1b31c8b951404b0fec4b4203ae76633,b181e48f5c6ba10b33172fc3c865347e12136bec
33584a809551a9cbba34d884b3e522ecb6104a31,2314aad4504d0dee2e5e9aada471febfec052ba4
b7c45fed80d97f917638a89322758037b393faad,318e5347bc6f88119725775baa4ab9a398a6f0b0
318e5347bc6f88119725775baa4ab9a398a6f0b0,84f8a51458dc80f160b0fc4dbd309585254da075
84f8a51458dc80f160b0fc4dbd309585254da075,b9e067875287d0d30e905e08c0a0db4f5c0ce246
bacf567656608a7542bd51f5346cd335a1cfc37a,878dbcda3f4a615b74db8a907fa954ac8d8aee09
4252770d50848c20f482ad3eec67a1cfb7256160,baeacc3c560dbd2ac9543912ca5559e112118d68
7d4d2e74691b8b92fa858bc15e54215515501dbd,14260f984334c0adedf813cd821f3fc92d3a2bae
f801d4f815f9d9a13709aa03e4a5aa314048c53c,b316f723a17f12052d075a5e68d7f0c87afa42b3
ac85aebe4ac3a82998694fe8ae9a12077ca561b5,74cb82e1ad8c1aabb0969a3e048b1d0704143fbd
09de8050174d48a3fde1c3a8e9a65a6ab21f8f0c,aaad4522f0e1f9fb7b720d14c18716c37cdb4ff0
73797b8b6406ba9ca54fb603d6bd7a6c92ee4cd9,7af8b2b3f822d74094f09609cd7e740415f90354
d92cb66f60c8093f0595d7fe2cafb0f9cbad9e55,5fa46804473ad1b3909aaef4bc1d4e729c048882
4b3d6d1fbdd7622439c3133bdc8d4f448593f773,6f56cd5e9d18ab8c89f282551b349ccf8da99dc1
5e93f00a53ef30c3c7dbe60f11ca83c2ac44a302,fc28c92f57edd7bccac57715bef159c0f18daef1
e89e60df766de19e8effc79e8376ed0682c06ccc,39fad8575c62570df3b25b8ddeced5bc481cc6f1
39fad8575c62570df3b25b8ddeced5bc481cc6f1,4f678272d6378a6c9d53146275137e1c17fb0ad5
c716f7afe8f528281950dea24f01c245690cad9e,473fe1003aadcc0ba5a0884b7666bea190837180
0aad9c6f4820ba3e917ca49a154a03fa74c4c11c,671461d0d03ccc7ac1d7bef9cf1a5d9c1f39fdeb
78cad9a4a86179c2305036d08740c0f01c4b0695,259a344fd19c3df0d41adae6cb17e498272e33cc
c9cb723cab321b82c3153f1a2b9fde27e9270106,7a329c25e9867636fd8a79c3f19b45186bd0f95a
7645fc85c3d6676a13ae76ca5133f83d8fb54dbe,9d9c34835aadfe05d9953611217754e45258ad15
821916a681921e7a4e583009b10aee75c0a4ec73,ab404ea2cf3cc25dc5a78aff02e441ebc1e7fbdc
72ced53d2ac7706260d57279e3a2a10c490641c7,cda764fd4bd07b41bc06f0783b587c50c99f40b8
749581d534cae0abf1e532df44b7a7f5f9b31ed7,62b873e3daa7c2998d10065d5b49ee93d2203069
62b873e3daa7c2998d10065d5b49ee93d2203069,2055ecc1ba86fd79d96e2b60b90de1a1f54421f5
2055ecc1ba86fd79d96e2b60b90de1a1f54421f5,fd2d1c58c566d9312d6cfc5641a06ac2b03e753a
0bad77f0fec091130e86318bc20e6fcb3b390a51,363abfa1a50a92ef5f2f2eac1efe507e2ba8f509
5e944e5730484fad5cffc65e7a69bef60025c297,8b9292ed057540aaae3fe1d09952345261e92bc9
8b9292ed057540aaae3fe1d09952345261e92bc9,101e5b670bbe0a0f5aff5e8683ddee4444cba13e
8190dcb61f6c7df397874bad324a994e54a56a00,0071d374daf37caf53f67c287e8774ab984c611b
b7650b9f5717a6d543c8cf6a94573f875e25d407,c0bb86d0d690fc45177c19f16c143746aacfb900
a8197976fe7ec496bff6106541ee2392898a6cd7,85c0cad8164fde99351bcb9ca5673b7b4b470597
8fb304d665263942749a8a782848c2f41b7ad149,2aaa4d92d9626abd4e7590712cb7452f80578823
6c09b938fedde9da2b0204dd140b15d0b2b69602,acb00f509c193ea90aecc7486eee7c6e9fe1a8b3
f868580f64280965dcc47618f713ad6bcfd39707,692266f4f5300fc124d374a8ef90cf2fdb14f80d
4ee524736de7c19c746ac211f4a5a9c9ba03b6db,ca5dc4256f8f0e6eece951ef5a4bf9a69ce5616a
84d08cb8da1847cd6d37e0e3ec0dd45206ba25a9,5136c5c16e0187a3457e9e2fb8a38e55633075ac
5136c5c16e0187a3457e9e2fb8a38e55633075ac,38da552a57b9be999fb36b2cf7ae1c9231a010eb
38da552a57b9be999fb36b2cf7ae1c9231a010eb,7301a363c1de9f865945f53cc9c11df3f2c1253c
aa8ff8759cb8cb1b8992960ea8b296fd4ebe9e40,45fee60b62a093981613b53cc17b2378ae773269
a6101f72c96d89e3fbf9999f16cf3b5147f73d8f,4251b4e29405b21fad32ddc70807a04696c69374
81525c3e9d03e14def5477ab1902a23049769ef2,19a9bcc9c55cf863bea2a63f05cb2917730b189f
c715cad48ea16bb616c9db174e30ea3f5af39fc7,3e374dab076ae8baeab6148203ed1a74d1627a59
4e01f39733ee3d3645c4b6253e7d91ba165f800b,33fa9ebff1d29fc27672473ed78355d960d2edca
3d8857ecc8efdde0f0445388105c2d81421236be,234b6bbba9096eb70eccd7f4d4fa1efd32c0bcca
807bd656c6c727d1cd4d75f65e11922b9df2c475,4572ebb600333ce962e0073902420f418d5f4a6a
4572ebb600333ce962e0073902420f418d5f4a6a,b59f6b1833403bcca9e15d59e10fb2ccc0adb8ed
b5aecaff5cbe724c1e9e8226cc13daf0ca02099b,77a31674125143ab6a84bae2ccf2d2db62a6874e
824cea24bad8aa330f288142cab989407577e3af,54ae3b044ffa02b495ae293569fa126595a4a521
54ae3b044ffa02b495ae293569fa126595a4a521,70c676478080bb0daec8cd0768cf7d01cdd309ea
596200528dcef9764bfa45aa01f27fb79005a42c,5199423ad19d30ee066dcfdb75c10f9c084a1250
cda232bf1511c3078f63ebfbbe4d875012799ded,50672bb11baa614ff64a376bd09a9c74d1830666
9a59bdda486f90b8faeafdc79af3bcdbb7c3d250,8a3ac70c0644d8d62aee7f75a54b223d33d751d7
dd7f3d54023a21f9c42b3303b11d78fdb3ba2749,ac2937a6c58b63c2723917a1cd111a8363a728a0
d80f4062394a25c6d10aac22b82ffe4463f3d338,a3e2e65121fadc8ca507c490eb5a3b26d8153041
a3e2e65121fadc8ca507c490eb5a3b26d8153041,136f90f87c1d2e8f681090b044fe11f11e5652c7
4502690ef9d02fb2922f2f53d6bbd778e3fe24a1,38edb69d95a79e8507db7cdff431565215bcbda0
838a70ea8dea25c80997dc47bd9c8e40afc6d8f5,9c420d6efe6485fa90420c76b4a0a898215e9b54
cd777978028629c78bba85bf4617c28a14706e3f,5623cd64ca49c307df2cb5dc56d8981f7f68f081
ed9b50be2c2fd1401fdd2246ea0b67fc91fc10f0,141ef4a188698efb595cd5f5da402c148d9207bf
e375ed4678d7d6f82f11151f0f5023e664b5b62f,2003442b3233b6d9a6969660b25960f2da472fb4
801fb4063c65cab13ceb7550d10f8911810c2a9f,56d001835e918261324ea07008a27dec1e29ecaa
3be8bdad9a81e02b37ebebe3381c6701a15cfc65,448a41a4e7563cafadea1e03feb5980151e8b56d
b2fdf12f626925093160eb36cbe3af042660f919,eded51b2f86fa2487130b972803bca780ad30805
80e395559d2403c1f1fcd43a5af718ede90f80b9,5d08a426d30e7e3b32e09541937f466889c2319b
89bf76553e79ddf8746eaa3c8ce4b28b0a2ef2de,6633409a159587cf0e7bb086bdd10eb1a75f2dcb
0409b12a55e893d88f6e992a7df247841a2da8f0,03eebd3019c4942f9a8835038cc6a932a0a85033
94d4d55908fd0d15e91f9f70c501ea8d73385881,fa5dab85c44fad34a665c44ed11255c28561cfda
c4d96f64ffbd777f7ba0ebea8f8b2f289c73e077,fdb26f61314ad03e18feb7b7a9004fc177dd7e7c
07716ffd7620a6e2b91cf73f1c6054ef17961be5,4c85d331094b00c47dd72fa87645b49ecf3329a9
3d7b8057556e1f6dfe02dc312f22146b5340f556,38dccf9e1223cc87fcf549ae17e9a34fd4782ba8
1fa8bf7d7b56a0e9fed73ddf837baf9ca42e6d57,32e174d4b84a62e099b65868e8c0f9e9c8d4cfde
2a447ff46619d5193cde6f1eb1acc6781dcee056,7c60939429b403090c252478b68e598fd37c0d51
7b0dabd7aa9dc8fb79d0f699b8c1dfe4a928f3ef,a6fc3d2384627c59a02bc310a7346fe9914d4332
9f3d089655e314b1d1c6a547b573bb63dd0ab71b,9e9dac68f78b6423fdd0a274cb88d845df96d408
51fec1ab163de138005362a73557ea0df725de82,6d8541e3b635ef00afbbf9ec0d0952778f9b99af
eb389ba8d41ba0066679275e919685e810bc6682,2c649ac20f049804b1e52259add4352282d1b28c
cd7392e618cfc8a0685c5fa94b05133339a0d864,75941618563d8f6bee4812fa0e7f70ccab3e9d61
5cbef882173c24ef98dd3e5081b738e340a228ec,22d8171dd68f0c054d8b0109ec63b65c55409cf0
bb2e6cfca9fde2712152dc5f5a5134546feb50b9,634676d467a57701d80df09a97ac35906001b34f
8863c939ad01fe1e065ce60edc93a683e6828d80,94e23bfc82613bbca9c6d4c55766836597907b3e
3a0fcdacd364a4154ff4d267d2b5812808deb7e6,c360413fc29c0faedbf6e78c63bef08d5d48e4bd
c360413fc29c0faedbf6e78c63bef08d5d48e4bd,796a2a69241e7e7dda7b09f31ed2de5ca5ecef15
225c905bd52105479a374e270c9bb97aaa46db1b,54c2ad43081f808502e3a01851c294f9a7250c5e
85e28dd04cf5894dcb6c4c2e9ac78bdfad6e9438,b86f779dc169b92d67bc52cd66614e919f1a0b07
64b5aae6bc61015495e9f0308f6f44f65c672a68,00e394451f39adddf5678961eacbacf7f0ca70e9
00e394451f39adddf5678961eacbacf7f0ca70e9,633355ab000823a0a8e1f8737c91db036517eaec
d64260fc0e080e5d6db55399a69df2adbd7c02e6,c81204aeefcecc97ee8478d41a9f511b0dfc7580
93d9bd9a04b8d626c6bd266b6629b9df4c8c8c6f,6f69212f2880ab88529e6870eba88f1d61f124b9
604a519d8b2e530b3b6a83ee3795ce0813f24ef8,144b279aa26a3b19b0ef02b0bd7437e511fa910f
eecabf9b2e986dcdb629b87c26a92f5542905e43,88e5e9855db2bb64ffd20d6749ccd940d7d04d01
d4d547c30aaa44244ca5afdf34033c973af92f10,e5e35634de76690e71b90d05fba4a87f60cf9905
e5e35634de76690e71b90d05fba4a87f60cf9905,e2308652164eb8133a76e78f6d83d9e4cb3856ed
52294c836abe2b8ec89c76fefea54154037c14aa,e9dba184660ce53e918abcc42cf5872473145bd9
e9dba184660ce53e918abcc42cf5872473145bd9,18658f45be5c9d9c6df7824ea0f2f15b523c10d8
ed3dca420f349085065b9a7e5b8a52ed7dfe328f,f918ca14aa56046f060021d564e05e3e4cf585fb
f7051eaaded4e371f8a04f82915969bbaeb3763e,66fc2672809fcf4c50c7cb770bd6e48354f0d8a7
5674309080ab393a15f27c89480893ac839e748c,21f722c9bc912b539f952f582e7ec8374d1d9d71
55a3404b71232a1cfd6d978f666945cde37c99e2,34ae29e59ba864b1239801fc9b7836684c71c7e3
fd10c47bc6b4f858babc55dc21165b4912d67baa,edb9619731658151ed864321ede06980d767501d
6d5d92a6fe63101adc38464843abc3f8555e4689,bd79bd2a54e5b8dc1895e0e56c130ba57f0bb4c8
f3b68cbbbebd3cc8f3a6873038a5ea4f8b640695,4a070cfceb85d53a166db6bc787321245de778ec
6ef4d2a991d814d58bd6a450597711a0380e0072,45738ffc1dfe94deb6578b6e5b0d6687558969e9
1dc4c4746eb4f20f4ac72d167458beb3683dd8cd,12cb27f5cbbbdf57e7361a991f66fec31d9d3e00
12cb27f5cbbbdf57e7361a991f66fec31d9d3e00,432e5ab4607fe4743562101336c63dcfd18b0867
2f036e9359610f0fde2abd6e5afcf79449f05909,a16a2b87c726939a20200398a774dee198398adc
871a98abe2409cfffbcfc810a59246ad25131e86,7bc353f8a8861ac45b3a64fc6463ed150f634831
c241c6f00bb43527a92550426b14c5d2ae93d849,01d15f53686fe15fb735d1f8a758017b07c9ec14
b3ead231cc4e64485cdef8af0b450c65ba3c71a2,cce716a82165e149988d88c9066de05d8f295bdc
676e0bb28211ec8e588abb8898924771d3dd6f32,7ae8cd07cc2942ae99fcf8ae95aba9ffd65682b9
7ae8cd07cc2942ae99fcf8ae95aba9ffd65682b9,8bdf9436879ed71d8f1ab87648e72678ff63eabd
141cb45b5ae1d237a7481e62226d5d05486a6aed,2f4f87795d10c3052b66a6aaface2235d59355ed
2f4f87795d10c3052b66a6aaface2235d59355ed,a3a2a68f019482d4d19af843213d34e515b50cf9
25663195547904492d5c6fc99caa0414bc2eb0d7,25345bea647e1d79de306cc409651ee76d41008b
302357f3e7d48767208c620aa4adfe0b474f3cf6,c0224aa92819e45f86dabf693da9fe7aaba9391a
e4d02881d244999a382499cd4ebad53ea8744047,501b9d47c5bce926d6a0de833e7345ee74cc34bf
501b9d47c5bce926d6a0de833e7345ee74cc34bf,f27ebc4be5932ee9733a7635390eabdf4452f67a
9215a31fa256c67cb8275d7c577f0d4c3f5f0ab3,0504cf1a00d7b2b8e96bbddc93fcc737c7602b73
4cbf4821940d1680734fe032e01f41205b6a2fc4,c354e7e0aba314ba36f316a35142926a595a8c77
13c51d5211cc95f8e3130d07ec6ff89ed5b8587e,bac84a3aac6a9f565aae9cda1820cd8ada014d63
46664452a792ed56ac7faf50dd88d781e65df914,9dd33d556670aae87e706a9df68cee30c3e4cfe6
5ebc09b33923eb16bcaf4f4c6663e768fa2c970f,0689738e7cd1a38d8a905a5ae83e3519169979fa
d041d3a7f115746c878aa9b5243e62b4aa40c5c1,a76eadd838483a4110550002a5a589c6fcdd7b0d
38d21acff63dde1a1604565e37f73c8b1ac130a0,0396c705d4b3d886618c664aa339178bfb188066
5b1939802d88e42eb2894b6c5a86ec764520e6f0,e0288bf76b561b65e439058d263be88f8ca019b3
41d4fb9cb3445130dc7f0e199b4d85dca56f0389,327a2817d35416f74902c889487d0aa6ff1969b8
2c323426d1cc6a44249a38f989461e5b2b6a8c7b,66cd565bff363eb3e5b8cb242f978e2a9e0201f7
41738df77d4b93f4a0af666dd7fcd82a7a92247f,f98ae014faf8b9fd202eb9e72906a7ef4965b6ff
a7bba92469025a1f75149ff616af9dba24e81717,2b9695c52024b624631ac27c0f2194e280effdb8
2b9695c52024b624631ac27c0f2194e280effdb8,fbb458fa8b13dcdc32c7cee38a6f5a2cca270ca9
fbb458fa8b13dcdc32c7cee38a6f5a2cca270ca9,33325f9fa6292f45483d67c77332382acd2820ad
33325f9fa6292f45483d67c77332382acd2820ad,8f1ac7ead18d7df05dd0f307250caf592347baea
05258ebc6cb680b41b0cd1868555e6766c0eb35c,7e6f04fce4321cee9d69b14fa003e4c24b5cf720
cc44a2c01b31e0f51eb8bdfe70d7989b245228e4,150c8e36b1b6d1b4d1a340756349055b06bf3975
150c8e36b1b6d1b4d1a340756349055b06bf3975,1e3aaab59075c5220e444759e07a26c080586fed
6270fa2026249c0876cc546c4e64281066091fc7,4da47f1635d73f999c2b4b68a821eed8f29be6d4
9e07e1005546b53ee0053250dc982171cef46f85,475f59cb1cb0b4789b81fd893e9e919c03f30e9c
475f59cb1cb0b4789b81fd893e9e919c03f30e9c,df6efb6aa2b73aea3f1a438240cd8de358714f77
0fdf026cbc18263f749f172d49a45daf21104123,4d329071a1651994574c3ad1f26e32b56d9ff810
2769de3731bc932fcc486a6b0730bd69ce58f93b,5d8ecc01b731b7a64d149b3a4100506a23fd0aa3
9277a54a123ad52e042b60e1617d71437e8d4ecb,45703a1deaa0457c1fb64fa5245103b0f5a2ca52
fda3a2fe7c679784ed6858b27763ae252bf73962,6fcda5dac149bfbf91f08d4105c867fb6d916db6
7dac150dc6f9279c93a832e509aaa89bd35412bb,862c25192441535216b18b2f6f3f876b4eabc4e6
e0079bb5ae34a984c957e06d838efe48c8df637b,5e811a14ef2e2463c8991a9388e6040acd7126f1
77cae64ccd89a451d89fdcf2b812c8dc061479bc,76f9f185fb6afe04dfa2bdde190537d4007bade9
76f9f185fb6afe04dfa2bdde190537d4007bade9,8da1900d8a5a686c599ac91a5d12abb8522135fa
8da1900d8a5a686c599ac91a5d12abb8522135fa,8bda6b0bd98bf6082fcf87b536f96a09050e06d8
a3be325b9985e4257724f4197fc30ad9cde215d3,1a20552c2b2aabc38a13759e37287e146bbb06a8
92fdf54aa34ed2edd5c85b5b47053bf4ce559517,b592cc7e73a81f1ea97ad257d4472b7f48caf447
b592cc7e73a81f1ea97ad257d4472b7f48caf447,6e7f27677573bf51e67e964461085654d086c8b6
1a5f61b13329cb0827d6c8760ea7b3ea8ce73f76,4ae21bf30be7fbc368b3293e40dbaa4bebf6c6cd
fa27ed11473d3e4bba2b795f948e981dd037a0fa,877b1533314aee53f1d9aa338db8ef4b2f20f69a
4a471b8c718a737d4089d588d1d57b52be5d26ad,b5dd0f32cca167740a02d702b1ef1865232b3d80
de61859e98d969c00b84fb04a2ae07d698cbbdc5,d2da25a6214119b1a5d130bd5724fa260e906445
732d1ed40b76db3b1e6349d9b81273d487f815ae,09a381da1d48fb260d815858098b32901d53dd2e
b75a1ec71e928272c6ee003438c4aa7454e45d33,74f3faf1cdf53b5b1be0926385e4ff5cc1bfd929
ff0fe434e46d7fd684fd7f6d4683a50482b9e722,164db3e5a13c21137afb56a3044ef3f1aaf89e11
7d88e6b8912c5384a9b9a54d014e67ca71f568d8,62e770603572d5a26377ee7b797ff903bab74481
b4f6d353c9e9b5993f5b1f0256e5a2f09eaee26c,6b2b208b3b5d61573d2abce15326ed8b055da07b
1459b343906309ba12f9a0eef59b266da5aae64f,8214237638d42068d5fbd7092a622d807a8f8e22
bcb8db621c108e2a05531e7648ecfe2c0f64b7e4,f48284909dde84d13276bb40ddd91ec6935f10e5
9997abeab6a5016f07872e9741f2bfba1686895f,24fccdb2bc145b30ab458ebeb24116a9c6fff2e7
ff7b7899312c8d6d0205f37fd3e5321a8f4a8f16,2ab490a1010a263669040be4cb84b812cec20b19
5f93a14f5dd422e6f9ed468390b128776f278b03,e47350ef961917102c6319545e52df3961752a46
407b194b15125f479fd39c93d68872ea6e5fba94,40a334aacf7669130726ffa2a5f927a681fb6449
b22e45810866f874bf36b082bdb866cfe9614b40,f8270b0b80c51d32a23661d104416b6b5df395d5
7ac6e61b9634bfc5bb4f09211b41694a63ba2ea0,a07829633083d684378ed39802a89ca65c998b85
87ac22ba5296ef770339edb3874bc751628fecfa,241f380e2efe91ad58106cdb4848e0829f432e1e
d70db43afb9384694a912a6b5058c89b0ed88013,8f940aecca83e1a1960a45aededf6274f02a23a7
192832c262518a49ad4f92ad4bca505535b2b229,7bef5ab4d23faf571c8cbf2e55a623dac0ee7f64
438be9a75e8f57064d1f6c3a83502af8366cd61a,deebd6f7388f0c61481845dc5c4f3e26c7bc36ca
377f70b987f0b1773fdfb7d34ecbbb77c95cc810,0f243c6ddd2860ba475ba205eb5bfd836833a9a8
9771b82c947193f533ea0720c212175135118daa,77da4ada990e76f1c133ed90aba86406be92daa9
b1c203b7d9701521e383835e19f1a3b2839c85ea,4255c22d016027f36e275f9e975672227b7fa9bb
29ad78e11adcc878aeb19755e5014fe5c5b19d11,55c8f9ba600b1de4f8ed08db6a5ff7ab2d33924f
044d1ae3a3d31d333301bc37b6e6640985e37c7f,d7cbd53fce2c6ec2301d99bfda0b1969e5ec36e5
11ca7301b508154131482cc090784b59fc3211a3,365770e7c3326db5f86d275dbd2bb13526359b4f
bab86abd92b6aa51c6f48221e698acd659917ec7,e3db935c62d630729e9cbd4cbfa19aa592fdca70
9b007e65c27ccb6dd9576bcf7cefca2ebc525b98,9c5ec3d72a210a4ad9924a00ced995f02b15f47b
2b9d5795ada7648943980976b32ac27940ab7778,9a7fba810e5bc3a94746117937163c1bfaea19ee
c781ab8adf4cb002edb33a9f2118ed84db8d6941,68dae80110c5e5bdd863802a2f240e3d1ed7f1d9
38a21bf4b6c1e3480d008e0f1ca14e41d5844d09,275e57f4f118edeb5e232aedeeb69e530ee157f5
275e57f4f118edeb5e232aedeeb69e530ee157f5,6c018c0a28831472c3b7e988038121fe9dd13792
8553543ab00e10c618b80565613163192e4fdbc6,ab3f4bd94b7dc75d7a64b07e494e83d730f614c7
ab3f4bd94b7dc75d7a64b07e494e83d730f614c7,9fa52d3e21b064449cfaf4bd62a605218afc7354
9982fdebd8a312251e3e1821324903efe7e33c06,b472d1841c6a876fddee0fa8d5683adfdc1109f9
b472d1841c6a876fddee0fa8d5683adfdc1109f9,ac73991913c596a0b2b37aaf96083c227088dad6
1bb305323ed541573d378aa39fce6404936f0d20,8ccf2e8f1e33a95c03b9d391068f615efa22570e
8ccf2e8f1e33a95c03b9d391068f615efa22570e,b56aec763dbe00f4f706d434ef6420e489e082b7
4ba98bf8c83dd135231a27b624b2a02657ce3f7e,bbcb41149e3925d1c89b1a892bdd3a0a6a211068
1a961022b9f8a859475e110d09fcc43e04bdc0cb,b3a814fa278c71b10e941e71c2d7a64acc402117
249b51bfbacfec27825de4aa4139c4d279dbd89c,7b8a0e184bee7041d5d069ef282ce17a58c6759e
42c4facb7ed4aaa875ee954f99589b486be876fc,c5781cde60ddb5b076ed891821b9ba38d5936203
acca3a4431c5dd46ee52f4fb3b0e836fac9ccc4b,d6fc720f4caf28b810258cd722221b6a31deecb9
10296651fb2de1fbef82d358f736b02481dd1943,312cbf736ce45e4292f9742bc58d81ec499991ba
24ebf10976d846c8c4ca10c7522d1cf8a77e4065,2dbe92ba2f7a3e9901d46a4bacfea059eb9f8f97
613945a200b3b25c3baa4a7d96cd86d099b613f8,2e6ea766315869215fe788c4dafc49ac4328a8f8
2e6ea766315869215fe788c4dafc49ac4328a8f8,cc9103b0e21a2d4d2fd6489a7bef5c7021283c89
c9f76d58f05048c5ee2cb32a24108dd43ce2570d,d8c32b809730d16329713b486063e35557222844
e1bb7f4364d96fa61054d8e28fd2aac1d03080dc,9568985b7b92a4ba922c261b370fea1db3a57a3b
63e4e8a62b780ce8d7192ceaa1d0a8fa715b3df5,b34c86382525811fd707a9c133b9051d5c46a393
42ab57850de038bd1b08d7663cc3bb2dd3cd603e,73ce2f1ea73ddf902a7c40e2e01bd52e3908dbd0
9b5e66b728190e0dde5e6ddfb0f018cbdd8e5283,efeb5a93e62440ddf16f16aa0bd8aeac52eac4d5
e37c2bf8fd7a671b00c62e621f4046a212aded24,9e2455aab731312111a6b4cc7335dd7baece27dc
6954114f847f20a5b14eb606ab65f167f513bdd6,0a00153375fb69891c2a9f0115a33cdf5551b2d6
27f7d1157fb61d3defdf5ec3d8346de53e07c93b,0b114fcbc58751c84b5e0c1f1a1024e6adf1bed7
1697e1e3b1d74492e740b8ad02dc3a97794d760c,b4ca39ceeba557d4a8dfaa219e62389716cf76e8
f706e6e7a2c9ddbff29ea5fa7c57d5fb556dbb9c,892eef1af6a5e61763a8f26f6d2396ff9bda8d11
