28ac404f6cfce8f7b51d62d6d3a43b0af21de5b4,51e03056d174c4192a6fe2baaa43bf591080d48e
1f1a37dd9f208b21777e3aa21c9333649d8150ae,9324af9fa150cce9b0a42f2dee5f94707f9fae64
5905c001e8adb53c4c540ffb507a08a6cb6a7d0b,3ceaddb7f2dba0fd184686b35cfe597bace515d3
43a9b28dca2b607033f4660dbc7d0524dbf076a5,d8b404228c62a8587e41c91da95aa5445b8f3a11
d8b404228c62a8587e41c91da95aa5445b8f3a11,24aad93b16c8ad2ed1983de94ba4850c343a061a
24aad93b16c8ad2ed1983de94ba4850c343a061a,25fd445ca91aaabab4df7114e9837888a0ccf8f4
c6effe540837b42d3c455e2adc45b20ff11e0bb0,92115628086e2fe3ccdc69426f5927c5455a31dc
e8ccb03268e34ac3cbb2b07ab0404f8491d31599,51c534489fe7870a1de9028276f35a2f8c611f80
35c8ce360935d9f11650ee673c9ad23f5171ed12,cc1932514250e9fc20bf55d38e8b2b57ffdf959e
95e790e65c15fa856b83958b2efdb07cc93746b8,3a1f0b365f8f46a00a33e444f136826b4a7d56ff
fc19b6ecd1a9c69e0ca5f0f9fc445d446da0ec20,a8ab823bae621958202ae4a1bbd1a88e4b88fd1c
a5ebdcaa5a8a77839f076a4602dd20fd658fee6e,cc930617ad8fee8b952160aad15943a74e6cc8b7
7b93234b4b03a45504287aa59af46c9477743d7a,441c53ef73b2ce259cd9f5f407183c0f93303bde
00dec4d7f0d8b761ce381bdf1509bf40f49c4dec,e00a38fb0bb09b32b00544b1f77ae8b77dc11699
544ccacc5adba7450ee054508debab546c6aa0b5,2a61c41b1a0810a66d58d457177d04711c07427c
2a61c41b1a0810a66d58d457177d04711c07427c,cb16a1b93fa1558f7c2ccfce4b2e5674c461fd9e
57fc3859104cc5c77f4a5ddd1c5cf8ab1a314e6a,cca8476d5209dd94fbff9247ba71ff4b0a64f4a1
fa1b29256857e823912fd271e88ddb99002edd96,bc1833a9f465945be2c45b436abb56f3e25125f2
8478297ea22b0c1d7d64d08a07abedf1cb38ac9a,0a63eec79aa5a552a3c57a43162023c0530f0a83
5d8ce16be64aaa887f96aac6d716f9393232c193,c186664ad9c4031c304ea0cf3e9f4dc981c8446d
