74ef13e51be719d9c0085f09cfa8351aff576581,67e7f33a217b997e14794ffbd7a0c2355059d780
c9bef0c4e7d1aa6bb8f8bb3df110c52dc91e5798,83e814ab4aa01fd9637f6a15dfd81ad14c30e60f
73a8cdb58186fb8e5b6d35ee81355f19f01fddba,c7e5a380fe6149f375989c8bdc35f929c78e4906
81ca791ec80d6255c564f429c88cdfbfb5c6ebe9,69ccd1d820d921cce83d2a28715d8f288c99a64f
b9375c4404dd165f8ad7c845c5a57dd8d05c79c8,19d810e7677d899d4c06ada91050210bee5ba1a8
5721e4a648501ded375ef7525a2b693e1e4e4962,395fb89002816639427932b24e1547d27b8e7a8b
e4c56d7626a779630e2a51dff5b8d4116307c4a4,e24da3ed8513ea009e2257a2d7a107655e99cd05
e24da3ed8513ea009e2257a2d7a107655e99cd05,f6719b5de64a7fa8473d52c8d41428888fd9973f
87bd6af0148edbe9869f59db8bf2a6578c2066c4,0ca54ff08a2243d360e3b7dd717e63c55b49f306
ac99183251dc2cc7e42ad94a46226eeb37e77e96,a3082dd52e1f9fd5a1cf638fed9dc995a0e65861
a3082dd52e1f9fd5a1cf638fed9dc995a0e65861,67aad6742ec5272795f3a2f655546cb9732ccf9f
67aad6742ec5272795f3a2f655546cb9732ccf9f,8af7d2040201dc79d92adb8c3423fd3cd477de34
6a5ca14b649815c7ab9c2ddc3d80d0f42280e6de,7f44e86048adf4eec0df386c4a7b9c64783d0070
06239b797218c2e6e702ca17c35ddc18803d5c2e,23a36017975d291f6198258be05f83c4c13d5f5e
6f95e31662d47351f992743f0c502651e37734ef,4b54a79abe6487a0bd2a7e3549b9e7739909aac2
c1f60a83699e39bf3bc4cdb30a6605d9f4b9d909,c690afe3bba9fb0d6d62c774da073b9fd8fd9569
c690afe3bba9fb0d6d62c774da073b9fd8fd9569,0783ff2382d5e0e8f4e8fc0d33df32e058c51e0f
4779a9159bcdf0219770dd28d716ca9393fcec01,aac2ed644fedbfb8810cecdb0cc681eeda850c18
7e456a1b702cf788fa146b212efabec92794f61c,7e23454b49727b67de52e7c97c3dc30b000973ad
490952de2fe62f476dd81129471e6d7f4d82bae2,7595c993c32cd8645b193462950b9cbfec4e2155
0b7ce048c5bbca8dba46bbc8bcffbbce6553effa,9e16ac94c91f8153cfa57ffef0baa35f988dde0d
9e16ac94c91f8153cfa57ffef0baa35f988dde0d,5db629ba016e14bfa0cc328796c76ce7b4c5ff01
5db629ba016e14bfa0cc328796c76ce7b4c5ff01,94a16fc6b549c238a401f70e75079fcd5f823b51
94a16fc6b549c238a401f70e75079fcd5f823b51,21161af3713dbefcadecca2ef5d5b50b973ee4d2
7537cb507b9c46b56cd869757cbe1c1c4d88ce84,d39328c8fa5d52684a5b6b714aa30f67de969c37
6a9e4581f650d199524e0a13982ea78998f1e385,a820d1fc918b53fb7a47085cce06799500745e23
6a68aba6206e6a27753b03143869402042957ffd,fafdd071e8be8c13f267d607f044652a29b2389f
b79e4ecd2c0b59f951f6381911317b32137cb611,4133c1639f2b450a4141b9caa2b49a1dc044acd7
c5ddc5cba33ca6adeb3e219a2573c5ad9399109e,45c4f993deb278b9a332129bbfc3e2936aa8a2cf
06dc004da10f710bf62401ed61171b97420915a7,de2099da1fc2d6df9c36f36d16b681d32bb46a60
d036392655978aeed9cc2dae68f44f31c09ab7d5,939fecd706d7e95322a656934e8a113d546ffabb
60148ef53005052286b666c494c260792c78b1e5,63050cd18f8c3ca2630428573e2f75a94f4d6bcc
63050cd18f8c3ca2630428573e2f75a94f4d6bcc,4845aeae684d1aed96dc8dd1de77bd3ca8656fc8
ac67429d83605046dacf111a84bab81aa2bc73cc,e3617a2bc8dd1562379c4e3dcf361a130f5fb34f
49ab8be8e524a8464fd3d523b73bb0af98c083e5,6e974efa2fc521090e200ee34a0cff3868e0f737
9b46d98c5e6fc8a481d3e8c3fd3078fbe74c3e4a,754d1466f8c410dc8a37e309508fab4a80b29504
3a2e0d0b328b1dc37997599c53e4f8efe3d3190a,61edcde194b9e4f3e6a70a1a72702c45d60998c7
9b46d98c5e6fc8a481d3e8c3fd3078fbe74c3e4a,dde281f01fed76caeffc435d3b5004c7e618ab30
78bcccf9296b7692a85be6bd3206fc53548b803a,fcf9e4627b09e28c119bf755e1a96be593e5286a
b1922d481aab46848a90ae4c49a1ff19867c879f,2a36e44b7095f2e8409e2ddf3c81ab474efbf23c
254d7c6dbebb5d436d9a095327ea92d58ce129e6,7c8a6f74184a2af741a1786636ad5335e4061eb2
0b2c74a7f375139666c42ac32be63fb4bc2c6707,f237c9de659fb8e89866689c25c4803e2f6055f3
f237c9de659fb8e89866689c25c4803e2f6055f3,b620d4ef83898779f3599825a2c7553f600ecd11
b620d4ef83898779f3599825a2c7553f600ecd11,d5a4f4681e85f3bf5e5b9b5806862b436520624f
0acd8b2b577799f40132b7041cce324ac6f09161,f99cd22facb6ce2050fe1e39647aab029d3fcb50
9f6705a047e3463d61d6d93bac2cb98d4a139ed4,1e60f9a180b9cdf1b7dcfc64aedbea7dce31b7eb
d416139db0b429f86221c5045742c7c446ab9e64,396fb8567b1f05342cb5ecfe34148f46366f92dd
fb8a37cbced17d6a44c0f3f2acc665a6dd1c5b0b,253abfffe419096f082fbcf0581a19c917b25454
253abfffe419096f082fbcf0581a19c917b25454,65f4c35253e62bc2df37d6ec2609d81b150cb53a
2fa94a1d7dacaf763df2b4cac060418d54f10eab,b70404c974cceb9502ce38ca6e6f95ceac72a6aa
aeb1a7e395af7089b70b74ed1b38eabe5c699017,818d49cfac3ee14a4da31140b7044ffbb5cd37d7
eb4b4b4d4c65f1405ae68ec2698f595af99a4a5b,b0af9cdb01a7f8d20ae55879f1b35efe74d016ed
7dda13edd7a160a9047321522f93cb8b1e66aea8,56ee40066625ae608a0371e4c68b5bc17229a468
56ee40066625ae608a0371e4c68b5bc17229a468,45aff31e38d2bb9fb5c05b719168dcece2372d81
c458a5c4fbdcc34b17090f30a01dcb13d17790d5,510a2cfaf5e2b56c6637dd61a04f63144a038137
629ae010a9917f7481e5e14bfc5a6c18339576a8,d6b22b3e8932dd588bf5110d5e5b084d246681a4
d6b22b3e8932dd588bf5110d5e5b084d246681a4,aaa410694577162967f2cbcd3ec2fd8f232aa95c
bae84e2cc74869cc0072eae3293332e009c1fedf,c63579032425cb906510d7e7a46be46d97334c9d
69f18d739857983b90eebe4d292d93bb7f3a1b2b,bdee4eb1a263da680cb4286e6d992a7b815e9346
8c099ec75d57857ce242130dbd6b11a7f83e37dc,a78ce53c4f634736c4e7f21f829c71c627075cfb
a36ad3f9b413979da9416e1dec164bf787c7c0bf,5784fae3602227ba549b104e5803237180e611a1
07968a65626981e6f7b0c7c562a4b28a14c25c4f,73050523d4ded9c786a1d592022ba273a67e089a
d5fdcbcb11e0e2597c3651733293504e776011a9,154b9d632fbbfaba501496790f83abc97fe9c8cf
c915880cacb14acee2511f838603044cbbf29417,d1e3e3ffac465f5b9eea45c7e82209221bb45c7d
5886e22bac89bd896102ec016bb4722bbb2f0984,2434ba8cb51344ad1c1d684e27890067117ab5f9
351217da0b4150f47c5cadf61b8fb220f9dd94ed,143e96605e622c3515915fe2f7516dae38d1fb97
754dbe953f5721725a15d6581527a8e75bd7081a,5374a0c05189e4e29b2fea46d218644e3db332ea
fc00af16c15e9e89f1c71014d1adbb22d998c7f0,b9bab04fbdd8f0297310f7d78a728c723d214b40
4f3944a45638d12a6cf6d8871e1b24f05d5bc9e4,eb242a71d2ce541efd1aef23f114e5e451d61434
91ff9d2bb7c6cd5281e20dadd83a12cac160ccd9,f01bd9968cc17a25ef561b054bddb6622f7fcbd9
f95051d5f266d88974fb8e3d4305f1c06d912039,f7dde8ed6906c14a4f420d68694f9b51decf8375
f95051d5f266d88974fb8e3d4305f1c06d912039,a73e4decb7d5d28a2f52eac1630012f99adfb441
fa9b274393097c9a76b0bb700ed0cc3f1aaefe7e,cee48e6e60dcdf11725fca355a8de1682da1fce1
777428bde892271b3396c7620ee2720e916f634b,6280665a156c2a7ce588f9318ec56debfab43f18
6280665a156c2a7ce588f9318ec56debfab43f18,48dfb827037d5f675ca451af4e35f8b8def123e7
0e5b65d9f71d2914084739a56d9eef52ae74a5f7,eafa1297506e204ff0d97df90afc2ae73339ddae
f09e5d77db8870e8049089cbbebedc0537923396,52eccef5001dd61e46e68aeb7974c99c50f2f763
e72bc000a6762cdc20cebd88c9219bbdf0188cf4,dadaee96d1ebbb2bdfbf7ce3858a6a2701afd24c
e8f9a189e1adbfa32b92390e0c40db23bc091195,afd4c84e8ee49cefb3cebe544fe1f97096696a51
31f3b0020d1f2db460ba4dbd9fe4481a09b481f5,6780f41e5f494f38dd56a5e73c2c7ec2ea86410c
f74b24a22cb160e4813d4e74a18e7f6d2b2b13e6,b7673fac548eea10ef8a2e47902f820f6289f476
b627605316638ed3703bf2af6fd323a618878e8d,b984b37efcdeb2c543fedd1f2a7231b7ce0e824c
b984b37efcdeb2c543fedd1f2a7231b7ce0e824c,7535eb56f25229d457c6c232bdb36bc6c8b81a91
be4d7045706cbc2d21b780385634dce4b1bbc5a3,56541ff6be1a594e5a790f7b6e85e17254bc3c1e
56541ff6be1a594e5a790f7b6e85e17254bc3c1e,aa4c094aaef55c96e280f18bcac5085544f42e61
aa4c094aaef55c96e280f18bcac5085544f42e61,fee97d0283564863d2f150084822f26e6628524d
8efa20f216d0ad914ae8f2cb1d07928c868e293b,660e717f30966ab6878aa41601b595662926a60f
660e717f30966ab6878aa41601b595662926a60f,3de89102eaf85a8efcd0df134117759da0207ef1
3de89102eaf85a8efcd0df134117759da0207ef1,a5ddb3446b96c035abf182743cc5a86c26513ca3
8ac16a70ad83e7766164cdf148bcc25586146e20,f4db22121ace828025e7900f3d40d2bff482ec6d
7cd17101fadef61b7010143e5312051ecf972a15,8e4a73e395103c1b82fdc677429decc6a73d5549
354cc047ee9220d84456cf362611636a77321fe3,3f21a3388944133662965c9a07e5453b5b04fed3
e6a1a9afa6f1794ddc6e8f28507b8fcc2d30805a,10b542d888d0cf218c0ae9c6ff4c8ffe5c09cfaa
08765615233b747566c2755faae24141641e0c41,28fa5d1c2f3950cc8aeef6e4a6175b7340d6e104
28fa5d1c2f3950cc8aeef6e4a6175b7340d6e104,d71dae2d3ec39d987cdc68f8943df50c99a7c0b6
8bb5a298381a181b67cbf45daae1c52dcf35ad95,62f23c5f4b243c492e0c13bcf2270a62c4c74312
62f23c5f4b243c492e0c13bcf2270a62c4c74312,92f1bd799afeef4cd217e2395dbafc949edc62eb
272f2bc79c1f202733499c58842614f09a6eaffa,16c6061f168c8c92300d801e38acb6d386de58b9
fe9fd3eb8807f4936cbf03c1a8e9b2661c433ddc,e0cb934eb39f338a83f80a0fe6d8ce197541cdec
fe9fd3eb8807f4936cbf03c1a8e9b2661c433ddc,7d5fca7a9a5a9d20219338b7049d4f865484d5db
b95126cbd7df1c2d9c78da91b0e2fb9f8da28fa6,1e9cfec763d4538224d4a56aeaade068df53a269
ace27fc0c4590ac7a1cd2fe3c20aee4aa7b45848,47ab229dbd18a8ee2af1eaa8adcfa56beef7b8a0
acfa5702efd2b54537a76e0967a27010298aa65a,14a9ef60830c54c806664b374253c75b59491c1e
14a9ef60830c54c806664b374253c75b59491c1e,f985c8cee10f6544b0568e23295e0b5376265185
ad536857e88ca606ff5f5368ab8170a0405597b1,6ee79aaa82cf5ee57bf9f45b409238ee12acc802
212cb4eaba2641dc3382b7b4effe4b63b995cb52,1df456b71b2c911f8331a0f47b7ed4047eaa6ca7
c4c0faf164ed208b3494709edad66b9a134bb9bc,1c4a4f11ed879c8687e11b081531fea24f2aef1e
19be95a804061caa0c8f8bb93cccf3d3cb2f8c4c,2a8a187f6a0572631844ca7a35ea0770403549d8
9f1823d308cf820d48e3245f392027fc100368d8,b99bafe70032d7ee06172e68e1382e6235eebe7d
a284e1d2bbdb5c357d145bc23d79b149ae9b9fa1,5ffc2102673997f5ead8f5e9ded8e12a24412e37
8b2b58da84f08f3d18678dedaa647a7614a3ee17,85d5b5adac9ccbb906532801075f77e325bce24f
05b9ef226cc3134f92108134fc9f9e72127f3a65,21286dc1582b9914db0b66c4a614d3062df46f3f
21286dc1582b9914db0b66c4a614d3062df46f3f,bfe2ede4d9e10e4f5673481332c71538d353af41
43e68de542aae2a97a96969aa05916ea05a6977a,960d9a12fe982a10e9e7ac18bd7c82df7dd4b51c
5e24f5e1f03b306976627e331b2e40f636b1f7bf,76883127d3d11a5cc3841b14355df25072a8c3c0
19867b71f8f9f7f3cd089f786d04ee0ae1a1b415,7875fec7981214e65a41cc5fcc8c5ad1e6a7bf17
fdc704aa999ac897972feb639efd76d6e3eacfbe,ed568472fb7cacd1726cb713c1016201b293b25f
0cd0ff5ab4a32ddd0e3738a8408d1ad79881b3a8,00a527999f7ab0f06a48199f9302753800405093
70ad44ddbe5bdc08c2db8d7c75df428849fcbfc6,fc635e2b585a66d585af542dd32ebb3d09c3f9c6
9a78b1355ab0298b82f1658d7d594ea162b2c27b,0ab29c8eee41757ccbd50bd0c43e870abdac1e46
0ab29c8eee41757ccbd50bd0c43e870abdac1e46,e1e03d2774d71e2382ff6fa6c87b61146551b5c9
cb1b98e86ad5d5ebf4ce73ba364e4a1d48fd7dd4,34da9f1a9f5b0531d869c6cb82132655d9228847
7ac65bc71791846973223c1eec4fe3484c2b6dc9,07d1e79922c7bb7eaf077dca4736c345cd312deb
061f688addcebd8a63d07f4e39c8e89cfe3be96f,74ef4ae803cbf784c1b64995db64d0879bf71ea0
07d1e79922c7bb7eaf077dca4736c345cd312deb,d98730b0737336a318cdcbcae584f3d3ed96b6e3
d98730b0737336a318cdcbcae584f3d3ed96b6e3,0bf75ab705bf0a8f330f28b3e4ae622f332a9cbb
d3e575385d52741794096c9d2af237a7c9403e81,03dfd08e6b30d2c40d305dbb06e8de3902ff4d30
03dfd08e6b30d2c40d305dbb06e8de3902ff4d30,9166dbc87ad0c0a0cc9ac685d57ec925586266c6
9166dbc87ad0c0a0cc9ac685d57ec925586266c6,d9b090b42ffdae3476e539a590300e1750ffc98d
35af6468a765c3e1aa42dd5b608a1f110dc9526d,b077565215cd08ef3a74ddcd2333ad77635ef1bb
ed1bb2d4dffda8209a6159a6a75e35fd70afd045,6d68627569ffe2179c524297baa3de41429e12f5
6d68627569ffe2179c524297baa3de41429e12f5,73c991ddfbade4991fd46c814e85ef7c9c856cbd
d52e2784e4b98875533ea98c99c221ce6f72b034,284abc9dcde8a25f88a60bec1112a11830c8f5e9
284abc9dcde8a25f88a60bec1112a11830c8f5e9,f37fa50741ec4e7556af74fe044c49d4581c33a3
f37fa50741ec4e7556af74fe044c49d4581c33a3,ead9b2c3a7a923949a5c313aa1695c4c735690e9
ead9b2c3a7a923949a5c313aa1695c4c735690e9,5a0a7564a53b11f75b27ddc3591144e58a041ce7
a5b09960c1e9d0378805c3438a6cf019b20d79f7,d2a551c0bf1ddba80339905d71886bedc33ced8e
4fd85bb3884820c0229513dd8f0bb7920d15e313,e7c864faa3ec30e6fa75f3210b483b85db516034
e7c864faa3ec30e6fa75f3210b483b85db516034,0321e41ee77574488cbebe002527efb0d06c2aea
0321e41ee77574488cbebe002527efb0d06c2aea,2e7bdff00b6974664401f7ae77690b0b19399a91
2e7bdff00b6974664401f7ae77690b0b19399a91,46161faed248be6cf5b11a49612581c7bcf51ffa
46161faed248be6cf5b11a49612581c7bcf51ffa,8790c35992e071a7b48043648d16b52177880c96
66428c9bbab6bd2191b2f0049c9b71fdcbb9f119,88b5f48a4bcbeec310eed92a732a6e0dd072d073
2aeddf1bb156da5a2c575ce5e47a2aef9aa37336,3fc210c4ae48bcaea54a30c2e9fbe56ee68f0d77
b219fc0bc9b3387b6e2977fafacb3905ab54a7f6,25c5413f51712d2c4501ac7bb11a2d1652c699b5
d740778a56dcb85e3d252ca6af1bc1bd582a00d3,de650d6a6abce548373fdb193be5b48c761c0a2d
a4f8a7905c84e9e1e8b0a707479d07bc2950d7bd,8ca9eb04322248c777fb1d211cc3dd1818d74e3d
a6a4f335ae5a218249b1ddb1b52573340d46a134,da36bcc6a5645bd5ac5996a38024a181e2655ee9
5badfe81aafc15b5e89d5ad550d3f58455c61acc,5d5a26fd05e09cea13d31023e3a66d865845f5a3
03b6d58ab4e0778f99412f532e343bffc87e30c8,3da5f69116e912d3f2992ea89a5581dbf3c93a8e
720f0ebe68b6dfc1a2cdb3d4998efb93914b74d7,a30408277c92492fdbbfe9e5987eb19cc3f3e878
283380a5642076c114682068de4e20f378ebc09d,172b49e7e1cda849d65c5626df85b58ed50dad70
d61b8c14a49ebafefceef2057544f3999301975c,3a0e15f17a4632bfff3376490ad80a817f967ebf
d7dd8d92fe03a814748fdfc4c08348c58cca6834,416d3e8610cb2a7877371ceb7d9e30bb9a7f0bcf
d6d5d9f29cdae5f83bfe81fc1d84617b3e3d39e1,86c5df5a3b82a57e9aa47715d7b88170fc0e7b94
79ac9c5b9c5e8c973f39c2eee4fe5716b7ac70c8,c84ee28d965e37af284f377065d63603b8703db1
de39f3fdefea397f4c87b4669d76ee9b28615523,7c18731c29f01a1724b1298706cec333368c7556
7da5dd32009656c7596823c7281f8e6ccd303e28,2697fe0331387ba3649f2f10cca11175ce14d590
f2f046fc88287754b430a00cd93f3c071da94dc5,f9b791f70b26262eaab3a4d1888ec4e71e7ecdad
32fabb387d5ff4224e6299b2cba8aedb17476f2b,b5b34750f5abec2a50c394ceb501be55651c469f
b5b34750f5abec2a50c394ceb501be55651c469f,0657b87e69b8e4bb289a316f2fff1c0699b673b8
0657b87e69b8e4bb289a316f2fff1c0699b673b8,9c586f5a3cfb93c562751df56f3322a95e4c516a
9c586f5a3cfb93c562751df56f3322a95e4c516a,117adaea7ff8a81735de34d688dee73722486519
bd7fa76eb5bf78c39050807d2a8422275958ab64,ddbf6fed53e3e7d9b1d6b22ee4efb44ae4ec9931
ddbf6fed53e3e7d9b1d6b22ee4efb44ae4ec9931,739aa3d8fadb737949b0942de03a1d2098d4c68a
cf0cad09efc65d6acf6504cf3baae243df72531f,53a55a84faf799c2111b17ec67ef646f03a58eeb
4ecde2b59ef83b9effe07a38b435cfdc9a2bfb40,3480d53c7cb62df20f185230893db82e247ba061
3480d53c7cb62df20f185230893db82e247ba061,56d897e9e46579e6ae786758cc8b79d58476e33b
56d897e9e46579e6ae786758cc8b79d58476e33b,8705c5e286c9300b062a700a19269477451db74e
0ad13093f272e30fd709a1ffb55a068ed268be09,b1105f54cb6bab0cb9d9eff8cd9530107a450f07
6ad837810f2ba03b491b5a0fea692d0b10b1eb55,9205911d8dae909be2c97f50eca84ecd90066b98
da522de60ac2fecbaaa415850c006c2cae42cc8d,cf0de51d2ef85900a842efeeca06f20b14935fa4
42ac8c04642da64c1601dc9856e8745af022df58,699631ce098e296f3d426cb99e7c9c7d4c9ebc01
c2a1eee72bc2be38d648252f95c68614ef19ea03,e5725727391c0e3562d981036166bf903174a6fa
496d6ca40e4848c5505a154004c4a9340f6685e2,8518bbf63edcded7aa7e2c400198415eb679d8fc
e2eac21f76f49b5fc5aca9900ae69066dd5afe82,a8935079f8e9828a6cdffb6416ff53d9d2461ee0
05c83b828278a450248c85d3aa466dfdba7ddf66,15fb15951fc8af9a05fe129f44eb9a7c6d2e8ea7
ff503a14383c64de94f6d1d747afbeabb8239864,f0e7111681cf85430911564517e49a5fe2321f8d
f0e7111681cf85430911564517e49a5fe2321f8d,10e1726160f510b35d012744e2846513e98977d8
635de7f2561357bbe0539b7da59173ef5c876962,3f3736b82b3c64f3c55893903bfe19d39e572ec2
4516ceae5de96076200296fab9fd53336439b677,0eeca4146e324cb607079171d19597b4d95c7079
6dc35c7ae590733e6d6a98d357bc8d28f7fbfa29,693dd992839a26428e6675ea8838a9ff2436ca3a
693dd992839a26428e6675ea8838a9ff2436ca3a,e90eb4d00b40c861b384ba10681087cfb041335a
03d798f56238add2b9ee9723b606009bb7629257,7521d93cca1f4b71604bb368d5acade1b785d8e8
7521d93cca1f4b71604bb368d5acade1b785d8e8,668d8d7361bd77c194a97f5b3b9805f476451629
2e44fe3b63378b488af88bd92254c58708cb9ac2,4f3b142d5add92443342ba0dd94163c389d173f4
4f3b142d5add92443342ba0dd94163c389d173f4,4d94d6d0557324931409387d21faf29b96be34a3
4d94d6d0557324931409387d21faf29b96be34a3,3f9a4ff20c4ba4e3e52e2cd00ab1047f2362939c
ff99e5a46ea3ea74b0cffdba0029067ddb9fe736,1403365d1e8983de16c64b337a1ec71f6148ca1c
5d28c0ea55fc7db12c536d0789c6707e8cd51c41,24b7cd9f98823a65a202731f82e4c200606d05e0
a83b7eed8dfcb173f8e177f69975b4c7d0146362,8f9a8f31bb45a9e06fa8ae740311bdc4560f8100
a83b7eed8dfcb173f8e177f69975b4c7d0146362,c1d9fdc04ac26bc58f45b326e90fcbdd0ada2d2d
d9c6299551b73f8e36ea85e79269c909cb2eef22,c74fc820bc56eab3a03172906d63e200d8d32b79
c74fc820bc56eab3a03172906d63e200d8d32b79,25d7abc7d487256a3fa0944851d6ba39e291cb94
771daf3f891f901607fe5527a5a813b03d2a72b8,6b65bb31c540e78ef177fc5b77f15cfd388ec2da
a8c2b040db05a5b82016427dafe5aeb11abffd6c,4b0ec21429265651c02b264159f7789614cb3305
9c258f7c67c778898f2c442b24a4338b9601696a,347dd0c8d8e5a85edf4ed32d2d960def8f930b8c
6a26e5da7b04ed7fee84711abb96823b7019c881,3fb3fd51363bb1e952448b9ad143c05f22461baf
86633bf29a6e132710a3307cb5180653c28eab8f,cd855882d5c4510ecef75c16962c6e34dd550934
cd855882d5c4510ecef75c16962c6e34dd550934,73613a9b033fc7a543a30b6666a2ee44fb27fea9
ff92794973deb396f8b6bf1217a56ff7e90d5df6,c004d7ffa2484bf9f8cade08e42c3a6a71aa038f
ff92794973deb396f8b6bf1217a56ff7e90d5df6,b4a8f6d5be8fc08559ff1c1daa2332a297a5fcfb
e6d4cb9eaac126ad82a81a5a2b8b15d142e92765,472fcfc5d6730727b80d2ee6b790722354f29892
88ddf6790aa56603183d8d238805d3954c85baae,327614fd452b32a70499b069604a70a8f121a447
67601af4002346b40027a409608e3a4c998c9376,922fb57a81194a77b2df564f4f4e822ca082505d
7b4fa3e09b61d7b6fb42dad9d55ade9cac1b3a86,ea73483a0c4af728f4a41b2238c8828e2b5baf8a
5ada03fa4a3873887fc94bafff38b244e6791597,cc92bdb85497a88c796856f1c8e589e1ae1a6815
98932be51160a2c079b48be7bbed2afd67ef1261,1620d07cfd3032faef49b8b2edfaa7d3996c7aaa
c3d26153c6c62485635754f046426907ebc378cf,dab91cda876f947e6f90faacb2eca9960f883f21
657aedcfcbc815f5ce458e99a3c82adf2f129428,938653ac0863bfcae95bb8b5c3766bfe1920bc5f
1bbc5bab581487241192de7aab0a5c67d79490f5,c001202b92a7170d0e5a898eb25e8fba9b395ca8
ffa8603918959e88ebd804eb0d735b9f72b05a4e,3ebeeccfdd0bb093bd9998fea9e02b80cbdfa16e
7a54f4f99fb750fdfc713b2ebf6f604842f0d3c1,5ad5d0c3742a631f86eb57ede66e1ad3317073ca
5ad5d0c3742a631f86eb57ede66e1ad3317073ca,3392dbee979ee557ce006e21a3173e1a72f2ce7c
94d1cdc4c11d4e3833c69429b218ff983c4ad542,6ccd6f428020c6a7708be846b40d4962193448c9
fc729d63f201b89c5691e5031c64c17f58d618c6,9b3bbb5158eb44823e9e788f71b4c7297611c9be
1ee44df31a0d21d3079fafe74d66072db6d0eec4,f2cdae0a5bbdb6f760cd00b8fa23966ac9e8b51e
8ceef7d20885c88ed97971781c76754b1fd8afad,121326697739b74ced8e89523a8d644b8e245276
c1848ff0259f0f36bcd7ad415fbb92d520289aee,bf993c25503f46c664daf03ff536e4c5ecb1338c
