679887f6913072ce3280bdf5862d5dabc5c039f8,8011fb2879659008528e8b6ba5c04ac3de1e63a0
a708504d5b6ad2a00311f163b3ce29bf5c27f51f,6253acf335da6f462376e09adbeb89cbd58f90e9
32e85e9a230cd202d6f7cf790164f36c6210396f,3eaf35f1e2473187882dc746547886b859870b2b
802fcc99ee2150989e5a1e860b6aad490691d72f,307f45f88f09872e5e9f5c1e7f2bae4361a3096d
307f45f88f09872e5e9f5c1e7f2bae4361a3096d,9bd5b3dda2ca606614892cb178feeab8efe9a1f9
9bd5b3dda2ca606614892cb178feeab8efe9a1f9,751f9843b482f276bbe6975eaa52be86059833e6
250c0d6691f8fce9568fa13df0dc256181403cfe,36dfd065037678bf38b7adb95ab16ed951ebbd18
0d3a157525e206cda0702275bd110d9d593412a7,c9a206ca890c3f39c5f0dffce9862cf439b9d5a1
fb0d2ec3d60cf29d2c8aff09a3adbf50ba7f938f,e2d6faa8a95b05e11369f7ae646fa8216b2b883a
5025b4ea9614f87b8e3f8d01c90066fdde664df3,4ba153949de4fb6c4cfeda3d6400bf2bd6a33a73
a875246a4ba6c2862380581fe252ad52f504af6f,3877af6619f690e64fa750f83e12c7a744336a25
6e13c2ccc71e7629f451f89339870013fad7dc30,552e60a12691d434ea86a7c6bf5bc4a270651ba8
0dab41ee139a9186cfb82707981acd56b60bf095,8dd68a655104db2d642e65f48738b92bf133e709
b3d2ac5161b44d2f09c211048056248be224100a,5073090a20fa59fae45b4d90bfb41635bc181911
8cf3bcd3f3120041d070b0fc8acb4029e1dd1b4b,651de2dd2fea9c79caae96d039f2570518735bdc
0484b1554d31db9fd284dcf0234d761bb5ebe4fd,8f7b2801061bb36a9b16b4a82193af700574182d
9671985885ed8106bf88c1c6250ed3a9b010a094,2ddaf3db043ea8526ae3f9ab2ef120b194b2e506
2ddaf3db043ea8526ae3f9ab2ef120b194b2e506,7e6a1f248866df8b581f372f3e57355ca4ab4b1c
583d40f5cf5bc22799eadb99b9900e4cff17b4a9,e40d929e804137566c0e04f87f9d5c62a7966a4a
f5b23361bd3691b5480bee648a3afdb43060dd92,339d034d6a5a57d296607795a4706203f81d7059
339d034d6a5a57d296607795a4706203f81d7059,9c405a3cd12588ba27cdd8f79c8a101831bd6ad3
1daa3ca07634168945fc35ff44c413c6c94b795d,fd6702b86951c96192336e4e77fca7d98e1425f3
4515a52d3faf91dfc89e5f399dda2d83777a305f,04152c21b5726f9bf05ec4820f95b9ebe2423c64
72e5d89e957e0741ba1408dc4eccd1f08f28da78,d75908c645e0d13827b60c4c94491e0c41859ad4
d75908c645e0d13827b60c4c94491e0c41859ad4,e394889864c33b69ea23264df67f77a3b21d90f2
5078b58de9465ad9cf4da5422387822c29f6a0b5,e9bcaaa576eb3bb29a71252f64c6cbde03d230d5
448d15922367da05a0f95f1729773af7d139b582,88876b990178006ee52a4ed2324d6bdf8a78cb9f
20b595bc9ee271e638cef3d6c7f5e7d1d9864835,7d61e9ea56fffea2b6c49bce4f4b21af1cef28ab
74bf9ef46a4cbef92ba15c9db74788c9dac84c1f,74292a10f52c152c321d06d5ca2048d0abee1610
06a0dae67f7497075e6da1b0e51d4fcab2c679c6,391f301dd88906c3c8320096cf412b468918df6f
40da709792d0e5907207ce1346020c72d8ec34be,e6bf3fe7f81ff7651b3e8be3d530be725090ed2c
a83f9eb4e4a2f2d9b17312b67a773f2dda987520,270754deffc4e8bd54ba1e2962e2332ee4980df5
ada2f5c767f11b60e246fa1a5130fa67d64f6a78,ab76834100d75e5330f585b9619332e2e0c8a43e
63c7dd109c500de3492b5d072e831a277ab29ac2,3f36298716e87131e622d82d8e15e4f896357a96
1c05b9bd07191512b33dabc50c0b617d58c4be7d,08d91b456be1759a1c61602c590766d39b61105a
d645574839c5791a131d24d90df2b86d2643d9d5,19de05c72fdb3f2825f2f2b7074f5d5d1010c536
5c588a6f8ddc7bc5f13b79e90138c6d88c68b0e0,4401eacaace73583bfeb591f079e1fb2fb68bab2
b8a9dd75eb8c8be7990d3053536de59716c3c585,e3c996de102b876aaedfc77517898e42094242da
9f8e4507ad0cb3dbedb726dda4c46affb1eb7ad3,31470262110ab8e9a388d738461b08a4f489d430
1285297b23e445c10dfac481b02447d4cc2cf6f6,e4a0edc7af05443448082a771e5cb981fa6544ed
b69f5588f4c05d184a5d1e983ffa7898affa0e4d,193b44a0fa86355941e4f188f1492a713d05bdf6
01dc981a0923ccd5eb3267a737360dc2f1906602,9cbb13ef041cb16c668f6644d132fcd738488798
c35054fd11424acc7657d95e87ac46658dec1eb5,bb6a660b21d94dc4818bdbff7379b3c9cf30c232
e31834a6cd07b5113a501a74499ee7709f87b6ad,50fa04ba0cb739eb0eafec2286cb08d9caae1b16
70c8481fd893fe2e9fa16f7167073b0c6f417e55,860af81fef3042134b2b71a6b71b4240c75b1886
0f4c31c9c74cc390912700c6bcd2099b5e62d1b7,713b91495b4d9ff062afdede19add92a4aa8933d
a6f2061ff7b64fdd360fbfa97221bf8ef93f1777,09ab4aea01aaf95a2a830ad48271aa6bd11eef84
f66a592e37d9426edcd21a7db046043efa84536e,ae7b4a1755655b0bf87614ff6eb75531e6c454b0
6628bc0e9b49b7ab7158e56c20e28111b6afa8f7,71d9dfa86ee78907b73feb161b304394445f3bbb
fca7ec896a9b2813ec7cbfefe9251d70d106f61d,7f0fa18c570942238a7de73ed99945c3710408b4
cc769067124aae2e5366b9eae1439a7ff5bb7343,34694251dd48d5e5d8ee30f0f3a52f7a1893020e
e570e8ad3230ed5ce24191cde9bbbc6d2a54b630,75365f1d4e92c552f8ec69b97c0534adbd51f1d6
c102ca66c36ed33b4bd48370e9f8bf45736f1b46,11a4882128c4365c293e48a0ae20f431b2f98c1d
198f5a99bc4a1a2555c2fb08aa8619f54200bf6a,8f5787008de288c2cec6e5d3763854703d02f298
553d3279c6b4fde84c7dd82a1c8dec1a8a465fe6,78edb2889ed4140b6e5c4662b4907f1bd3e89417
78edb2889ed4140b6e5c4662b4907f1bd3e89417,90557921e39cd04caaa255a5923e1d644a14ca25
5a8582549311ff2863c6a1ff8e1ae66475905ff6,be3d0d872fabc04c40931f62603b7e40b83fe064
aea416f6549d6cb0176bfcb6113ea6b61584e570,f5a88ade54cc34ae216959a84a658986324ea69c
d3166d7072a77ad9c3148a4755de4e76a5887e2c,22cf94f9308ce683c14e6c4e52ec10c5d22fa8d2
32fb89df7e5edf7fe8803d6c75f0b6d6c6cdb89c,98fb9d2d93c58e39613a5b9126f06511b9e7f839
025eb16c7a07b5ed3286a17c7a53bb00020b657c,f71298f6614078454532f82aeafbe5d06d3a7cdb
d3ca6af9824d4715f4312724e32a26c270696db8,fab9bfd878952baf98c5e3098db5f975399e0479
496a4ced2560686bf5dc6769c90406ea66fea4e5,1e307230038ba0e92dfe06ecfef4e22d135370d4
c02b2d30f2535a254020184912a94c6ed19b5026,76895457c9f5956ec97ccadc3e0d7e894db17094
dd6f2f565e8183b69ff3abf5d965d0d1575b2e5e,0962b0fc8346fd948b5a6847fb4f6f0dc90da8a6
584a1a3ecee8c48721167a5d4e25d8726167162b,06a53cb7df4a9551bf1d087bb221089d596b357a
0f9f902b6eb32bab609922cdcc78649d78c7b7c0,c438a397a01659912060e2e4606cb9262f40d29d
c438a397a01659912060e2e4606cb9262f40d29d,a12d91aef6c48765b1783f0741f55202343d7a9b
c21f277248685277fe2b30bd9595dc5c2f065b91,459a254aea3a9a5a6ac9f069ba446d93ce307a5c
e33090f2827558962984e0fa6cd16e653307f412,0dbe17bbd48b97d41754b9618c302ab3c4aa1421
099c6c8b240400b928d6b349e023e5e8414611e6,6f27c32db1d0c1bb478b645a83b2f8b420be58a3
2e31b1ca4158259c0de5ec5d6804218ee499f156,a02223a97fe0c710448fb6028e6c9b4548349ee9
18631b99ef9e03713e6450145f86461c05851877,3380694fa89f76c010f1f08d73bf4fe7eb70894b
3380694fa89f76c010f1f08d73bf4fe7eb70894b,f88105a9529b47b91bb29dbe0e766e63b6911204
