36ba1047bc7bd8e68a40f298e7f9c6746ee3e889,7d232831a15e0860f7b78817add3308f600d7bcd
fe6fd909fde37ac4c87a92f99aaae935a0a71da1,4aedc3fdf27a8d447abd8b4c86a98dea0cf011b4
faec81464e4cfdb8c97c6082e42f263de49b4016,3ddfe58da5f8a2a80863639e1093b3200a32e7b6
653a155bf3b8fda5476a1d390f38f19571a0d26c,7725a8d9a8a7bfb248ad538eae3dcd2f193476c7
7725a8d9a8a7bfb248ad538eae3dcd2f193476c7,9377f7838d5f33a1c75a2ba4f4384dbc8c029fb8
3d400d8806bfb11223fd818207701a91afe1d1fa,6c7af8a8f3070712a7242c38a7c74018e75c65f3
4d5e6b1d69be6445949d8bece87d06cb74443ab7,0c89f4d4d7bdaf9a802fc72a44bd92cc8ddb6d9d
f03ee7bbe8be5ef8fc6788c59577ea8d2bd22621,0ff0bf7bd30ef3148c652e49f4f7dc467d86ae47
c9e40b2fe7f00653b1ac9dc46d1d6cfa12668ce1,6be7a2eb257b426a16dc1861d9e0c3af43560486
676a3c82e8207a2a35e08bc7b87df54626733da2,91878a45fe40fb2ea70ff9bbf3e9a9ef4ee6df56
2c4204e31a6185bc3f589afbb3f731e0c9ec5eb9,0410ad1dd2c0ad58e2cc767977286ce067e3306a
64cc30e7f37b0e53d286d0921de4429b94740789,c30af3dbaacfd8a9125a520ebf47d4b6afa1a8b9
ec53326509f8b3b8e1e6c2490cdcda70c14e2602,0814d1abac897a9afe3a5d26f71c139af412ed3b
c0a33e811c27ab5449ab287e0c78671b53666465,eb80a2e61b7fabe9d1266be2926fc81c6d8cb268
9f243e66fc5b6a337273d965b431644d846a9cc7,1ccf27aeb53f6b8eb68f0f7fcbe171d1b15f3a4f
5dde693f295bdd27fe136790816cba3b88031108,8c9ded8ebb80dd3259dd722ccb44db31ceca3c85
597a792b053b1435971a33c2d582879095118b8e,900eef655c18349dffbaf01d5579504ff868df23
900eef655c18349dffbaf01d5579504ff868df23,73f7e0cca7a291b1b331d453563e26db82d807cf
b528bc595f186978d9189c33116bdeb331ef4c57,dc93e7ce4d06c8eb39700f553e0fa6b565859403
df057152b4f30a7fd6e269f96d2a7fae5b7b25df,e05c257befd5afc6de532dee340a06a7fb8313a9
d7adbfb45d46fafa6bd0bbb9f0cebe5894489437,c8c9e3a1c9eaeb6d0fe64786817a78a489329405
53f747746912479be92f5ebe79a1a3453b1c99ee,19b88d770e1cd59250cb9cd614631034bbf7c840
bdaa623cb73aff53b811df59e80721bf734727f8,8c7e4f8711b3d004fb7615b11706b58a72873991
43ab0fcf6fbd67d7777f5514532f71c026db28f3,da2d7799181c0f57b292fd464b5906004ecc311f
cfb0af9558dab2c5d51adb3e121105fcfab8fd22,6fb969886afcb57ca2c4be94adb316f86fad8562
41d7ee7fc880ec2e11d88f86f0b3302295684c9c,bd0666d469c1c719ee6a0d843de8b816318cbd8a
59e42044f2c7f9cac8b8ea97bacb7cde3358ea7d,19611b5077f0fa48ebb592d97eabbd5f33e1ad14
c854ad42d03dba13ccb4f9ecc61a58c03089ce85,ae6dc296ef8acae527e66b76eec2f3485647605b
ecad1707680747fbab11f6a07d9b187b4e8bd170,a65143c2019e6403b35ea12ec1bbf7ea73bc32e2
cfa300f1c0e5560b26c2449cf0df7b0d6e015ec4,c598cbecfd4035df99c8c9755b93710583e4cdac
