42c94a7493dd94c8936dabdfd3b1201329ec83f4,1a7dbb08312b74e0f888bc7d24e3f080b1476cdf
04380e7c1a6217828074a006f325710010a0b73c,07056db4711926c99dfa751f6c7255244b1fd2ea
13d563aae01ebfd086c514b932acc454f2d61b7b,ee42e09c0fae14f7805f90677f9cec6c4a35a38f
76a9a18c715c73218a6f0a7f2c97734c915cb712,b50c1a982e4fe5e4d047e6fdb47c290e3d706fc3
61e1688682c558ec5b74183ea581dd0999438588,3bb78b4cc27cffd08dadc5d71903d711d8be7366
b9dbec4270c230937bd00613e1155ac70f5e4e2f,4e25833edc42d9d7d6b2b016be716ffb8701d98e
2cd0f8755ffbd500229fd5e279706f648995d36b,d64fc15e9b428fb70bb7f4fc5e391733cf093c3b
d04e556f7a6265171287992c11e38679b41a6718,7e1a8c1c789d3a68c97b0b878b0f798d038631c8
7e1a8c1c789d3a68c97b0b878b0f798d038631c8,fdcc0c1720e673b69a11ccff16dc241a5ff9df06
2cd0f8755ffbd500229fd5e279706f648995d36b,97ec72d80e0065ba78c2e81ddf311ec35845b2d9
d0947b88944940128f5369319464b4b0a1e2b07e,069d022e6a6870cf55aa6e5c5eb501b413666d59
069d022e6a6870cf55aa6e5c5eb501b413666d59,3e88485b2996b8b957137fc88c5ad6b23f6f8bcd
20258aa9e92d4a3d18b946d308965f40db0f38fc,b245f74aaa7543486dee77443441c60709d01700
301c8124df2574b9aba5aed3ecc8e87883faf2e2,93b403f150f2519f76d2138593b0ca2fec73873d
