2a4955f9939044cea59bd4ceda656fb16e970cc9,753554b5a8b9ce52157287abfeca080409bb2df5
4c621d58c0ce2f111fee4745f944ea6417f1cb53,15cf0fc0e8967ac580ecdae4b63776565aab9baf
e9bccf4fabe9a894ee58d82224d8027a064a99bf,704b582d89838127991ae6402ba5659f4af9d996
f985e4962926f7c8ffe14ec06e6e976e6d8c0688,5f194f73bf9d789cb2b1eed3c48243d13f9b0a54
28c0ca7142704f9a1c7c4899fd38911d2c962890,2ed676835288d8e275f7f484481fb58696aebcdf
e3d090b3597167f7b3a4f76e4bb3c0d3e94be61a,31b25a87572ccc44bf1c7308a8b9429aec8af912
945543aeaf4784b78607350c25b36aac01dcdbfd,6f948e95b4ab90e473a5406c1abfb2c11312b0ea
e937ddc3d5f95b786ddd14b45669e67f5f2bf9d1,cb9fc8746b77793c241c6474488b8a8110b5e01f
78fae57bc3806d7ffce3a25a1702dd391629c406,00a972c7196d05d29fb059b7de79aba3808ca74c
4549d625f9bb12d1262ded0ac556b3f456875e38,0693a8f6c982eb01e6b1b41ac4e5b74f67140301
8245768f81d6458bdeca264a98e29c7f48db4127,67d95fcfa76f98c3ad91ca35a80fcf3333ca3099
12e4ef60d74526fd6e5e02bfc832e712132634c7,a24aa3dfe7234e8bf4a7050f9d4954db8b5fa54f
a24aa3dfe7234e8bf4a7050f9d4954db8b5fa54f,29c53d5a54989494f7a7a8cb5ab2379d965467a7
29c53d5a54989494f7a7a8cb5ab2379d965467a7,df2985f50e92bb8cc902d0a7fd1d349992865d02
df2985f50e92bb8cc902d0a7fd1d349992865d02,1ce4c89149d6bea8d0ccb1196df0b6037d13aa02
4c7e79f4e7990d3969491c3561feb75edecc92d6,7c1a1e9dd5bcc0fad5c65ac5cedd33f3fee252a3
7dc07267c25988a3f0ebd5c542a5b5653b786cd0,7eafe567df1601fa10f8b39aec519d3ba42d3aa1
6d2e9f4faecfe7615ee8184182c659e70abb1395,041381e40c458e17ef51d3e575c458c2c21cefeb
041381e40c458e17ef51d3e575c458c2c21cefeb,a24ba6655632581969cd3e7c852bdd877606acca
bc66a872e9218118f32f4e6bf8ccd7d9dbfb1411,d36499526dd93c812e3fbe2d766a1d2147895de9
d36499526dd93c812e3fbe2d766a1d2147895de9,94044e599135f06d076cc8fd97087a3f9c1d6d1c
94044e599135f06d076cc8fd97087a3f9c1d6d1c,19670ae2cd5ec4a78d610f7ceebbf896fd8fc049
19670ae2cd5ec4a78d610f7ceebbf896fd8fc049,c98c15005e88d42bbf19cc5302c5f22e282293f7
651ed96c1e72d0505879d79843083b4324bd49bf,d1ba5d67226f556f1d5d46b7990c19bbbff4695d
bdf99f1f6173dc4fbe9ea323bf3f86905d479ac1,fc6883aa0aa09da52922d26edabd342442bacd63
d505abc0b5e63b5f9808de1a7ba46b064de1a6a1,060f0593bc9a9b2edff520ce8ac2ea7116941232
27fc98b58b543392a1e6c2e8015f0c377cccd659,139753f857b7693d20ae8c6a87d325cc553c21e5
59c5c24f6ac11ff12e6b22b2f9d61f1c863d412f,58898a729ccc93382073150134348b516195feb7
09ce2c373a6482360f15ab0758bcd3d02b996a1f,cc09042c1ca5ccac78bf0ff689faa5dcd3e04f3a
7a0f89abb86099fa996d915523cabbdd48e254e2,c43a070eedc1f5993d84cd06643920b962761adc
77d995d7c85ab06f0496423f96a7b94c7c112950,d05ef2328dc2c5747f9b6749f9e3e835e8693715
d05ef2328dc2c5747f9b6749f9e3e835e8693715,097152be5ac8c411157011d640148bff3c577fbd
709bdf38f5f26ce85d37469d0092e222d8826865,300977aa2378e3fb0a62284a1a6a41eed2578d91
300977aa2378e3fb0a62284a1a6a41eed2578d91,0a86c16a2496db830f9f1c4e0eaf568d7ce51e28
0a86c16a2496db830f9f1c4e0eaf568d7ce51e28,d05aa0fd1615682f4e6e6ecec9894bd997993e6a
e2cdd2e1ee5e90945b6f0bce665f7b07ddbd86f9,43fb6764396d10eed82028466f1071c472d5f7cf
43fb6764396d10eed82028466f1071c472d5f7cf,c50460fbb94d5ecdf530a95634297a3db4e601e3
eed466abbc7ade71d4f9e240b537584ba7ab4a89,6dd6dd6f0a67b17941476bf84d648e3337660505
e13f4f99775aca03cb63791bd1714b60f58302c5,4afb143f0207784c4b0d673ef7fbf59babc9a4ad
2b2c07078cb94009b1612b7559228c4796e3c2f8,860fdf6c8b0eb88b9668153fdf2bf0352ec3152a
88fe1799c797eaee9760ff02b8fce37d253bec0d,b0763469ff38a300cf2665f77b9e58b02823b6b4
67b8d7160127c65334e7fe850d8ff6b439415f4b,315a21be85607e43f980e16080637b550d25e5a5
9ff01e887f13d64124d8f9612526428e57258fc1,c0f9f60ae9e126e4a808f60bacd041016e5538af
b07551ba4cb0aab1012e0ebacc316ed9f327c1ee,137c2ab70e1b81beb7c932d650d6c75b9cc51450
7b8d4920c23c60c7476344357cac42fbb7906ce2,3ca34ce0a277ce59b5d4e3d0b227caa9c94dee1d
f53b172f8aadb123bef4997847e903822ccbbcbe,8da0f00fe7c78bb9d207bded922a015eb663a46c
b52fd11f32add3a78c9ebb67f04dbebf86a4ea3c,c047fe4e75a6af4264f34feac230e09d3d272ab6
c047fe4e75a6af4264f34feac230e09d3d272ab6,ee4732f385ba325c35faca2afd51f8f59e66837b
bcf876c686e0bbd938e3e4e1f9427e18569dede9,87da226f1c1134c2c3a1b45dc01780ded306a70e
5488af66d7f1b9b9e7121238bef7cf8c028d0f67,de010e7796a3ab155c0efbe1a3b995c8cad14870
432d55d74ca74dd78993539871e2160a0ad0d906,81c4306a3a059775b553514852b0ce770a6fed8f
ed970c86be89a497e8082429726ce94dedcc6c0e,23c009ca532171282fbc2df1b4c639eb4775f005
23c009ca532171282fbc2df1b4c639eb4775f005,552e0f6f2dfd50c9de83ee9404182dcd2236edfc
552e0f6f2dfd50c9de83ee9404182dcd2236edfc,3c7573715d4fa81a5e5c921527a466d8f78530c5
3c7573715d4fa81a5e5c921527a466d8f78530c5,537947d814d2143e5e5c4a99d909ba4d65a9028f
34d0097feb6f057bd050d5057df5a2f96b97384e,3e2e3430d1a08e885325c96205330b13f426fb4c
d48bf30b75918a3d80f6e2e2becc260e5b637498,efecf56735b4fd2d8f4cb5f21984c89d77c1e041
380351027b2e2fdee55d98133b046c78e871f024,b686174d0e74fc1f0b61da231f062e50f8c39e68
58888bb53fa54991479d8a9a4c32d6b41b334b2c,150c7092e58cfe527e14b41909b685759c245459
0c3453815c5834fe24cad3013172a1a08082d45a,9f3dcb7d2b8556773e0d0bf7fd61311dded2ea35
9f3dcb7d2b8556773e0d0bf7fd61311dded2ea35,a7e0af0a9869056a0acb5726daaefb278900113b
291255b24c09545e62f11a92319748d8c1b8cb5b,2ef21f49c9218b8853a5ee21a0522f8b910bea75
c96eb9a4f7477991c7268c79d0f3240723338276,8e30f073f0f3112b6cc491776b1e854204dd9a42
8e30f073f0f3112b6cc491776b1e854204dd9a42,ce62bdfa51dc5d1c4094dcfacaf18287939c7d40
9a51a63d3508f3374f1cc6d16c279149c018fed1,a0bb1f5f231d8763c570876374c29ce89a83d4be
a0bb1f5f231d8763c570876374c29ce89a83d4be,14650bfd221b7d4236234bd364d427c35d2b33b6
d0755838b3911971e9ea2876ce491f2d2b057c2d,49c4b78d7c7d4da5e2f716ded585c1255354928d
9ee69af2bed90dfe88827396265edbae8d1e3b97,632150d73e0d2d3fda5e238750230eba7b8ee024
31ec331bc22f4006e681dbe35986e3a6a52bb3fd,78f57f95eeb264615e566728a45e609db7a78cba
78f57f95eeb264615e566728a45e609db7a78cba,0b7819b4b223d2acf5b56270f0251b18ee852c4f
a4aacf7076fcc23f4996576b68e6c5950099d66d,1a20c63f140611106b1c2f10fd1c413f6c2b6886
3d797e24a730adccbbb3d646a4d8cc15517ca7b1,d2512656e3689651d13b9925d4e29dedcf8f907a
d2512656e3689651d13b9925d4e29dedcf8f907a,5712d950176fdfb939e0f555b3dd406f06b2a412
e525e40043d44ee7613474715212f1b015f0bb27,08af34763d50746f539723918bef41eb6a6a01fa
25244b5c98614081070a1d90c4063fe98c3c0869,ce9556acce964cde68ae12e3adfb99b8ee8027a8
256b6245f719e1e61c42ed2796ebab1212f30b05,1e1f3bab464d497a9250590a72b025f6095b20a7
2f02b6068b47aa3a76943b0dd2cff7c1fe38475f,4745fb1aef14daee419cc2a958f0341dd205e0dc
6d04e284d9951b62ba90e6bf5a9a897afaba4a29,a2613494a475ed113f821ee1c48bc45556911f6c
a2613494a475ed113f821ee1c48bc45556911f6c,96c09044e832d5fba189928d8ea5611474da69e6
96c09044e832d5fba189928d8ea5611474da69e6,fe2b926009e39884496dd7bb8578890155accb95
da079b85383b79ca86a02c547339014201ef199f,eb316509b5b11fa28079ccf2367bab5c185782e6
5fcf4945e60e873be0bc55b3c705ed2da0385755,155c8dd62586f0a7aa1d5ffbf960026ebc6692a2
6cd0b2b787e01f202caed914cf0099b9f06fa4fb,a59b5295ef6fa3a1228df14194a4df55c201631e
af105b23d53efc41265793d4d74c2720038be529,c220994eb14bce6181526961018e4ecb87cba80e
0c3a1e4a604a21bf615b0d9d93ad2070ff77edb7,774cb40a1750723f6ad6fa8fb778978b41227317
774cb40a1750723f6ad6fa8fb778978b41227317,10b61f6cc28ec233ad3265b2822ae713dc26a68d
c69a80e58e1824108c967d26966c7ea81e7ceb55,d5a6dd3a2ecc91eae7a8f0e5c9876cfa0b3d51b7
1f7d597c160663c5d63c7b6a9b81e5096dc46b76,25cbba15c087547052126e60634234c1aa5ef9f1
88bd2a2ce94d3dbbd15712fe7ee792d976aa6f3e,16db18f519a42071204fe5aae5fb73109c2f9f72
d5c798e6b8f33b43409320eb9c8b5b91a4786a3a,1ee194739f8867b9c29cbdcc81e10c9dcf32557b
1ee194739f8867b9c29cbdcc81e10c9dcf32557b,439b4680f01e6d4e9f8bc1cd558ad8341eff8b41
82df72bdd7603c21e2ec347007b2889a9f4b2297,3270762c161dc9708a4685b0c3090ff25f870245
3270762c161dc9708a4685b0c3090ff25f870245,84f3488f60206378f580a36ccd868556ebd32c1b
7e1bfa8c01a697f95291b27cbe59fee5e3d35944,96d50862e4468addc736ec0c4665055d6564ef95
1db98c7c2f561b5c4d73a4a8f366acf005662f95,37ee43efc27ae320f43279c843a75bc0df34eae1
1db98c7c2f561b5c4d73a4a8f366acf005662f95,b3ad311bbcb750f8136d68cec4770d56e88831f0
8983508990321dfb65dab2c5d4ac9a52373037e6,bfb95667a8da442fc978bf43cbb278a410b95619
bfb95667a8da442fc978bf43cbb278a410b95619,1fdafe69eb9522d27c957694a9edcca3b9566c42
50cd5b93bf1e9c37d17a9013442482b79fce5a90,879bbcd41a2515aa0e78fd0bce08374222b2b337
47a810ece8fd4999105c38eda714297299c97c83,e3543aa08e3143b404135f69d99720d5acd4e882
933d786627019d5ac2096018c1431a2402453edc,06adecd6ed9c3a5156758c05c5d552c25767df78
e396f079a5b9a9610ad7d241f17f2e34fd4283ad,ff8336fb6b5998b8ce0cb9fdfb09638049f550cc
f3b5409dbcd348184601e6b23b7e27504ab4f8fb,92dddea776ef8015e4bfd6c4c46438d2f46eb9ed
90172981f83e5adb4f30174a2a63f8504019e170,09fc5982889712f96e09d8a225e2bc4a9d15f9cf
4d5708e4688ff4d89888224668d9435b3e9e7000,9de146c4498950285dc8bbd0d00e901f7243c654
e69c26e5dd42123df07022efb4dfaab10fb40dcb,7414099e65bcd35e9696fe7e436e911d99c52b76
81b0089ab6a9b27bbf0e6775003fae1d777e8f67,6ad891c496a1057793bef35d606c7e34fa9a103b
0d6bf72a6db58d3c1c4d22b4e9797de79e64bb63,9c617335948705deed9c94a2a063b5a4394c4e11
645cc3089ae8b8ce25a61fbe43490bb1f6627e2a,eb9ce5b05eff01256c04872d8ce478cc7612a7fb
b2f9f4359b93a9f941779c575af764019e5183c7,f2e9115c0596519141b201a1025311d80e9a8730
c208482df780633b8b25e0c1e4e35bc487989a61,bd9d11964ca02b98c39bd7f2fe62b480576fd2a7
bd9d11964ca02b98c39bd7f2fe62b480576fd2a7,5355003aefd48b06552aaaf2ed066d93eae95648
d57bddf609ad84131b2f1e5cd46ebcc8798a1075,909cf4257a8c47df49e79344fbb9f014e58ab061
ce2883e28d16614679d04d8a98265428cfecab58,a46747377b0b60ea4fd8386f52a058a7950ea0a3
5845c08b22016897ec9baf619c739fe580c6a7f1,32fafb7307c1317487dadfe82006579e73f6b6cd
c0bf5e3976542de2a0d0441bee0b5d7b2f83050e,1ea45ad54954e6af78a640acc4cd7cc665beb901
1ea45ad54954e6af78a640acc4cd7cc665beb901,2a8c045822238764ef5b2dd70d8148b201e5e4d2
d9bd9b42d9d9f500079b9bfe2282603c3fd7e013,91eefb2af3940364b051138bed47319e189d31be
8c72756e44b970dea4190d96593a68b65902a0b8,38b9ee339a210618a195d9a9811af2520aae82c1
38b9ee339a210618a195d9a9811af2520aae82c1,78f7095d7e254940fe242e72055f3d0d7883b405
dd764eced233df9356fa3a0a04a2754263fc54c8,00c365a4fb851a3d68a23238bab993c94a2e27a3
5c9efc809860fcbc11fff45a122b5bfa0f9cc3aa,3de541cfe299a2a6a3741937633c81ad99d65a6a
678f87da74232a76feb7db9b273a6b23fa56d92d,9440fd704058775215495f1d69584dfbfe3e96cc
5b38e832df5f0b7ec82f3fd04c57d9581c104d36,773fe0a353726b29f30314e3fcee144d20518721
d94e45f3d6eb85333a433ef8d0155e740411740d,152a05ac3ddba5456ee05fb81d0f2ea3eaf17c2b
152a05ac3ddba5456ee05fb81d0f2ea3eaf17c2b,97257515f8806b8cc519d9850ecadd783b3008f9
97257515f8806b8cc519d9850ecadd783b3008f9,e57fa2a6b1b19dd118c26a21b2f5bd4dbe46c64a
f12e237da5ff4e19531d71340b2208f613206882,41ad780073b3a0a815e0083ecf1a0cea38cb8105
4e2f301426d47cbe2bf3c5854e1a2276b9635a9e,349cc73763e66f48dff3be7e87b4a9f354911664
14139c28866eb55f35cda5a2b12df9d2b0502d1a,85b9c2642b6b806c0d0c33e5418914893a5789f6
49353976115f8e1792661d2dc12c51820c2e1c73,aee9106364cdca7c7da5b22fb06b9b7fc42d7cb2
518da5eabcafa1bca832e3f16f51cf20bc7cbf57,93878323e57e0bab92b4622849c67f5a7c96b24e
7a783d3b0e381acd81079aa73058fa1394447ce4,fe961dd22ca69741831d1beb5eac5de0da7d8878
1222e78a15336162d190060f76c8ccee4b011d6b,602212613c076a7966b7784f9cd5b9326d1d8549
