59072521301c820a28dffdc494ddb2c9cbb93418,f1da530f539858e10d9cc2e27e525d76cbd67c66
6d3df8d57855eac9640d3119a2abc3cde7770fa8,982afb2544665eaf4a78bc83d6b0fec23a0acdcb
982afb2544665eaf4a78bc83d6b0fec23a0acdcb,d2aecedcd231e480bd3bdc59607bcbdd64357cda
aa55d03ae789e3d01905970a15f8e3d6b61ebad1,224a30838b4df17cf49224d9625a4f3cdc6452e8
18003307d273fd586a3b60431f5b9805a27b628d,5e0c8caaa51a641ae7b160b54a0dae57c2b7216c
2ba4aaa07006a5d6daef0a8def2d6066bb13eeb8,0d515eecf67a8926112802ad87c342f68468b8aa
485787a7be9c1cef2077d888734df5baf48d46c2,76049cf3a126927199086ff35500caffb4442547
7fd615436c5e68263a118b4e46957104a28f2f5c,ba998f0dc11c4ed8f59a6e68b13939e3ce50703e
ba998f0dc11c4ed8f59a6e68b13939e3ce50703e,dd1fe1771762da3038a84e9a0e2797da9b8a26a9
dd1fe1771762da3038a84e9a0e2797da9b8a26a9,7c60ac6622c1c06c6864ee69a1cc7a42765ed8d8
cd45aae187e4a56a60a7cffd073e1d7529b8b36b,2805807d46c039a5632c7aeacea98d45d4fff621
2805807d46c039a5632c7aeacea98d45d4fff621,2721c1b34910304ad34c47b080abcd44fa696066
95123e12a38f105ea55be8a6e274e5e7fc0390ac,7ab48cdabfb961f7b5c85d712074fafabf7027e1
1ab55efa6ac06e67e35c1e15f21acd5d05186420,c242ed61e0e025da699e82b875ea44c7bae47032
27e76c22b282b3585c5cfab541c299d078a3da85,9af9339ae6d59e93293f259de06a32d85e1b005e
18aaa214c07417a3ce272c5dcac7ba7f6c649a49,c4e3a4f96b527f1731578ea4d0df1b2a6cccfbe2
c399aa6c06d8f504be70d4cf4242859aca16def9,88d4cfb4707ea71e63e8e7f1187e7fdbdf90c8d4
2ba9d45b52d9a8a1888b7b3b1b7b023e2f60d2fa,2081529b7081274f1563e3e7ddb1fadd5b10b959
2081529b7081274f1563e3e7ddb1fadd5b10b959,e903e119bbad81d07ecba0eb493219da892300cf
a39e8444ba6e647cdb450777277d99b33a87fa31,bcc5bc49ae7ebe7ed4e892a0f3f4838045981b4b
69f0291f1b7f465753d2f410946679d8c40c3df3,d98d1863f9d48866fcd0d36fd8eaf108a3a228ee
593efc051b78c385f5a8f8f93afe8956b97c2c18,9ce0db9028c230a8a043c142c73530df3b7cb561
fcee308255f3f83a12a729c24316c2dd171f8e13,4bfcbd07e985de4c723ed0dd30dc9dd50e52fc73
d9ebd35c551c31f87dd016597404ac877f6099e9,d51f957fdf0256e22ab060a99c722ee1d5fa1b3d
c42004c946f60fece0e51208db4afcf799f46cc9,fe81b15a2ab8b9c74018b605a71c5825dcd06222
91c66dab27bcd1f9a6b324bedab254327b4f66e0,db4f5909b4f57ebf18c789aea14e1bf2e3a603d6
a9bd9de0a0ed70cd40555c5c98275807ce9fd3f0,64bb23f09dd5c204826cb657d79d11f6aff1db47
ebd6b711454308ac40d0b5af0efd300b688bf4e2,ba82340ae62bd022fdfafd2db639f1cf94271afc
dcfd47c438f514bc6f463e5ad217f516c2862cf5,c4618fac77d299eaff75ebe799a773f50c31e2a2
76ff830b2579c46b6a90e2eeb427523589273212,9a78a631167f7b466a4dc8f42cc807e4a24a0f1a
79e075533d50e8ff8ea9d642114448031f061f50,f96bba4558cf56310279417f95920247ceedef3e
643156caa6bf59c869f6d03488565257d2119c64,ed35762c74fd287a1391e40c74704aae30b9ee3f
931d5a7c840173ce7886c20070845b06e53c0af6,dce2a33863b4ac20890fa0ffa6bc98b52a237a4e
5a28e9ddb4c4b79dc1417efb9275bb146965e209,6dc0181ed04a67a399f3d60f330237961f8855a4
db7262eac33884aeaecff6b06911381c2ac00995,bd6a31b92bc0c71935fba5e89287198750e1ee13
3361a9ab23d060d51e86013b73fa8190ddb6a624,b63c4eb684e3ae03e7d5fd0cb5256b6a178ddd7c
1e57d22f76db2ce18765378a46d44b7120d4ae2a,7f7efc5c1919497b19d05faca14ac0d3afea19a3
4e102f4f4b91684726f3ecee3780db722726c4f4,43acb4de27f130ca72c78812b04201e32b82ae86
28bc837a1269328784dd230a58ee21049ad2e09c,89569fe5b031241acf808f5d911023e80b5f09fa
2c2bde7fddafe4c38ae3d20dc0a3080e923e265c,439a8702763bd93906f9195a50d989054570e9be
28b6969a1afc458bf26c2d0d77e05bda81922843,eeefe9d1987c809c935464e905b361adf934a8df
e9f4ea8a8d79f8d5c40f53100a97c79e4f4b0a2b,3a4f8611862bd258038e87d6ecb50243406a560b
ec0d59dbdb547b56a169b03e635f8f566991c22f,6b295a3fbe862cbcbe47f19ef8994cbdeab0cd3c
6b295a3fbe862cbcbe47f19ef8994cbdeab0cd3c,46302b04255c021d691189fb7d34c0b69017e43b
fdc8701a147a59b443bd111253aa48a9c61911d7,2d7df4265c9212060ba228a7a659f6b605ce3661
8d1986b83a5afaee0b26f6ebba19ef7da272b018,c2639879d4c298933cdf406193de5a5e626db12b
75638b30169f6e90c90348869477a65fc86ee66b,d5d41510a69fda70d00e220bec68e35a86702afd
5f591ac61aee8e0c6c12a5dc134d7043fc5fcb14,bec91d613b0fb123af4f3b305b36d3849705eed4
6db8797320415a81d2f9c7c213a66c5156efb164,683729611b912ee5bf15f2135fc185c8493691ec
93762c3bb41c0365a9c87698d4cd33f0023fcb14,60d8cde736144849947d45133ce730b7569dcce9
60d8cde736144849947d45133ce730b7569dcce9,9a03b72a33c12a34c037c0f4286d5192c3f766b6
9a03b72a33c12a34c037c0f4286d5192c3f766b6,9e7683b0338a7893dacda0a5772383b6f80c312e
13ee235339927928e1d63ffc212c2f88ea2522f2,bbaa456196ab88dd4e020ef63f64d54ee7292550
bbaa456196ab88dd4e020ef63f64d54ee7292550,b89a99e7ac31b9cde91b5fc4529555a278d0811d
9230a83282fd1c4a9aa5a0ec61fda97030672532,899eea71b8f9b9c737f0757d649df0f5e82670f2
899eea71b8f9b9c737f0757d649df0f5e82670f2,21c282356892596cf18b356cfe2435c4abe41b70
21c282356892596cf18b356cfe2435c4abe41b70,e987ab419ac129d22b671b8761c8f8a8836a6fc6
5313df40bd5dc4ab0f978f75dfcfd0a77c14d274,001286562024024851e5b71d82163e68df9ceabc
57422b89937da4d586f8fc03395b292dc09d3195,a0f35732484c8c0692e123c48653517cffa21a42
840e828de145e5ef2b2cc5f564a1bb3fb61af61b,03ec94afcbde91ae40bc284f9ff0c1f800d6b41a
d117532b3dd78386bb8c0af6e4f084a8cce10df7,89bce02a836fdbf14f184ad54e3f9eb1a7becbb1
21ef04fdba1978d4c4323f790ebfe687667be846,ec3defc9d10c9897a773398342e287d23b247185
95840f50cdddac6ad41064407f3607b85f35acc3,d91bcc5dc4d8101a114b1343e9c2fc3eae8ea0f7
3c604e665907fd304ff5a25ab6a8a7bd50874db6,33d3aabf5947c5b382e3a8ca42208d60f459c19c
33d3aabf5947c5b382e3a8ca42208d60f459c19c,1364ea506d62c242d1ece24b1599e98e3cca809f
15d623bcf99725b9e9e95a0672a0616fc45c3712,43b0733e4e79465c15a559c06d411271dcd35564
246015a7d5fef6824a0c1934f94ecf2eb557e842,4b6dc954164c5e9d930f33357c76d595a8bad788
