e52db2b4d249801e0895123b6211f2ece6e71eed,eed4bb80d1822a6d72d91cdc0bbdce73b853970a
e52db2b4d249801e0895123b6211f2ece6e71eed,241aded0cf168fd29c645fd9d401539ed2f06b0a
eed4bb80d1822a6d72d91cdc0bbdce73b853970a,d87b0ee21efc7e54e343f48ec1c7167ac48e3502
0b6301bcdf76ec332b5ff3f85e48594f33d68254,06c7843f2183aac18012a67fde939327718ee6e9
0b6301bcdf76ec332b5ff3f85e48594f33d68254,3b3b06296c3bf2949cf8328fe68d849c6ce7f5dc
f5a3e62ab91176458307e60c823e172f93742bf8,db725e99a2620bebf8c91b735867e3510f2de3d4
db725e99a2620bebf8c91b735867e3510f2de3d4,cf8cf7920974dfb68748fef771af921e27763ae6
12bdfd52756f12013e99b2696b1cd99c4c9f77e4,e63a46f31a81fd681c046542619fde5d070c9574
b61f2ecf40cf4c340b0ea3c1c0d751b137541f79,e566969357fa4a1eac3ec1317caea02aa8dbd1f2
3c3fcf238c4d58ffcd21023b8ddd368f14c3360b,3fb0badf40c40511f3ecd7b56e19fdcbf75b9971
f5787b21b26e8b4d5fc2820c7955a5b4749684c3,67c19af7715e77a16b6ab8b37a8436d63ab253f6
07d28209b8887cecc82ddcc40d1aa54abbf987dd,89ce96d90d7578a88cf0796b47502805bc941d27
