1ec5dfa6699dd6f6a51b22dabbeee97a18597566,2af1beb2ec3529e6b17288bdc758252d8804d6d5
3de9649587c6875c9f77c717109a97e114b3c02a,0a77e65013ba8ae52cbf1cb075db5685e18997a6
424ffac26581fc8d8ddae3996a344705e326c6d4,f41c8ab8fedcd558fa4c0f75fe95ebc699a84110
f41c8ab8fedcd558fa4c0f75fe95ebc699a84110,96e9bfd77983461faa6649a48db3f030c67cfe1e
35c9b5127ec361dd72d930cfefd46b996fd03b4d,e478defa4633eb4b1a8fdf3a1b909c6d6bf82dbf
aa93973b6e82753d27ff1acb6da4b41b4250b420,b9c28e32caf1b2ac65979290ca29446e9b6d6322
a36d71800c1399b1d3b69618f82bde8c1fe109a1,2f698f4c4f8b90cdc58a3ff54a70ebe5f1c364ab
a22ad9fa61ce8140af9ef511830fb94d73c42e53,07b7b21b81f9b91a50337fa762551b68df02163f
444108f9418c55d4b179a15b95d778d50a01f15f,65dcca7876bd69d84f64694a4a387d1b3520e472
2df75ebe76cc469170bf99ee2523f5326ed4b123,8501bdbb4eece282d74984686a4b3e260f11a2e3
be423e8b730b2af206630597223cefa0ca7b6fe5,1168a94573626d346f8d4c45adb1ccf110af3964
cb89f6f0ed019b203f91ee60ce030a4cc6095cc4,846746f95ee8b027fc8e03dd05ccba6f9696dbfa
c90c85f661a96c538db5a3ade2a69f125d3fe6f9,b45b11d0cfd42cbc3ad488d3f31666524b36e54f
1bb0059c014bfad19fd7afb1d9437436320f3811,ab1bf4878b1a31857f3aac6667625846e0705759
c07c9d89c54989cc8edb5ba80fabd29b74534942,e0afba7d3d273f26fc03ca130456cd8ca07ed7ff
b9cc8f7abf0db7215afbbf653776e8996862719a,a815fcea74e92c1b8ed1610cdf7df4b7b4fde3c6
b89072068f8ebe1fd15a2cebf34dc8942bb46406,16043a6ebf486e29f8ba0b6f9084d6ec1a626b47
011db9f838686279b1b1a039de1b434b649b4de7,53531e504959a46c105674a888b7bcc679350719
53531e504959a46c105674a888b7bcc679350719,0e0ff224f4a836c6971e48ed43a45b4541b6e955
a6d5271dfee9fa1411afdc99f05566bf4b49a341,4fab9b5e401e6ea019702b4bfe586fbafcd2a068
6a2a7ff9ea9092ac0ce60f423b4b89a2983394ec,0322c3ccf6d6d1fbff51fb70a47abcbb48e18d43
7659d2f3d2fbfe6d566ec6adaec89b5c3bd780e9,6946582d76c40680eae0fc568e560e7f91b495b2
e26ee7b6ba84697bf9495773b62ca269871fb161,ce945dcb8f43b177ec6b1c72b5dc3eab98d49828
2dda239ece8a6a32cbfb66c3dead3c2ad832e60b,33eefabbc91ac0e6b969a18ad876924acb733840
7475fa070a9a5789465c8dd441f873d8aa0a4c85,08a9a8eca75bb93fabd71a50a39f67b0b5a85157
b4e08b4314cae091def5794ce325b1df9635199a,cda29c9076b4cee4145cfd6a53d7560ca5a61cdc
bb939d31a07ccd0b2e745f9eaf8443eca79d7518,cc9a0f2fb424efd79876254bc1bc11e53abce14a
9dcc0badf1273ddaa434435ddfcce558ded26d46,e7cbd43a6acae291205e322d394417edce6bed8c
864719858528cd10e17fa9e10647ee14bc3c654b,f54241921f29702a2dee5559d29f30721f8fc699
7ff2bde107703c5263f600bf22de525805aa3ec4,2d12352762c6c257441e4a285d9eaca18f2fcb22
1d85b1975efd9952cb582e47a8e09f84fdc5f2df,ac94a652db469be5082f37cd821a4d61c3f86a72
6f015a4e51cef4898f5f9e096c26a2faec98c68f,0db81184c1427b9c271433029741d8117f92c54e
a264a2a685eb54486f86ba3d4f5b6f8bd45f8dd9,60fc2a3d7fdf2a0e72505832cf6171d9bd2d9380
10e38c13eb4316b4cd8b575a7d9cd891885fa147,1c69f42268d61f300b4de78dd66fb6d76c40607a
c1cc5fcfca67a0b5e3bffe6026b5c95a34577003,7814cb66c0fc82f26af3c8ee83d9711d8d8424a0
37a10283a63e11ef78835eb730af60eb2a4e67bb,5272c6fab00a697f9911f6e5957ccd7217493291
b78b8e590ba61f0c58d96eb1f957cc574a346ce5,59560b79bd612b76cb37dc2c1dadab1c97979835
fbba984823a1c9fb9969810e97bbd92509fb6ec8,fe971cc0b0160adda5c0c251f07e2942226b7100
