11e56dbdf921c6eacf603bcdcc2e7a46ac7a3b88,128fa7f887923d792d872ac2be349627f1babbdc
224b0fc2ce4cdf761cf879ae9e69d4c9e658fff6,63c466d821213764bc1162af23edc5bcc9c66381
1e650988193457606fd63e64df2b9f4800f17cc8,7edee84306acd49a207b44c58d32d4eabae2ff11
22c60dd6083a53b9cccb8abb569fc3f155b15247,827c994e7446dd878a6777c8d14d6aaf4eb883cb
aaca1401eab6fc81e07281c6c7683ff1577ea2ed,09136f2378c22f27a8fcd79f7457dcf2955547aa
21a3efe2c7ee85aad9cc1b668a103042330f9097,b7cd785eba63dfc298b4e290f344fa3c451737b3
a7e825a0386b6aa08a33eac5262246c86b868588,1c0f5cdf4ba6188238c60990e96b94402faaaae0
9ca3c05f6dc8d53d11af80c1f2b965e93fb28cdf,c8d2f4f1fbff944615c7ce526520f98723ba1616
4759517c8d9f3741b9d83335891f22e4c1f411bc,ab23bcd2e80974a810de4878c719fd8de696ee88
ce9205a3ccf199720a8286452023bc88e563b41b,9b5740555c5c063c2759ce871eae80eda5a4acab
8b416558945350363664a029154a8c284b72ff6a,0b1d4f10d69610d66a55c9c5644d50588010ef9e
b8e40f50914ca756a42452d09dde242dbfd95483,31e9cc2e40d348fae4a3147364d4e0908058b4da
ac24b5c6f002abd711c8e396820e05c6d79a220c,958aa265e70670c49520e393d599fcdce3c122ac
d89c16dfe8b50ee03fb52515dfbcdfc80e315be7,dac17e247df10057a1413c60bfd4950933b2e5a5
dac17e247df10057a1413c60bfd4950933b2e5a5,1c14a7e202b5d9fb3d802edb6f0fb105a8fadf03
69c63a83742a85e7134c5fea36f7ccb63c31b27c,1a3512845737ae5b26157a1bee00d4ff04574527
8a270329edee43864c4846fda6b3604362f62359,9887de6a656d34469d5bc6bd520c6ceee6704fc4
d460d189423f080c924c9f2e07c2fc138dc6b48f,4564e8be3014cb7a129c18e1291499f3418b3d38
de768375ed72ce171daad91c38beb7af387c2cf2,6a3c516b7177bc7439bb71bbf99495329386204e
04bd460136c4f3f7806dd460d12c67f163c003f5,e0b3e9803927ecd6b41d67219305921862001931
7424f22e2a72f1b530908536b5d73a06cc0a2690,f0a729df4d6ae259f3b40be32ea2f9f6be0aa3db
3ceef7dbf1bf492b509c7403546081bc9477fe6b,c16d3fa43d144dc800aea7d7aa80f772bab4312b
c16d3fa43d144dc800aea7d7aa80f772bab4312b,9f90c806d552e541442ba9fdd38cf9bc650b6fb4
09e51e655d9299f229834094d571086ed31e8b76,6a79111047a838b2e7daee0861570ffe01c38d02
052b15a2a8b1a2f5bd26a32423a7a6978ae55726,b9f547637ccd9b61e5336113f2a612c3e2eb9811
e48055077de8e624fcc8d686d6bed88016ef7373,b0ae5e2251112f8b3d19426c3f99cdea8394ff5b
668002cb0147975fa2d42eb9743883f9f5352487,aa7b4c63401450ea701593673f0ac4f725304a59
bfecd7d8e844865061f0868a54980567c37df192,5038fd225bb3c4e51a399495c79fde21566a2b81
f827d641d5c2f58944e49d2f6537a9ff09e447e1,3d58f4b8ce234ca1d3762865b12677afef4e4e63
96cdd073bd2974da85f16b83a0b3127dfa850e6e,e2114233984e98bb76d0b5cea8ccedf4da31b32d
e2114233984e98bb76d0b5cea8ccedf4da31b32d,6a9ab9cdfbf8ddd5ccb647b072cc36955a69a0e1
6494bd01511ef8a9a9fc8e42e7d26958f5a63e8b,e9a9415fbf84e15eb26b8c2f19caffd79417bdc3
e9a9415fbf84e15eb26b8c2f19caffd79417bdc3,e1b82c5222930c55886ca16a48c3a223d05b4af0
c85a46cddaf7e32f39b7c46a6511ee86ead265c5,80e181f2fc7e70dff46396903c8c1ac717c204b5
f0ad1b4f93515c628cc7b48ad958196e567502b8,389efd7ae6661f2951262567a778cd59ab756a76
eeba5677740508285ef5f9e09b4c869bdce691bc,3daeeaffdb43989283719d9cd8a7a4825dda19d5
2f6a8a734900a6dd2ed82ed6cfb49b47636c4787,379ed8e6fc97d9a8fc17923826657f584f815fb9
4cf2f8139bdd2c30d439dea1bb7375ddb63e46d0,153c374c0241d5bc65a7a5c05fbab2956cecebd0
92b17e3a8978ace8e4505ebe3b1e1f712ffd4310,40c3bbd1ba115b2b93f15d2a2e6d4a754190dca0
4b7d13000369d17865084487723c78f39a9b10b3,cb3e52829b601ae574ce0178f58e605e7a37f2b3
c03fbb0056a4e2907e2d5f15ea09af7fdd4bd748,d721e919e48d81f1717bd1e62cf28cc360a84547
d721e919e48d81f1717bd1e62cf28cc360a84547,470f411cd6a92835968779a0925b5a6b4b8608cb
470f411cd6a92835968779a0925b5a6b4b8608cb,7f66db7039256474a41ca3f3b2f0e4963f70b0f9
7f66db7039256474a41ca3f3b2f0e4963f70b0f9,c8f37fdb8829d2d2ecb54b11959cfa59997c7353
c8f37fdb8829d2d2ecb54b11959cfa59997c7353,e1692a6be0a5c375b061883b5ec85ff5f45e0889
e33274723df2cf280a6ba279237e487f7d002887,a7a007e4f97ff08bc27af6be7af66262d17e1ae2
a7a007e4f97ff08bc27af6be7af66262d17e1ae2,cb56f579085e61df04d5d0eefad394adda17057f
cb56f579085e61df04d5d0eefad394adda17057f,85ad7358d9b485b8f22453a655048dd0d2d8771b
85ad7358d9b485b8f22453a655048dd0d2d8771b,3ba70d375ec07d6f65284a0e973b1d5935062428
3ba70d375ec07d6f65284a0e973b1d5935062428,04c53601c027c357326dc0f576501030a3cc8975
04c53601c027c357326dc0f576501030a3cc8975,7c3c2e81239bd2ada983de79ff347f88172dd2ab
7c3c2e81239bd2ada983de79ff347f88172dd2ab,d138bdd72a61abb23be0720907c97e02f1635d10
d138bdd72a61abb23be0720907c97e02f1635d10,bc4c9fe9eabcd322996bf655a15582673d370b8e
bc4c9fe9eabcd322996bf655a15582673d370b8e,abb78ce19d612f47f698ccfc2b19900089aaaf93
c989b28eae536f08767d3cb32e790187d63a581b,1294450a46811c98c6e2fc14ea889d9447c5996b
011bd18e9fa62d9d4adad87320beddb639c900a9,f4f0554884f3543e54b54b03cf5fdf5e65ab120a
56322d0a53c9aa560d03874dc4f871b69868e814,bc1d10532a35430a7f7625ae5ad9c1091180d36b
38cbd998e1307a2d2af79b64aee0a1c7c5459427,1e52bc94a33515ca4ed25cfebaa702b6f04abc2e
1e1a0999f6b3cde830d9b8810009d0451bcc953d,3a3fa7cdde43ad2e8e31827c46160c8ce86876a0
c884c94d61072d4ad9ad9914874a79b70e6a4b96,176a23e29180461f3504dda1a569687490be8a92
f49feddb7fa40b138e625b0af9ea125842c48576,515286663434569f7b5b2e48ec8ed5654ce5d776
515286663434569f7b5b2e48ec8ed5654ce5d776,9a9f46b2b8e29125a8e9dcecc81156ad548a851d
9a9f46b2b8e29125a8e9dcecc81156ad548a851d,69eb86a06f1a6d2ae501a3f0b380ad2939e0e09c
6c7eccf5fd929351144989c9f6a9fa40eff2417c,821ec0a934e6a869263dfaace24a7db69b479cfa
a41e23a45320efe4431e65e356434bc8d8c42899,51fa0f5c3896f2cb4cd2a00194be1530a3c5bece
a7d665157cd838a9406e30c249065111d93a9e4a,7bf9a0e805d7099da293571d9626debf7665ca09
13bb56aa8ecbcd81641ee5faf39aac80e9f102ec,3b23dfebaed5fc245dfaf15a3f5952d485d3ebf9
3b23dfebaed5fc245dfaf15a3f5952d485d3ebf9,09cec6942967127d004566f639cfcf6bd6bf4a6d
e0884df99c69469005a7b1b7e615b2863677871e,9967d528850b52a205d071304a73e66707f41043
1331651fe16f481e89e7870925329ce0921af261,7f5217046526d2a2afcb7f0a813c0d36996f423b
62afee1e2da9d701bd76007fdb840db5fbe5fa6f,620d082b0b882c0e5d54bb8e950a17b79eb71dc6
aa4ec8acd5d2155f91bd3a14fc71aa028e7ab973,6cad3c95dd85a3d6594e4accf2c6368d2af21cee
6cad3c95dd85a3d6594e4accf2c6368d2af21cee,11c94b10f2fe0df43294688858a4c788764acc99
84a3a59bc70ecaa83666c9944eed94dff9b64cdb,6b9d842b26992e94e55843a3a788267608ff60ab
7e2520c02aeefec6681dcc23094f9dba39086e23,f5d46c2fdf6a83a6fcf4af7427ab1f2220ce422c
f5d46c2fdf6a83a6fcf4af7427ab1f2220ce422c,2ce617c642d50f546a8cd287e22b3f4dd3dc8273
af26d54524a5218e10853d8230da6c53dcfdb48d,4d36bc4de87a050f260d9cea9c82961bc20b2961
fa4bf40eb472c840db12f7e4ebcdb2716a0778f3,7a92ff5e5df1fdfeea1da98a30adf6f189e8b61c
01a4473c202cfe549283ddb4c1a5ff5eaddcd868,c64b4ce78f553c40a7916e1857bbdd63ff7891ab
c64b4ce78f553c40a7916e1857bbdd63ff7891ab,db555ec66bc0da3da52ddda9afa459174f3b33c7
19606ba211c5fc67a02baf7403d46c22fe70297a,862ab8de62d2090ce25777af15640ba2f68f1d2e
801000536494f39b567d3f2d060c7004064e5950,cffc019e1f2f5489aa5f2fc7efca38b0535a2b46
cffc019e1f2f5489aa5f2fc7efca38b0535a2b46,c4970a016fffc0dd85a03342e78c4fa0de60e8c3
a017b87db53c3464e2f0f57518c1b3b433461382,c0fbdb353149fb991752cf4cf1a733d61ce1eb89
ccc17917cfcb1b9ab8bc40d5ffdc8bcd02a1040a,388eccad13fc4622ba0d7674a702d0071790b890
7fd191126ea2f8c7a11ead921ab33d1e036704a5,a2c91d20581df2e402a020a5887a72fdee7bc73a
49974c075c020e5708ed284d78a5758882d26c5e,1ab1abf62a8b7811d08ce17434a1e5cca382f709
1ab1abf62a8b7811d08ce17434a1e5cca382f709,228b3b16e50ba9074d7471810129079af641ad11
228b3b16e50ba9074d7471810129079af641ad11,f8200ca2b8eaa71b22d9ba66e33c8479bfadffe9
c840cecc91c7012e3bebd5b810f10ac21a37ebd4,257f58450abad5edbe8c47d220ced4f49b22fdd5
628f87845c97d39f42f578870cbeb7fb2a2ddc94,28f6beaf78bbca22af708c716b9c7d4bbaaa67f1
4f2de7a3ef26e26089626ded498e304df328591f,78e12327bcce996dc634fb66f9bd254b404407c9
51ada6d272a033d1d1cfa22ef915460767b09d7f,372d6f045b2b510cc998fe10553a70df447476ca
b5068a92000f8628041dbd531f89ffd27df2398e,689ae22fb452b91e5c02b05e32437f9365065960
689ae22fb452b91e5c02b05e32437f9365065960,60d83a74d78e48a3b2c882ac9822bea409382af0
58c97b963c1b84fdd6e387c90431f06f31e87be4,3741f730e0e8a7b839d8e7690a1cc2b3a342e5f8
bb4604368914c7a76aad78bef44148c860fcb967,08300d3bcf51f7bd9c8509924110416461b11b60
c84833bab1d81dfdf9d89157b2ce41ae085f3781,b020918f5d06813d07deba104911efad5b306e11
79dafe83103e6e54260a98ff0421ddd2f939f2c7,ce554b6ae78fa8ee939460b6c8bcafd92c6b6b28
320715a5f806415e93ab07d90d553cd8e57b320f,e97f8fe19ca0fbd557c5972c04d36a295851f541
eeeaa9d324b79141d2f91b36dd2462b2b2b6d731,02a0d1af52d5534b1cc77d953728dc3832b88021
748bda8950b475aa95a91fd73ab1b9af8557f6ef,b370465209c20fe4343e2fd1c2909311d1666e69
fa550f91c30cd8bd238fd4fcb76452c0c74669bb,9d82739b3a51e625280b0ba9f72fdbcd909f30eb
02cfe33cf9f51dae0008ce9a9c66292501bc3849,ac9819eb02f0674d9e753d4cd6bef0b1fc864a84
45477a2a81403e48a8565d5f23e2a2127412cec1,9909ee85a1f61491a959962477208291e38f8f24
98590779eb2272a819318485a47bd99c9d081340,9cb8187cb3d72e0b6abee4b5eea123ee9a784bab
63f32936b20c23abc32e9dba1aba19ab5db804e9,14944dd9e09ae1e0f9c42c50fa62638602eec6b9
b3a32809e974f018cd1d11fa0ecd2631eab804ce,fed617999295d61df5d1270683f808803bb97ab7
e385e59a098cd661ea1ea4257c9a5735c5c32bc6,4a8cb806d29e65feb768c9917814328b4758f5f6
b4232bdc7c7eb96bfaeaa02777aa6f6a0f57d7d5,d68f6d3696f2fb3aed1a1c8d0ca62471cc8ae29c
8433b36266f43f31aba9cfb5cc20f783a416f9a5,9f224ecde383f4222a4369635313897094319a4f
e709437cd29beecd9f95ee73b97cc4493ccff75f,fd66ef6bc13f7981b21a62173e244a5a0c28d30a
bd470e958626c01e0638c8ccaf351ed49e1641b3,d365e6d5b4881cf6a9ce8d08232c7289d9d1b786
35597ed83df2ed1b8fa71708922d119238aeba4a,0a8927e3d82c1312b15b994024a2c444f4492654
8b6d655ebeecbe8cee09a00e8bd64c711898c303,76ece8c64ae290161d7b7a60626e80d204436cc2
4e7f924e8b9db5899230e63c595d3425423c823f,b5f31daab0109f01fe865a7cbd67ac7a9857886a
4f8cfc025b429e2e0c31c3152f380940a3b6318b,f35cf7ea1d3ba7d2494e803acf93ecbf4ea08a6d
eccc320606ffbcf05aa0d3fec0e9918f7c9b9551,fed3b2c0ccea2082a9e2797e4795d2f67e983351
daf07451f8e8f3e76a791c696b0ea175e8ed3ac1,60ea24410ed3da3d76d3347e51d8b3fcc307182d
d275e6b7b529aebb3b1a0f1e1953079eca1db6b2,d87ace0968656912db9e6de3b638b594ceeda43b
2978a5d7e9d8372be197ae688762c7ab9a960c26,0860e419e49c294e5fa8593e735b8665d54d8b05
0860e419e49c294e5fa8593e735b8665d54d8b05,f38d163d5c838212d9643cdf4b717a1e6ff7bddf
f38d163d5c838212d9643cdf4b717a1e6ff7bddf,8fd2eba9a2a19597f715d51c0da90ff15b7c884a
42cf394fde776b61f205374b3c40de2e22a6fc93,111c2828084fccf0dafdb328f5cc53d00ffacb37
753803c177d4125b962f75213860094b30e3d86a,f771b1d5b0bbc09a3ee52f524db5be9f8fae5f5a
dba0aaeab7be3d369d1e41b6d7cd905c04e981af,d6afd26beae7c4d9b4192abfb4a37506aa2186e4
53414a06182b98e900688a11314be82cdef1acf2,71ab15771ac6d9fe63b8fe63ad23147e21bdf0f4
eab8146b76c1626cd565621125425fccf1ef288b,25eb9ad8c1e1d2762db82cf6e8dce393cea92e7b
25eb9ad8c1e1d2762db82cf6e8dce393cea92e7b,b349b39d6266a28705b03b1b06e5c0cf98a9080d
