9a090163fcb748d577f9aa780c320fdcceb91246,79c146ef4796a2863a49ef9499960e301a84c4e9
79c146ef4796a2863a49ef9499960e301a84c4e9,ae090b2998d0c7d0e7c0bf84679975895741679a
0f6f2170331a10f6e0427e947bf91aab6a797b91,bd198acf2694272707a23429a475255e8754ab42
3bbc66926abe09bd219b80eae5b336150bac6a46,bf6999b58688d8cc40e91eb6a58d68a794051424
532f33aa9368713259f1483229c0e8568f0fede5,767186395420b5bf9c0d3007a1867f8edc34a360
1168dfa535039d3bf67a57b0dace5f93fe6461d1,5a8ea76b8c8ade67a23d8554ac107f602f23f395
dd0b859c524b901341d4054a51177965300442e0,7c85888909a465f1ad270c01a904241f6d2ca3e4
96d24d6b65059d21f9b3232aa97306e435747b97,027cdcf3a946109409ef0ba9df91aea46674ef48
2c05602345d6480691bfe847b1c83ad75cecf4b0,854c6404b6fe6d9cd6d58671f561f9cee83e3658
854c6404b6fe6d9cd6d58671f561f9cee83e3658,1826f2a01ed9450107a229d00d5b4969bb864373
3db9724d765b5f7b15e472f164e4d5e131bca14f,b2721592075676b87f62923b3936161619c230ec
b42b8625657e42aa937a0f79bc6ec355ac094bca,8d8d7fb56d21a318d08d2b7bde1e9520930e26e0
