b9a464679bbd8bc63ce3130fb0356766160bf4c1,a0932a46bb980b71b9c0436b88ff77f98dd0a893
c3a1629cbc55b7a65ed03454c9d45b0177bbcce8,ed79ca813d372dfd4d7d8bbc731b835324a0f025
aee953de799582a1ffb2c04fd53291176e125717,d7fecef03fc8d49ba4b4a4a587bc4e40dd9a36ad
5ef2c17eb5f7e741aa1688665ed3355668551791,10b66d7473dc56342777d001313fddf59aa67689
eb6b8fd8f08721b138aa343a0d970eeb6f209fc5,4472de03a0a8e66874ecc3c1b841153e83a4cb0f
e36ac8b9d8961d373fdd78a37444d1b93ef534cb,56cab96d235b63035f08c449720704630da2ca0d
7505671ccb73fec21e440505b4f0bacbd94f1ce2,3ae46329512c9a4eaf8396cfb85339983be6798c
7afc8f088f8c2d8e3bca9c8a8c6841b7abef33e6,c2622228460132bb940ae59bc9e7486163a005cf
76a2e8ce470c037eae9922544dc641f919a39bcc,58a1ff72f58b95fb45e6aa89bea629829e5dc15b
7a37dc04752125bc3ca20269a5394a46b6a8b6cc,6deb3e35b6a54ded36b364622d4610df9a20b344
7b108cd22fee58f0d1678776b0bf79f5768faa01,1e37100295a2fb75cd2b36610ec6108955f643be
a9703053402510bc5b4cf7a41195417059200c6f,f6660f128f3ffb880028d788e36afcf8d62c4186
24bc4f76f2c3c8b9a3c62c536fc77f4cc851fc6c,20ea3ac296b924c6c1c147c49c1ec724ace32792
084d074d95808961024b4155dfc176c59d7237ba,ef0a1ab9511332e335b9082a50414ea9c441811c
ef0a1ab9511332e335b9082a50414ea9c441811c,06dcaa4d6890ff9433ab4124d6067ec46fae6319
829e490c84f4ab049d80d7711d15c89764477c33,4c1344c4f3b7e2c6e5f7a689b31a957282e84456
628eef84f3de5309c4bb33c88fd59778c29e7fd1,d9124662d4e836a7665039f98e7421b9dd9a4178
4b1263a756b72050527b9492a9332fb7dd76cb4d,2c5d691895c236080af157a9ae710bd9d9083f75
