626f7e1017cf346aa1179cc493a5fe018c99e45b,67537ee6147edfc92f249d229451dc3a54be8add
4c3fb8f5097fad2c5de96104dae3f8026b0b4666,44ac64aa7235362acbb96e0f12aa27534580e575
8e39b7bf38e7becd1116dfcded380327fd0228d0,6f8db2d7eb32684a8328e0ae8bdd73eceb861707
f3bedc103aaeb621e12a33e463e71bb58522c74f,395b11d288c917d4ec2c65d8f9a1562a0b525780
395b11d288c917d4ec2c65d8f9a1562a0b525780,43c52054241d8743996e8fd5321db93ada37a7b1
d38989fe7e4aade0b7ea6c8c7d0de80c2b28ec81,f96697646ca495ddc045ab18134b8f70052c86ff
1ffc273c9433fc8840b71c79879ae427c93313bd,71b6e369f8269f1da0dc373255719d7d55c52cb3
536c7acd13426d42dc863ae8b50e6c3a4cb2e858,fa7246279817b7c01448fd4059c8d2be34e84f8b
2c09e0416bcf94d9ebef7c11bb1883388e8e2c5d,6032c4f2352260d32032800a2ff694339e2af6b2
55fae7cea90ee69338ef410e1db4a48b8b604619,9c873d63f4ede1b2470f8e7ea838909e60efe998
9c873d63f4ede1b2470f8e7ea838909e60efe998,e6e839d56d86e7f7126b3b662a07f12625f3d691
d406bee988dc01126cfbdfc938b561e10b518610,2c37ebfc7215649cc633047c0b036de66d847af1
8287ce7e6dcf31e65519629bb064044a44de46d1,64a867973d5bac136c2e1c3c11c457d6b04d6649
acca8e5253878d6a346a15a0f64154bdbde49a98,f62e976e1e0245665aeeb08fa801661d6c766ba8
f62e976e1e0245665aeeb08fa801661d6c766ba8,76473d44e035306503a426ebcd55967798f243a1
c048ae1d5b652ad4778917e624ace217e1ecfd91,7c67faa8da39f428d1860bccae806137943b66a6
b8a23eeaa3c1555ae260fa21b045f002d9467bc8,ec6fbe9eb684bbf70db796876751078865a0e50f
126625584251d6a246ba46943cfa71d5a57fbdda,e051928f26afbc58c01d7854b62f8bfb0d4ed5ee
64e16f5112669a31f86183be640eeee3a47c2961,60d2e14cb9617d98d24cb3278f2f7245bef91a29
ca9de786fd7ed3edf7a485f7c019ac83d5abfc7f,a3c7c84d49c3e6563e7f37ef60c989f99ed96788
9bc1514aefe524a0c6afceec8e2d2afe15acdf66,6908dc4d901fbe23107253535596a14ed2691539
6908dc4d901fbe23107253535596a14ed2691539,b1b1a1b9cfad24d62ffc5bf0613927fadd7bc77e
b1b1a1b9cfad24d62ffc5bf0613927fadd7bc77e,856e1c2ba938c6fb7639286cb27ae5cf3f63e2c8
856e1c2ba938c6fb7639286cb27ae5cf3f63e2c8,f24f8ce9714bb4014c68275aef36194b6f12c419
f24f8ce9714bb4014c68275aef36194b6f12c419,d2268ddb1ebfca2b3314c3bde12d3a356fd6a114
bd733e12323b02491090e531b6743da0a34b56c6,f9622074ccdfafda384fa3a1466d8363c2a65244
f81c53f9bb9ed074f1eae26e1c89c545df9ae3a7,0a3839375de80a032f244c62ee254199750e5f91
98bf544664dcbf4b8846d1dbe5c07d053baad184,77bf092bcd324edd68cffd9f5018198bca938e8a
26fa88a338c96a9e57fdbf3943a8936eaac4c5c7,fb6e9c44c82346df2ab434a0aa6db34fb50902b2
fb6e9c44c82346df2ab434a0aa6db34fb50902b2,5cfe783b6c38b9fa6473e57b9567149146829108
5cfe783b6c38b9fa6473e57b9567149146829108,be081a24bc1e1d7cd740289775b6de8e1ece2372
329909c514038d5ef9933af6f970d564956fcf0a,4ea6e61ea8ba57895451a9f76ec2c5e3c02829f3
1ff800598a9edf56c6e7eafda0e9558ab6a88489,b27db1fc812b5b9935599caf5d0a2cdfe34d7322
9f0889d54151d681b854cff23a03c51cf2ed0afd,9b40e1072cf66ba15266085faee3434a5750f52c
88195ae2cf26f36ad5f568af17b528dee5591413,541d9db27aa3699a457029d093ef0245f18672ce
9b40e1072cf66ba15266085faee3434a5750f52c,61de6fa1d65d4219c6798ab025e1beeca1247068
c58db1adf362345e8c7ca4a58b4a58abb23d9b32,fcb906dc97914ad7d852d7e0c04e68121946e350
56796aeda25dda66621ce78af227ff46049ef811,480ae46b88e9ab75c5dade3da17e015e4cca3501
3636ed7d41a53819e38996022c16326a53e47a9e,17fdb841f023a546ebb56bc8ae81fb6f74b224cc
17fdb841f023a546ebb56bc8ae81fb6f74b224cc,8b325fd65ab7bb5b2b5120183894315036d68a17
e800f321afacbfef2283ff60074b980e0bd9c3ab,3b71c19af34689b6c908956b45817864c14d451c
f719644aa1a9bed22099c70696617d66123e72df,818840f553666c9993c7fa6fec3871d80764a282
798ce96bd0d22b642f8508c5d9a8e131bedb4896,f27028f58e50492c8c8e15e47278bf444d692246
b476966a45a6f77b1a819867dbbc943af9a57ef0,a6e0c7e8f0c20276f2f7cb2d9332a806e8493c18
f59ae4a57f65fa76812c3a29965df8a4b35448e9,2510cd3111cbc7072b02a105e2e57d4193671b59
3fbce7e981cab5d20b3ef17a50f14b34e8c60fa3,5a07892bfc58472c1b651f66deaf03176bfe79df
9389601025415c47d5efaa6ac371ddca6d543f48,bdaa13d498b49fa603650f494dca646de3a9367a
666c59cbfbcbd28062c201c3cb5d6cb928e90aee,fb22f2ff4f75783ba786935c93b75f372ede21f5
0526d94f4a073cc4d15a02bdbbf447776d75f81d,a1a792aeac20eab1fd2f2e1a91d34ba990fc111b
c09cedd0f850a863665c67ecc0a6166488a0f8cb,e87daa70f3c1e5fd63484cd240b56cd27a67c0e6
917c701562794b59b7f4015e9165a7ef7ed50f79,b1bdae3d1cbcf7c4c427cac5163faf75150f4cff
a0ad0b06a00a017c6277e8183d955ad2d46a5ce5,f11b289c39e1b13439a048f433cb108c640ccddb
11d266419c29ca26a4671f8170b0c36c32036389,f1878eb05133847cbf320a3e03bc4bdf72a5d69c
11d266419c29ca26a4671f8170b0c36c32036389,d86cb76e5ba38c51b7d6017fb151e4946e3fb916
9be34baa403802953e09d4962b755d50af91a503,69bacee1d8f181bc00f632372ee3b7bc4eb48388
9dcc3a3e2026abecc98d0eb3c4af80ea18ca0a69,12a70d03ad721f6a137d118b65c11851ef7b96d7
12a70d03ad721f6a137d118b65c11851ef7b96d7,90e7142b5c8dd3ec9896e5308ea2e81a2d77d31d
14df96943470046b788c9e2dfec37610a378f6a3,32a0a7b8600c949a70ddabd332caca415ef82d42
944dcbaaa0e3da294221f183aeb6b99cda2f1c6b,b9eb1a34791d6d48f132fc09d5320edaa128dda4
b9eb1a34791d6d48f132fc09d5320edaa128dda4,2b76db1272c1a37310e69852805fbeccccbe0032
7a6bae336b35175b26494bf86fe740e61a34723f,a67a5918939a1dd4e5374d79b42885f3c7e106ef
a67a5918939a1dd4e5374d79b42885f3c7e106ef,f08b57fb9bd03f2abf1a4f11d0d01ffc50e3582c
9322167eeb4ca7b8455f3f223e7fc185c05eaca8,9abfb1aac27e28619c58d40ec050cc46fda2b30f
9abfb1aac27e28619c58d40ec050cc46fda2b30f,daf355bb4c7e7e1574d2977a49503eb6db2faa4a
50deaf56bf5719cf4435fe9d14cf6b6eaa575e47,c33557a230a0dc6694db9144179cd1a429c16a3d
ee67797c7e4a7d3c71809862ddaee25b2ad6cd78,59b269425f76258a5a68909ba7509597a7d74b3c
a75b3474a4520b15134f025a1cb58ebce84879c7,b867fb35a3066138d5e1b835930f42153ab24657
9f77c79227f424f48ec16871d7efd451c8de6d47,77e6dfe35ce26b91a289490abad41b903d102ba1
184e29e119a56762af7cb71cc872af12f92778e8,f140b1d84fc27d4156ca4b901023b0c81b8851bc
afa124a9f65364031080b81b04400be4bd05e418,a653f314ff1c14b9f7acc5bfe1eaa78bcc4ad260
055a0b7198fa5f024f3b3d3c028a388774faa1e3,078bd532c343d15e534cc0a0769d4354ac7b7279
47ec1c9570b32ecb09dc8b904f98b4305b472b28,677789a6171fb2428eca072e85e28732b83c032e
677789a6171fb2428eca072e85e28732b83c032e,de6bf175e212e4c386ebb45d5744dbf9210af690
f74e561524d04c93cd7953f34e78ebe67eaa58a8,9af8f4bb31c94a25780a4189bffa406906249626
ebff5f2466ab630f3642283c63823b2596f0b86c,f644665cd9c51fa116a0be1f7ab0a63b6c265b15
8ba5f40d76e371248f1d035b083982d6c10d2538,a6c608e08595e95279713e51e2a346344bd290c0
a6c608e08595e95279713e51e2a346344bd290c0,fea6041cde7c9642007d852272573bfe97c360a3
fea6041cde7c9642007d852272573bfe97c360a3,72dcf70db20ef5d09004b1be1355612500a32592
ffb3988dc9ef3f7f8137b913edb7986e148e0dc4,3d8f3d4c239c0b5da5bd5fcc3fddd0fed72815d3
dc75605e463f064fce07a1a7bf23b16f66742cbb,45332006a3da246679e6043b4abee06cd3ba0636
e3dc46a8cd835671ff2a5a85ef9fcbfa70030f5e,1d3cb9eeb8972eb1c3a022365b645c23380cacb4
1d3cb9eeb8972eb1c3a022365b645c23380cacb4,0386740404bf178e7b4a8999eb7ada252e38322b
0386740404bf178e7b4a8999eb7ada252e38322b,568f40c810f4de60f10bd814608fde8268ef7733
f53f079f917603a37fa92718e22af1c1c25988fa,a7ba2f7b46b98d8d688706adf5b1d9495218a91d
293b79af9120c3fc056db60492f88e21a5610ab6,123ef043dc7214c9818985aeea565a82c2680c0e
6dcd620c4af141c95800d3b8dd0fb177c896c41e,980a84326bf2daa398b201fd3722696476c4913d
377be68cac921917b241f8aee2170f7084dbf93d,c4e90000210c392464944261c44e0bf1ed08608c
af194918cf862294216e67555b2a5e4ab9f93b08,042261266f5b901b2b0745fd108c9a92525e9087
042261266f5b901b2b0745fd108c9a92525e9087,c21ee90debe13154f4d34aed1f088796a2d0c02c
5d0f7e5c41f3c553b993162abaef32c44ac22781,fe43e629fd0179a19fc63eebe482890dd679db3b
86174eb6adfb83de6ba4dfbcff73ee9cb18ac4aa,006eb39cc562ff3f8b741f9d022503081861827f
02f51d043d9213e192c2ca7840da10745dc48b4b,4cc75a9560293cbe35d28e4950382e408aabdaea
6202958048dd73af55b55e879317d583851fc2e3,abef020e07bcb6b0fd6493f73fbb48c8275f502e
2316c0fb74efefd76970c685b8f77f45834f1490,c622622c5924b291db302aa22f4d82608677ceed
2316c0fb74efefd76970c685b8f77f45834f1490,4ef5de2cce6bc794b760102f2a5b82dd28d078c0
2134b5b06abf354a595076da5ff2d43e455e1e90,1847cf175c8a45359eef08f5cf2bfc414b059dbe
5dd54ef012c95c6b20899f3d94b2dc65f634636d,c4e141a00087edb457df342884d147c5be8168a9
bb2fa6dc7d871d703c6759926521d8c16aae80f1,4bac850bb1a18787a1e97c79c533e4c434ad3327
4bac850bb1a18787a1e97c79c533e4c434ad3327,2955e3d56641342f39d166c22491abcddcc55b44
337b1c9399e525a23dc188ef5df1667f109b108e,ffdbccd5719d9d5a51cbeb61b3516390d9384f78
6a1e03ac6f5fbbfda70200d465cfb2f7cc01d253,49c8e19f8082840027cc4586d40dcb8b26d4db28
4158a1ae555a44661bc7128308086a624bc56d70,83c2de88490a3596ab98b55c5a497f8c2bb71563
391f28f78cf9f4ee2f82c69c7f5ce370b69b77cd,14d8c91250aeb0e1e8d76b83bfa15c00c8091700
8f13f357adb6aa0e952eb99200ef3fbd5cc73c36,99b584ad7d51470421a176c1b54766fc4dcd5b08
67381ae550a5d57c1f2841cd7118550afdfaa736,f15a6285613540e031b004b726799dd6edee5a27
e70b46672c9bc7a1923d121f954224930bb8af7f,71a830c83668aaabf182a03bec0194bde1a36665
f0d6237a965f28a9acb3d8249e0e86185788b6c6,8707928b16c3904249309b6c81244359860cf897
716306538f9bd073cda487d38df4a49d87994bab,618e0c62656a992d929900de57e23b18cb3d6d3d
647d7601b281f2d7e12ff9073618a81d99046aad,517aef1557304542b453127928ea306c79aa34dd
ec5d9cbd2b224d11e0e8df912b19decbd149d1b9,65c4a3cf1d3359acfeeb94449b573b7cde650f1c
eac210829e51d988b7090b448037de6d41d5dfe9,5192810ff6a41e62e41d16fcf636663d177a1232
3a949f35f83f94e55083d552f33b9ed21c6df84d,fea08ef9197bf9f1c92efa3b6e5668dc6b192bd7
b98ce71770d22d4b80e83f56b74dc710405cf535,3a8da31835db37d65637058935f144ece62c1bdd
4ca78604af2a8ddb596e2f4e95090dabc8495bfe,cacad8373baade87a160c11dbef728739e6f4848
541c1e8b9f0e2e12bd770100888129639cc94827,d69a411303298c944d5941e0f3e435ff96800a69
c7b501275205e2cf82055981106336d4a0db252f,742127ef7bcde86bdde911a8399a05c4c4d75d5b
2b500f234fc8cf5d7922218ac1fb12e9874c2f61,b3a11433389b47c913cfcd3c56a72d39ff6b93ef
e32efcae49ba5857feae85b9b4651a45d9e5fcc3,df7701bb6dd0298471bc93df40b1c6f01cb74e3d
b3a11433389b47c913cfcd3c56a72d39ff6b93ef,ca2827886a97de88f4ab2937e71588fc9320ba4d
7607240c30a319f37494baeca07ff735289d0315,87610cc8b280c191ec7efbe43679145fbea6aa77
2a46f3851a468263b53298b643f92a36b713128e,169baabcab33c1bd1ab7e33907794c7103f962d8
ee3dd3f3c5b6fe42df547156f25ab6e6f6578fff,8c4810f6069bcf592d480e5cc2d7338cd176085e
b7afcb5dc2007ce451161e513d3e55d4cc91379e,97000aa85c6d4cd52d97bda66b0c05ffed93e9da
97000aa85c6d4cd52d97bda66b0c05ffed93e9da,fde1159ae306be2db9c40db1de9e2f24286de8b9
b73b06b3643555d9ef559574b60b405550b42bbb,18edc1114592aa12fd7ce614b9757680594ca646
18edc1114592aa12fd7ce614b9757680594ca646,be1b76b975ea6f9510a44cc3314414043c9364c6
be1b76b975ea6f9510a44cc3314414043c9364c6,8a07059cf43104636f8f6c6f52854da66a9b9ea8
8a07059cf43104636f8f6c6f52854da66a9b9ea8,ce01cb9c097614c12113df15e1f35839c1926e4d
0ff0253b3e5956df05c2c6b87be5b4d03def3ba1,7ff84673fd77abcee8357c9f2a182c57216863cd
7ff84673fd77abcee8357c9f2a182c57216863cd,6af1a49464fd4979744a3ef1b1b698ac28e1a56d
b537997f4f5d7c33562414a414913b6cd89f99c3,0b090f7ae1221eba3972c99b21cf3dc516420895
0b090f7ae1221eba3972c99b21cf3dc516420895,217addbf316230a7314581d64d6f1313b050bbd7
217addbf316230a7314581d64d6f1313b050bbd7,f21a970f294486e47b183472ef9f535e2a661604
b537997f4f5d7c33562414a414913b6cd89f99c3,36118973d98f1afa81e79a846f595a7c4782ff9a
f21a970f294486e47b183472ef9f535e2a661604,7317ea134e467dd0bc8ad9129dd8a417b0a0fdfd
7317ea134e467dd0bc8ad9129dd8a417b0a0fdfd,a92017a6c1a0d7cf20f53e1cb4eb24716aaf55e6
a92017a6c1a0d7cf20f53e1cb4eb24716aaf55e6,f908ea220f78754266a54dd57f34dcc24d761f1d
f908ea220f78754266a54dd57f34dcc24d761f1d,1d5eedcc9cf63f9601e483f567f8e13a1ab40d89
1d5eedcc9cf63f9601e483f567f8e13a1ab40d89,d439b3451148038a83a20964d1b26e6a17ae7eb0
d439b3451148038a83a20964d1b26e6a17ae7eb0,4b568f99d6a56e4331af5aac00bcf7d4642a115d
7ffb2c7981b76ed2e8c467d3db3141b013cccd5b,075d452a6d4e9f21ffd7b3293ec9270ee961917a
075d452a6d4e9f21ffd7b3293ec9270ee961917a,ed62bbad1d7b0e7f3f948e2cc1503687edafc811
ed62bbad1d7b0e7f3f948e2cc1503687edafc811,befbe88d96865bb69134af2c7019d66e3a7a09fa
befbe88d96865bb69134af2c7019d66e3a7a09fa,bcbe87bb0986819c83c3e2efc683194bbf9c6c50
bcbe87bb0986819c83c3e2efc683194bbf9c6c50,3cd93567f5be263f1b40b2545573d024f69d2bdd
3cd93567f5be263f1b40b2545573d024f69d2bdd,a570caccbda28f19e637231df10b28550e8919af
a570caccbda28f19e637231df10b28550e8919af,685487d33ca07d23c7fd9adc49b6520c9aa19273
288448c5755e098a1f632b7ba13c0c62e0e8f0b7,46373977e24fd10a5882d935bab734f300e5f9ee
46373977e24fd10a5882d935bab734f300e5f9ee,670d1e408b565f673ebb2c5d498ad5ddf4558d8b
670d1e408b565f673ebb2c5d498ad5ddf4558d8b,1ea4a5a48ef096f314ac81af8426a8e911336729
1ea4a5a48ef096f314ac81af8426a8e911336729,542a998174106e4ae88c70775bf1205d7bc36ddc
542a998174106e4ae88c70775bf1205d7bc36ddc,7d56ec9d49b534081d1b8d840c8339b10817b2cd
7d56ec9d49b534081d1b8d840c8339b10817b2cd,2f52d8b9ad0489b0528f6c9335a69ac5b7c93a68
53ad658e9f59743b72cb234f9b160aa6dc3d1f72,e24b4cc1b64455b8b9b5d1265103054bb8b3a8af
8d29492960a89078ad2743e648afa08a3c71ebc1,9e58c36639f7faa327ec10bdc8ab8f68e7118bf0
9e58c36639f7faa327ec10bdc8ab8f68e7118bf0,4e39d387d374f1f000f9ddf01c799369bfc25ddb
9d2350b6709532bf185c6e0f56342b7b780092c7,0f4d94b31c02171c1cc39bf90426b61e5c2a05e1
0f4d94b31c02171c1cc39bf90426b61e5c2a05e1,2659b522094c325f1ee4138f6cf793373d8c9c52
9f58b190320515835af5e7ba75bd3b1fdd9445e0,eb5f37a7d19d74c88eed25d4b90f98bec1afa4be
2054739c1ea607392f10907275cdf9affc96c6da,8427c2c4c7e4dac79d51a10a63d38fe06dbfae4c
f804495fd84a689bd397b0f4b1ccc2346385dbd9,d7cc7e62a28378436dafde91b646da9852d8e5dc
fd68eca35112ad672f008fe9e4a6e687469af425,7caa7e7538581e21bab3f003e01b5388060683c3
60de6e6d1e7ff7474a18ac006d4258e49f909582,9c57508fde3d238e80d4dec1174ee6515cce2dae
9c57508fde3d238e80d4dec1174ee6515cce2dae,a61178f28a9bb2a7e87501e5978f3127768b12e4
88832f92a35cacc0d80bffa477d9ffb0e2bee97e,ba49b556843a7564b5a2a9bd49b206e42d8327c9
2c0f6c202321a9d332dbe0181d319a3be4fd2614,1177e6d90777da92c72a1e88de93312f2ca1e6ff
e6cf9ac9ab9617e51f7c1187f73a2d0b10ce135e,788f0f578438e0a5af44e34644e684f9c82e8774
788f0f578438e0a5af44e34644e684f9c82e8774,254fe34d4ca972a3488433d0bb0a2a58492852c2
254fe34d4ca972a3488433d0bb0a2a58492852c2,e5f79abb4f2d8af73e99d3dccfb5875c6ef4075e
e5f79abb4f2d8af73e99d3dccfb5875c6ef4075e,2108bfb10626a71ca8871e72328f8bcb9be85d3b
ba38a120e410f47e85387fc50f25d93f5f0fd503,e81144e26b35aea3e2a4293b256228581a44288a
2e6f56c4e7de1d375eb91e188c3697383b31638f,aa01a62df7ce015ba4bf3c5ba9f3074616530496
af777f9b4f1f881b9dbdcd8c75e381db3d55ff9e,a81cd18d92be3ec6e326fc039a5282dd927ccc3a
9176626dab56f9437324b56ac0b2751834dc3ead,7b0485d6d6d1f3cc5d6704db39971b69dc030b80
35d16a4bcaddd7c249dc44b94be60e34ed476415,f26ea82b3c1b6eb994967ed62a152354a56cb8b6
c29c5dbee850b019758d4281bf144fe2da8f8495,52da46640b46b11c69e07408d9278a056cf05c27
b2f7995a038a5eff2e74f8326c0e8fe45155a049,ed1ab3f0b10aea3ea964ef61af2605685909eac9
ed1ab3f0b10aea3ea964ef61af2605685909eac9,3612e7ca76af1b48450ddb60e4005960960e9cc4
9ffd42edeacb19c3961840289bb25eaeca5991a5,3b8e3e4aa9cb39c8942cf9871ea84feb925e2aee
826513ef278739b51d4d25eefef0ab6217df74ab,1b09002edc984d4ead3cce118ed583c3ceca0b99
018668618e26723b66a7878d7892403043d8ccc6,214d87134bf656b9bd2b5a44b654149f96ffc4b4
3976ea01582717b8bf0e12cfe1160e7e1d8f0121,bf0834051da57da604db2c4068665243c9871bc7
bf0834051da57da604db2c4068665243c9871bc7,1b129b50990ce253f2b9e96902ef2330e804162e
3f497640ab0a69838fb605ed9a4b1cee76e462aa,4fb255a7afda3c2bf32e6d6d305aee1cfc999ba6
6350d5a19edafa992b53073610f05c0d38f28ddd,72ac89f666d0093f523998eaa2a5ff9a41a26ff7
72ac89f666d0093f523998eaa2a5ff9a41a26ff7,8eb65585707204ff43c63603fe3b5093a6facdfc
9942f782177b83d57da1d579bd930209e99002d3,0647d622a4edeb3ce258736031ccb8052eadc271
781369a3269c05d40fa8d37cfc0eae0401558d8d,2b4f58eb4416beff3d0a246b8cfb55b5eb8f735b
2b4f58eb4416beff3d0a246b8cfb55b5eb8f735b,de006ea8adc08b9a8a6aa94eda2b30468727c307
d5173f3905b5ceb08276538aafbd815a62772119,04a06eb6b5b5813b4ec630fc1451b1734fbb22fc
1f3fec2a3e1d6913ea7fe3480bc85f141737bd96,4a6d838ecc18388afa2f551799c679be752bbbf8
b32dff7520b67f6f6a93627363d91d4f30cad956,c7d8b7d6a720246785e632f00b6854e9b30a2778
e6e28c2ac37652ad21cf7a4e351c419fffa10f4b,4a2a718bc291b3f720e955b1c4bc10b4a292dfd0
5067438ec178643ac6ffe9ce518f502bc680dc99,aeefcd08a40a8bd886d3bca6eca00ec5ace325ee
472a74044024bad63099b113c07fc7190682115b,b8cbb4dce8cab4303e52993a3f559330013696d0
472a74044024bad63099b113c07fc7190682115b,7654ad2d31d294d227e9ed305309c927a2ec0b94
322af02eb2520f41494447e89d0d7efa1eb8232e,91a297969494aad68eb46163c004734223a4abd1
8e9194c2b4b8c1b82832cdab1b364f3300e2d3fd,130021b76d781f0ebb43928aa8083c8b8d560882
91a297969494aad68eb46163c004734223a4abd1,4cee1a4f96ef7307e422cf227c8389563323e442
4cee1a4f96ef7307e422cf227c8389563323e442,e63bb8cde5a62c7b0ad0b6e6577e8e1a78e822f5
62561ed428caca2fffaa96c8d0765a6a7bba4d00,20372b5b0bc5544714d58bf6e4a59bf6fd2f962f
21324086c37dcf55d38562081ae9fc8f5e4852b1,04e19f91716b9de6ec26df1478146eaedd47a329
04e19f91716b9de6ec26df1478146eaedd47a329,e64d5c6bb963dedf291ed3c694ef735c8980a019
e64d5c6bb963dedf291ed3c694ef735c8980a019,0cd4a7726892ecda494d94bd12af0094c53a6a85
0cd4a7726892ecda494d94bd12af0094c53a6a85,4d358c49fbeafe504cc7b9a8b66ea572c8cbb0ee
4d358c49fbeafe504cc7b9a8b66ea572c8cbb0ee,8c0ba71fd8f2e29e8348c88aa6d653d3161ea20a
21324086c37dcf55d38562081ae9fc8f5e4852b1,18f34fe88e71cbe17eaacf88e011718fa87bc767
18f34fe88e71cbe17eaacf88e011718fa87bc767,a5fd4bdb82b0dcb8f49b023216978f2c032d722e
96ee3d853be68ac7b2852aa8fdf4e0753125f5a7,3ff380054c6627112fc6c0fe0d8e282877fddec9
a436af537abfbccf45e5f8775dc717dff3ba9a86,582e6a9fa62eeba05561ba2105bf7c8a73211b4d
ea891b43f836047c57409415788ecd8a69f57638,a8ae006f2e798e05cfc9ad29b077f75f6078444b
1d2cdcff07bc9db090c22699432a0006589abe37,198c7b19a3c2777c064aeba54e16b3f0b78ba143
099aa9cebfc290ffec1e0890a7ac5b315eb56aed,50a94db2cc2f3107f6f94c1e1407cb6840d1da08
eab27db7d6421fe273040dd6a2596d031e4639e1,f14ec2d8f043f051db45dd36a1d501788c7818e6
a289db8d75dfc1afa5c45fbb419fdf113191ec2b,ed3cd949e41a27232897275640291370846f86e4
b1f923e1482bf95418c955a5867dcbd30e1a00ec,b0b67fe2a7a7e8d220f6917f91248c0ba8a7d64e
9faad6bc9c2ea42a81ead321f1e41383f63bd0f0,38b37ba7f51c72bb94e1a5d2c9c7cf9836cb5a06
38b37ba7f51c72bb94e1a5d2c9c7cf9836cb5a06,cda14830d349f4c1c60af2d1ec563e4894b836c3
d98fc4f03a88751944c0ae08ee2ac3e743f92952,3341edc9fa8e70306e91cf911e4b2b19ef60ba84
3341edc9fa8e70306e91cf911e4b2b19ef60ba84,d7ee5d8f85044c93f5982756f49be8315d148e4c
d7ee5d8f85044c93f5982756f49be8315d148e4c,79ca2c843718c56ff7428f50faf1e155f500e3b3
79ca2c843718c56ff7428f50faf1e155f500e3b3,c19b229608c208f4bf7121c588b1d403220d5361
4a9deb350df3d9f2f17533cfe10baad51b7b5426,2fd5bbe1e7db79ba2678cbb7875825d056f55762
ddb8f43b87306437a8eb720072857bde1f2dcf9b,f123fb600dfae40223db44bfda9dba87d8c4eda7
749099e2922a2852a4628978b564ade4927fafd3,937a849c9363b1fb745b0948310533b535348819
5661b40942d0ddcac14a2eb3e8a9ff30b7eaca06,465044c3731ac0077387f1cbb39ae4f90d3f06c8
937a849c9363b1fb745b0948310533b535348819,9dc3d16bf2554ca1fb6d191c232d096fe0774110
9b03ab59ef2f3c3f40b0db0d204b00d819fcc5f5,2e2daeed892f46622ae004ba7650cde798de4a5f
b7db304dde0daf2b410dc36d33a24856aa22ba59,fc80aa562e5fdd239c82aab1ac73502adb4f67dd
b7db304dde0daf2b410dc36d33a24856aa22ba59,69726f180a70f42f8233b673aea209b0dabaa161
6dd336fcec6dc32c4986b6c20189bf1b2132153c,4bb22bbe8a9caa4100b50a054dd720b4fdbf0edf
773325262790b419e2865adcf9b151f7cbc5d17a,91834f98ccb1e586dabb9c269c369a094a00f2f0
4decb5c2e321f582cb99f70aa2d19c533dee3b2f,e4f70b795723c5e477198294f3bb8eae245b2b46
0cb38f6329d1735aee9fe034499a8c1497172f9f,9f78c36ec447913dde9a0acd69683e856a843db4
baf4b5dc03c3b87fbef6e5df422eb7654594978f,9e86764ce30641c2b5a417281dfd3e57a60d31d8
1cacefa104626e4e0df5ffb2aa8b0c6f16b615b2,982508d30f887b4fe8b2a855792ae1e33f378222
8792e072108b46cda4d80a9d47d43e3c460e5c62,fc23deb9f3c2fff469fa3911d665292de860938a
5dcc3b4ff832f817fc621d9116f1b399eb2ff137,8aad2d63cfaf30204464fcfee4ecf6f159a8f731
b5c3883b7886a73043b6cc292ce4a51066ca260a,29f41643442cd11f638fa14c1d9c297c083c7e8a
754cb6cac9b1db56e2221fa379db014856a4725d,ef4db528871c96a0304a2057d5f1ee8330ca6122
f6b606b3643d0f447dac9830d25ac1853f8610fe,44016a0de519469792769f7b78c37e7de9bfde24
09c36a8c7c8e5bd690c605e2097063b278489b66,00d790fe84ec860f1de46330cda0e73884e07e2f
42b04a54131c9abeecf3c8a3a7207645e01a9fc1,e96340843401d677d5e8272d562b48fe4358362a
e96340843401d677d5e8272d562b48fe4358362a,22a4b1d5d4f315ed013332e4219f105e6d928615
7ec9c5524f64bbceaf52b58696c8c9342a4887dd,f7d7e31f06dadcf0f7801ab1db055f8609c88a71
0c101a4bccfb8460a11691cc17467d47d1974b2f,3438912236a25d7d3bcbff3238156b9eae2bc3d5
ab89079c65272a9a2ef4f98d38d0ed39468bc876,e305a320a22cb88e5431baf5848d2787b31f7508
6dff8c58adbcb9da9b7bdeb088148c3f0d364c02,482043cdcfbcf48ecd7a0185a20c8678ce7deb0d
a38497ac36aa72f0e431205d9c2b0394368d0810,976ab0c46696ea44b4a30856f9ac1fed4acb4a25
762aa287cc45579ae504bb15f1975959cb8b215e,2bbfcfae927c89d42b0b0c3d1abac268ee68dff7
f910f361a07cc6d7efda280a698be1ac59cb1fa8,8fceaca6b8a219cce6e42a05a72eb8cd80565c89
0afff3a952e85401c41efc0e157ab07d3b985061,c91b511bc7cca6a04237d30db1845ddc232aff64
f55293611e09f9605951dc5a3928e808886f038f,ff92962c51c548519384ed80c5b7d60d5350f176
d1e3968fa887f601339ac158e4c0f5fff4b18a49,e59ba1341775eb6eb169a0884b09f18997dd5792
a38d2d7b0ee436c84855ef584b19b65c314c57ce,f0482eec549ee14c75c48c3ecb6bea9d320737cc
aeb772e741c1b42813b7e3d7a8bdffeaeef9bbec,d80271c6417d0cdf24c7d9e5c89b1112b5fa5e09
b6fd9b4484d8d13dfd98a900a9b97549c8f3e52f,773c9535146991af38f954cb4d3b0ead9d7485c5
773c9535146991af38f954cb4d3b0ead9d7485c5,ea4ef15ebfd403dd9df9742a35ff5cc494da68a7
94a22b87954af42d552d2d94a845e764df0d4587,9463fee76488c41dcce995999dd98c190000ded6
3cd37652709292cffa1bc733134cef5483489341,ba144b15bc1a33f71200e54eb4a25894a11d6a53
ba144b15bc1a33f71200e54eb4a25894a11d6a53,e842aa3798ee71812cc68ce0f3b7360edbc023c3
265e1f9e1f4931f2c97ba01a5748e2737f25497f,c3f4f2782927d9819fbe9afe33ec4b4ed6b4113d
0b68597a791869e283453ef70422c9de28823908,72958e17de1a7ec62c3de81a8250cdf32d05456c
a325731854d066824f74c7e05bccb693f2a3c837,ea4af9ce17ecf24c3c02c040201ef74a6fc4fb5b
7f464b89296881f4d9ec032378c4418e832d17e3,ffbd7c20e56ad65dc93de93129344a6e51d79344
204faa1f524cdd5dcd997237b017ffa045aad1ec,d5da74645b1231783eb5d527f226d0b06ffd2c4d
9c949bd2f852fb5f5a314e6faa45e4869571628c,53b85d23605409a46754f217d061f7d8a1d3cb6d
53b85d23605409a46754f217d061f7d8a1d3cb6d,ccb5fd7c9981b65e8bb543076e89e381481340f7
e9c2b12dabddd8d5b26db7f877eb982859274263,a52451900c71f48bb51d777522424d8ba6944f0b
c2e2fd1751bfead2e9373358ad81a62728199309,2e9a34faa9fc8b0123375f220d785ebf2a10e716
3f3ed4743a3dda8901a35aa14d8e1c689933a1a4,d4f4cfe2252ac82bc361c098e7fba48d70466890
ce28721458c8cc71de86513a5110676e9763041b,db658b12edf9a44e40ca79209a652e839ffa78dd
2af71a4486494b64431558da2e068dc1babe65fa,92fc87bc4c3922758fe9862fd309886f06fcb16b
99dc1cc2f29d1a7e0217c615eec00575de8d6c66,2cc2fafd2e76b1f66cf2fa7ad93a5c4636eee6a8
0b0b4ccba6ac8a85e5ab4555af3df9dc80a81380,dd3589ce345bcabe51563e1e1ac83797353baf8c
c88d3a943109132010a932aca82411a1527d934a,902ef59d01f45613ce33520159e157697bcc6f9f
45e3ae0f9cb50b0edbf4180fd969ea99d40bdf7b,063ff41858623eec9da59e40245afbe7b86772a4
3af4647804700bb6e86a9e1b73d7bf8612d872fa,80963966b267a4c3723e4773774b854602247bca
3af4647804700bb6e86a9e1b73d7bf8612d872fa,f97996126f7a7606f8601f0318f0a70a4e818c6c
b321e07279f8e1be4b76beb9dff608bb09ce485e,561415cea99c46dd5df892bcac148931f70ff3b0
578eb7239cf073ee9dd526542ca19ff6c23ae61c,eee4b24e98b76b1eb33804d21264c5117a5c913c
cd660a035f74e00bd94a9b67c240ee44654ce1ce,dae01ad62329c74fa9373d2052c6bf7f879fa523
0873566ff05c02be063f3aa15adecb725342119c,01ddda75e8aaab542d2c11b9bc9218a94a342f10
a5412ab1366205cb1a2000993cb6b2c9dca28246,8f2cee722592ac100a4b159d2945044331afcfbc
dae01ad62329c74fa9373d2052c6bf7f879fa523,a6e8b930c9aac350cd1701e5e7fe4e7ca7e1ba3c
8158349db57fd1eab502e635087172b39c4c7388,bccee15dcbc186d0014809830c5b996a3fb2f442
a244ece0e55db1ac4895e3ee20b138ab3c617ca2,79caf3a458a221763cbf389f8ac5cccd9221e290
13fe07f48f4fa191b8596aa94cbe743a3c3344fa,fbcaab2abaf713d9e11770b0cb22c9068dcef2ae
8a6370f1c2ae55fb03f606cb055de455ffe25eec,cb723c53fab93dae67f68b4414a35c8bec7fc144
cb723c53fab93dae67f68b4414a35c8bec7fc144,f75a95acea6772457b25395b0fdd2c97bfebb936
7bf06f8ae04697305731ec89a43ebea6da4376b8,74f5fa6a7736f116416c242b159e6b0525e6fe5b
70e3871fdb066fa4267cfb44df36e24f9986e3e7,e92b957e3a7324d79f2ef2a7386ed21549a5cb10
74f5fa6a7736f116416c242b159e6b0525e6fe5b,76e648410745c61f7a659e864230b6154dc43ced
bbb7eb692f58ebfcf2fb3b0d6d20ec6dc60a99de,16b55f9476373347a3c2553e070497b383288360
0f868e992489eee54aadd7afc9a2a7212385f9be,e768f5ba83dd92d380f3e03da5da6c68edb3f45b
16b55f9476373347a3c2553e070497b383288360,a866b424fe60928fb5336f1fa146326424763ca5
7b386d5393a68715e70a9ea6d2936c8b09104f86,6a7f27ff152fc05f9bbe847625e92dc1ecad3653
0f0fc15c16ca4615d7182fd8d07f914428ea0838,68b016e180ec1475391f2e8389ae1c708692c499
bbb7eb692f58ebfcf2fb3b0d6d20ec6dc60a99de,046779615f0a492d567300f08de79eaf5f780d84
ff759fa51b00c05c3873efaa8ae16abe3d078bfb,9387f0b28203779aa4d18368ebf0f92eee93b6e1
81113a0dcc9d8cf2e2757c2dddc11df1f8dd3e14,a70ab62797565bf29c5c80dcb83b2ff1e065d3fb
6acabbb4f5977427dd08adb0d32b06c0007315d2,9897ca7227d756453189802aa2bda1d4ba129875
a70ab62797565bf29c5c80dcb83b2ff1e065d3fb,f36a5b8aa8aaa3576a1ee962516120a9de0cd03c
0d9e517c064ca3992fac83c3a1ec6e4284221e72,743cb949e8f5df5029b4b364d3d9692d1b6eb5d4
743cb949e8f5df5029b4b364d3d9692d1b6eb5d4,f96b41b6e624852613ae0daced8bc8076246d243
f96b41b6e624852613ae0daced8bc8076246d243,d33857588cc8351da17fed9ea2486b8b193bd8b8
d33857588cc8351da17fed9ea2486b8b193bd8b8,d1cb0dbec5dc430d5293719bac11749c79699e24
d1cb0dbec5dc430d5293719bac11749c79699e24,8cd5e2d25b6db818518c195af9fcaa62bc46a63a
454f1779f098396b46bc8fe53a9820926a284cd4,ca74ec3c774345bccc0e4e90fe6c231ce598663c
a802899491ba87218d7878bc4ac73dcf59c9275e,469bd32582f764f9a29607efa4f5b04bd87961fb
607d86965e01fa8972947027e2811cad55331efb,46eb4a06245dfbb86c45f398c47ce0104d0266aa
f4aa3ee11c01d5b8f260e57bfd7e084b7767c08e,7fdcbb09e6034ab1f76724965cfdf45f3d775129
73ece6797c4b984dc913b9a78728fd7e390d53b2,7daecd24c5800163d8ac30b9fc7bc0a35f318802
2ed77707162ce94773bd0e3c03e35ac7e49a856f,2a408c93797d0ef22eb36a4db56e2d9191585ca5
ebb061796cde538905a8f250962cc67baf9785fc,288ce65d73551a13c818733c78689206110e9ef1
73163c876c7bd50da3c73c67c1a41d26eae575ef,89fad1e2b1a5a84672aa22e128c39165059351c9
cf158022d9c2fde6d94d896506abacc661e96f67,0ee0cf566817fe842d3997445f6d891a5a1a90f6
51b9ee109ed232da978134974701b788c0a202f5,1b6b3cd96cf2966b888d9259e4e55935dca6e763
53644de82093a2b3fc810f422ed6455420dde80d,55bba9265393a6f165dede7f8cf34df59ccaa663
8942ae88d507e4ed890ab35be69e37226d2f9511,fe1b76bdef8e0b081d0ec84ee07deb91c8304cac
4bf93ec3797249be9e59788a95f96dce2805fa4d,7dd98b4959a43d78716ef13e2c686f54e416825e
2dfcb537f27f38fb3631af835784753a490cc414,5af57cfa996fcd27a395064a5e5507f9357d0d5b
3e7f9e488a8d7dd1e86b9a355cda3630d8f372ef,5fd702934c019279264c4efc04086b1879cc5f35
e895c00ff8f825543845cadeef8b61eb86aa5914,67885320c0d8bc6aa7822e08e4e6f134bc6f7d6d
0203202b898572bf33b32bca88aa1a80757966ea,28f04c93fd48a66b7303d39efebb677148208b92
f1287012b43a9d476055615fd270508a0da51ebc,2aacf94a63c7e0c396d6254356ba9739c7319077
72dd56799492f44ff7cf3065f3038f609e317913,adc2e8d2b6ca937d719f88148b8b208b1247fffd
b6e8c83a08313f8340efdc44ae52f6b5f9e200bd,b6d52fc8abf58a12128d4c1dba23e20655da0c52
b17857c7ae391a0f68cb2683927fd438f46797dd,21330f511e220dfb74e4f53f48432d14303c0cb3
e9a2a9c25a8d3809613a3b7aa282650b941f9d14,e4daa53962032c13dd93956659ae4cdbb4479999
739b5b0b740631164c6834229a6e050a12abb821,c3ccc25cfb87cc2ad27c690f444da937f86b4f0a
5b6d75614e35f41842acbdbcbd9b34401cdcb130,97bf5221659277d22a0eea2c8de0e52a96a19ed1
5b6d75614e35f41842acbdbcbd9b34401cdcb130,38cca379df2af37fcd2417bfb8cb22defd4ca2cd
cfc180e2115ee6f2ff5b67b0b02b1286ccd312a9,9b7dfb0fc91df12308774226f57de74117428eb8
9c3596219d75b56dfd7a47bf9e41f70b553fcf90,04cda70d1a5686e8e08ced55f1aa66e7ee2ef4c0
39b0b6c1102ed863260912a33b55a4ee44d39830,01f57346ee861d58d8341dcf2b6c8c6957bf3e22
4f464001841e5119bf57ef620a3257892ded2ded,380ac072aab831c40e286aa99f4b515a7f27e4de
961d884730c988a8ceff688a26d0f28fa1c41b35,2c628eb065e971d0bc077d9ea274ea7d855d3d62
2c628eb065e971d0bc077d9ea274ea7d855d3d62,063c52065fdf25027775d23a2db386dbf18356ad
063c52065fdf25027775d23a2db386dbf18356ad,4caa1dffbd806a726f90aa7b4747d1cc2d0154c7
4caa1dffbd806a726f90aa7b4747d1cc2d0154c7,40e84eb64a6e56821226b6767446fb56d0957fba
40e84eb64a6e56821226b6767446fb56d0957fba,d64b3e949196181a9d3748b5ed82230212ce0c4f
d64b3e949196181a9d3748b5ed82230212ce0c4f,c1ddd478cc13454546d82cec1cf71bc26febbd52
cd9049ee91dfb1d07f592b59341a566ba5f5d03b,3b355d783f7f6e399f6cc13531782a5395188d93
3b355d783f7f6e399f6cc13531782a5395188d93,8898af188ec8e9d89105584be8fb91908d92368d
8898af188ec8e9d89105584be8fb91908d92368d,a415edbb7cbca06f35eb9686bf675ee62e2c1a9a
adfe181423aa776f61586748b50c3723aa49c3ad,fef17c0706593a6a3f0f333e1d1e65bf5d1c9765
f28e7e5f0fe7037039e4d8085bcac301e0029952,4bca88608b1001bb3d6c89913f7f4f9fc56b2a5e
d8621553b17c32a036eac3294a0e290adc633cc7,a309cdb56c2253e24de0a73cd08690be7a2d8a12
a309cdb56c2253e24de0a73cd08690be7a2d8a12,97574030086f1abd996351b8576d76964490f706
97574030086f1abd996351b8576d76964490f706,2e3704faf10368473102c38fde911d917ddf5a8a
2e3704faf10368473102c38fde911d917ddf5a8a,41597272f9ba37103ef08e1810fb4bc10603bd87
e7b67e96a22b9e0d2b134580f821cd6504a75d73,eddef85f5f98988b47d43a7a698689febf7c6c62
eddef85f5f98988b47d43a7a698689febf7c6c62,753d0ade7e0f203145ccf5faa081adc7059a6e7a
47e83d73cb6d7f581b507a0a3293ca6a2bfb1c38,8a66217daaad55f863495ad47ab39a559466337a
0cb06b428e34497838b9ae5baa2909a6f342976f,9ea0259bb793a599231f218fb3197919927a3ccc
eaa8b32dd7fd86c570358d29123e55767327e35b,1fa2e59734e7b1e79275fd9fa6dff0e5ec13eee5
4cd83ee0af644efb77a005e0b4d8f0521b252ca8,3f7b8502688ae5aef669543b0fac9a4853ef9fcd
b5a3343d03bdf17d994a769676f60017b64e5f02,edaf3219fc3d78f0a7b2b72a1102e8adaecaf6b6
edaf3219fc3d78f0a7b2b72a1102e8adaecaf6b6,c8f1b3d7f93494631c62daa5536dec7c55b3e867
c8f1b3d7f93494631c62daa5536dec7c55b3e867,a4c357a1a2c3b481855ccd308407ed8ed0839c64
a4c357a1a2c3b481855ccd308407ed8ed0839c64,005a5afe4774894dd78bceea452587aab8f22e86
005a5afe4774894dd78bceea452587aab8f22e86,34274744a1b8a3bd787877391687d93d0027c1d9
34274744a1b8a3bd787877391687d93d0027c1d9,8f3db90def7bb0d693ac3ee55613773328763f82
8f3db90def7bb0d693ac3ee55613773328763f82,467dc81d19d5404e905babc0f42d0ef4fb4006b0
467dc81d19d5404e905babc0f42d0ef4fb4006b0,25373672c5add911e71761689046112f28bf7a09
25373672c5add911e71761689046112f28bf7a09,8938aec2c0a338e488b7b223c5d54e363a4c7be6
8938aec2c0a338e488b7b223c5d54e363a4c7be6,a860fe4a4b7e524bcf3723574b9c41af55299a0b
a860fe4a4b7e524bcf3723574b9c41af55299a0b,3dd1c5a16da6898007c6b5e14d18213b0e69f179
bc20b77c483f75751739f3e5d63f9f1281085c70,ad0ec5d31880f400263a158653f41767960d45e1
1726f6ade8c1a9a3af282c41531c8346de24649f,382c5587ef264a679fb238ea8acdf8a2e1609aaf
382c5587ef264a679fb238ea8acdf8a2e1609aaf,b60699ae7cce4cb70e9c44e83b0ddc7bf4170028
676799f8741519099ee9f8babbf18f447e9f8d40,71dc89c3c226e186c35ed6cfee40ecbc749b228d
70fb64b1dba6708dbbbb2f205a659855a1e43636,2f4e13c36c98d6404c5a5cc8bb5d66a43252f4cc
2f4e13c36c98d6404c5a5cc8bb5d66a43252f4cc,a7a0143ef240cdde3f50b3566aa5c0cd305bbd4b
a7a0143ef240cdde3f50b3566aa5c0cd305bbd4b,7fb949f8bf9b901991d35e8a48777859fd60d8cb
7fb949f8bf9b901991d35e8a48777859fd60d8cb,c9fa5b68f40ceaaa594728d91f1deedbc2cc510d
9f075fbbbc43f36d47ebdfdccd7249bde534392e,16abce77ea35eb137fdd6e369f414dadffc922eb
16abce77ea35eb137fdd6e369f414dadffc922eb,6e1e999c3d23d6cb7f89557255076d95c3671024
6e1e999c3d23d6cb7f89557255076d95c3671024,87a4d3efdb76ea04986aa66eec084f9f3e56cd88
ffb3782618f8efa70554e81f12d88ac298754dbf,549e41ee40a765fb9a306d6650aa7be5374b38d6
549e41ee40a765fb9a306d6650aa7be5374b38d6,fbe1d73eabecedde92e459b38e11c9babcaf6aef
a4803cfaaeae0b8593784d3170fc13acf086d2bf,e0eb77a794e79548b4a16720845e1b6375c27f92
e0eb77a794e79548b4a16720845e1b6375c27f92,84287f928cfe9ed2512071aa2ec06b8705dca681
105cac231d2de2095dc2b2f28f5a6472050128a7,0c04638d8d9b221c9312e3224834646f628231f4
0c04638d8d9b221c9312e3224834646f628231f4,1c80dfe17f07855e3257d699d9242d93c6a90388
1c80dfe17f07855e3257d699d9242d93c6a90388,6ee7802bf1a2ca59f88c976851dbbbf3b27ab04b
6ee7802bf1a2ca59f88c976851dbbbf3b27ab04b,7fbe8cece7f31e2b28d48a66746429401d266aea
7fbe8cece7f31e2b28d48a66746429401d266aea,09b6257de0a076c1d15dbfc246e111c2ee26827d
09b6257de0a076c1d15dbfc246e111c2ee26827d,6cf0bec912071b31b7de36fc60f3b5cb305a8050
6cf0bec912071b31b7de36fc60f3b5cb305a8050,b075b7fc15252a6c62ef6d0ec0936542554d8d67
b075b7fc15252a6c62ef6d0ec0936542554d8d67,9e6548e581ba41d642957ee6573fa4f20d3758e9
9e6548e581ba41d642957ee6573fa4f20d3758e9,03801aecb2708971444228cb24e7ccd75f6a478c
7ea17b859cdb1e42a00d19e3a15ac10ded9db101,5671012163cbe98afd9294cb35a6fcdccc080079
5671012163cbe98afd9294cb35a6fcdccc080079,0740c673bd1b5dbe13a3753f964334cc153bee8d
7efe27be740210bb7ba2bbce45ef0c7d0abce6b6,b2060356b60acc44bf89b31aa7f85a4765de0ae1
a30a6758f381d82e4080d0f13e415ed8b153cd82,da02f037cf9937bc36c47b4ff1f5feb9ac1332ea
605da3afb6df5cb6306ab390144e7bd57d8ca2b4,549eb8df4b985ac164f8962920edcd93c9441b54
549eb8df4b985ac164f8962920edcd93c9441b54,3f9441ac5f579ccfc83adb9d4672b8ef69084e77
3f9441ac5f579ccfc83adb9d4672b8ef69084e77,c00a78751e2c678ef0bc40bf5d2e1dc2c19fd158
c5cb0d2f0b7a440a6a84d552a7b2cb5320a77750,f12b2b7e87f61229309adfca8b8564bb975f60e1
a568721e866ba8eee0a47f8a1067e626820891a2,b9e3b46fd87729685ff7e2326b2d31f744578e28
21000fca2cbd8162c8499519582ef8ec5b462130,a071beb662a4b6af86ed94a2a96ffa376f4b9bb1
a071beb662a4b6af86ed94a2a96ffa376f4b9bb1,742efae41903616769c175185f2b8fc77f9c6ac5
742efae41903616769c175185f2b8fc77f9c6ac5,0646a4f1ba09508d14cf0149eb043066e3351094
0646a4f1ba09508d14cf0149eb043066e3351094,ffa5a69ebf3de9c844c8f6807ecb5dcaa124e12a
dee8fb7a3978cbf481e0a68ce07324bc8d7a39b5,87ec81e435791c095d525bad8bc586c6885392ff
34d96da876f5d936180b2557f2e9cf1a6cbfaec4,40fc542cf633de998a9b570da6139681e73e8565
decd2b8c802d5e8d298b2a73849426cf4cd1759b,0234a44c84d9a68616852a8157516079c536c24d
0234a44c84d9a68616852a8157516079c536c24d,3fdbff3faaaf59fd3429051b4008dfb7ed23e857
3fdbff3faaaf59fd3429051b4008dfb7ed23e857,919d1277fd11c572d9eb2f06280b2e8ff445bde2
919d1277fd11c572d9eb2f06280b2e8ff445bde2,7f1f072bd39394d49bea8c237c47916c643068c6
921594cbc07b8926d2244012195628dcbe43d9e9,238ea2088468bad5a3f0268032283bd1e59daac3
895466bc5961da5f112d46c8fe196c5572db7fe6,05968a29bb0dbad87ed7e43d53990e6d1b59aba5
74f94fe5a37cefc35ef358fc569795e6fbab49a2,25999ba9d470933686a517a2523582bfa655959b
fdcdb2825117577f07febeab7838d58acf0e1953,38f006eb9a1b7170ef495e3796f9056fae10bc5f
c639fafd64b3a2c979eb75150365d41fad449f49,65870b729fc9a347609b77711a64817c817b1743
65870b729fc9a347609b77711a64817c817b1743,b5f59a129766c4ffafeabfbc8df04d6270877d4e
9f89c23a52effad23f0ddcd9f402f19f9917a503,3bffcf5e2f84303d2adf323ecb5ca175445625ef
553f102d6eb601e9e033a4418361599b5bb41653,32208b14ebfb89705915c5c4441e6722c6614095
32208b14ebfb89705915c5c4441e6722c6614095,485c8eb3e93a9e493abd016d77d5a84f2c200c8e
0d424997998a2250b6f694ba548ee73c8eab8d3a,41ed038bb9b9df58e0370ea545e17ad88f02c4cd
41ed038bb9b9df58e0370ea545e17ad88f02c4cd,1112135920f0b30f0c247c478aead99f57b6a465
3c061b7863d795d7c784be6e438da17f1d97f6e7,1d4bdeb68dad6f389efc13e7da2c81d8f95f074e
1d4bdeb68dad6f389efc13e7da2c81d8f95f074e,41f69749f264408344d54d89ff2286c5b8775dc8
41f69749f264408344d54d89ff2286c5b8775dc8,848e7cfaecec9b8357a9ed913db22d4a64fdd4fe
011766b10db3d932d5e86cddff8d1d460e53fb9f,d55055d02285cf3d316c76dfef5c68ecee9c8a64
7087539c4d25272c34e39763625553ce3ac2fd01,4f0cbec3089880940486a85cde86489ec4b0dd2a
7afa290eff20f843831beeb273254289f84af2e2,ab733b73ca448893d04721ddc5ab8d52b7f3cd18
222d5cedc88007d37ed6433a76403aec96027575,19f8cd0839cfb055f15e4260feb05481485304cc
396673b2b18d947214b901f28453960570eab54d,a4a0428bc69e157f5f328bcd7b84cf4c5a82aeab
a4a0428bc69e157f5f328bcd7b84cf4c5a82aeab,e79cc6bc243b41eac2b7a26d9a2a16578a97371a
e79cc6bc243b41eac2b7a26d9a2a16578a97371a,d32a5d5f338f09549bf458b0b41310a12bda2c40
52479e94bbc92caf198481af3bc0989bfa94716f,66868b1186cd7a87306f131273aa0ea1197ded0b
66868b1186cd7a87306f131273aa0ea1197ded0b,09d9c608a4c8f8fd3c6a5cb7e6ca07a01aa66c74
8f516bfd81f728328808c60e8844a2829abc22ab,00c54e68b81e4c0e964948c00696c769a3616054
6b2e49eb13ad3ad7037381d2f94033bd7355b199,8201a90e226d885633281eee91e3dc219963c128
8201a90e226d885633281eee91e3dc219963c128,de925ab3971a0979bad103a4150425c3ca62cfb5
1d0602b55a74bc477e20aeb505c463a86344145f,efacbca0cac3503b0c7131e5877b5f7e2ccf52e3
8e7cbb3991e01835b2b0c318cc98317e4039942d,d3bd603fb938751875d4e8467859bdffa7ba35db
ed753d1a38b5ea682f1693209e5e136856381763,64d2ac8ef377869802c56f1b94de611a4d5d7d86
64d2ac8ef377869802c56f1b94de611a4d5d7d86,4c757653872799c76d064e6bd6177786fa1e3e77
4c757653872799c76d064e6bd6177786fa1e3e77,641b1c425bc742cd5e07f93da536ce12ca8972ca
f0bdf887fc72f777d07e0d74c35c327cf812ee1e,8f49cde62703536e4c78f9d8a5069dac7157aa81
61a2beac3ce32f3778046edf672c1c2831a1922e,8842abbb4f249b71afd929881b5c4b813da8ab84
de46db53e91fcc83f7b85e6ee413a9d84e33b8a3,2db9a43fd6af1e9680e302ba456e82222298470d
1655f54817d7ffcd3efdf20d773486d1e60a7b68,70f1d173e236f5cfd8c9f7d82fcb8ad197f28fa7
74aeb3ae4cf9091c3bb9c5c4eb9aed9c4de896fc,3fe29b27be341b0906a2884faefa219830a66467
3fe29b27be341b0906a2884faefa219830a66467,48b166ab5717a4423b036bf2ae43f3428477dd83
48b166ab5717a4423b036bf2ae43f3428477dd83,2a3017252574cb0d001cc9316a9b3b93e2525b04
2a3017252574cb0d001cc9316a9b3b93e2525b04,85c5275ec15276c806c749132da89a35d3873ba7
14028adf04984225ac9d70f868c22197fb390a19,63b868535633f68b91739a8b1d80ea1bc9704270
36ebf11916704b3cdaf4be840eaafa66a115ac03,168bccfe81965068dad9a97ee1113f198657ff4f
ca455482891014d036657d34a2261d8ab66ac5d6,cca242a581364307c170cb1ebd1191b560079bcf
9186c1aeb543c03f28ecf956a5d12edea1a6feb5,f9d18745c9b96cb9671db1393ecf0611e51698ca
667cacba3f52e98e6214cd37051476edcfc74b17,90df4168f863970794cf26fcf05ceccb73207675
a11cfd45c431dc9b6689642c3b43bf08ca416570,f51019cb636f4ea849a3506ef750c856b3f1e18c
179fe42ff7f03f4f8998692023a524a257dca6a0,4be69a5fc77e6e06bfc2ef238982bdb280f1fa8a
00f718e6c0ca82c8a817ec353853b3db733a6a7d,990116b44af4ed46b5e440fdd2f617d89a33a1fa
dc6c5f55cd25236e9469c24b85c8cafd29573281,afd00785c8abc2ec06d9748df0f46a41d4d9b158
a7d1f32c89f3ea8b989a2d63fac13a44bc34f946,51193f1d20ad2257ed13ab83bd0be52c8cbb15a0
51193f1d20ad2257ed13ab83bd0be52c8cbb15a0,0ab59e5524d4f9a147b5c747ad1d74762009cc5a
4212a56f2567ab750137ac8315561d941741035f,856a35af6dee32090765ec0f5de0573ef63db4dd
856a35af6dee32090765ec0f5de0573ef63db4dd,cff98a30e20cf3d903deac5d188a26759daf1047
aebc40c408730e6e6113bf364d6f741dfda00740,c8eca9a396adb63f50e00506c53cf24ec723291d
001cf6c10a21211802577687f1cae4b2cea7fd1e,593dd93cf8ee8f5a5b4c0f8506d1d1d136e26424
593dd93cf8ee8f5a5b4c0f8506d1d1d136e26424,4bd7b6c4eadeaca712f63e0e73f20bcf6aadbffb
93de96a720a60365117ef41f0801e8cff7ac06bd,1e793ced24ecc4b584f72bfaa66e8e463ccfb80d
93de96a720a60365117ef41f0801e8cff7ac06bd,d6cd1489d6e454c77f78d44d5bc04d589f1f9ee8
d6cd1489d6e454c77f78d44d5bc04d589f1f9ee8,e2772f3eecad0a4ca3a8981bf273794025000d89
c40bc2fc2adb6ecb760967958b54e3baa192f753,eb65bc748b055d16e04178cbf2b87313e77cfe5d
e1f938f05b9f47dcf7e670bbdce5618f65989811,d8aeef1bfdc30cdcd6f045521aa03ddae56d5e99
123342ea0b8c11acb0fd35e96edc542fc6f87b1e,07f1bcf54324889a35f502033080ce867737b397
07f1bcf54324889a35f502033080ce867737b397,5921c590e3d1dda4037c1b98d95039da5a08e1e9
5921c590e3d1dda4037c1b98d95039da5a08e1e9,c331d2eeb2db860e83013854d867257ba0e9e31b
c331d2eeb2db860e83013854d867257ba0e9e31b,13db172320ec21beaeab3494206d8a51d598805c
13db172320ec21beaeab3494206d8a51d598805c,c842abff2da096144a68d5cb8d0ccae30d571cc7
c842abff2da096144a68d5cb8d0ccae30d571cc7,6c07dba752ffa1899ddc9e0ee0ede401f1c7f13a
e40bf0251d9c31c4a22affe0837c869838b8264f,76d7ee3a2fa002581f3771a22e004fe39858139c
a3fd70f2405d4b7582441d8d598fd6e78b3dd702,ed7067d36db8accb38da7b2e1a5d64e159baf574
ed7067d36db8accb38da7b2e1a5d64e159baf574,12e4785d44dca82e15ffca087884e32aed757834
f236ee42edb720e25665767ae0784b3b1d004d7c,ac9852122fd70c1f6bc52857f2cc0fc36bd10adb
b767b82c86381def456f73bcc2bb1aec0270b84c,fe6f0d368b2d48d8e8e1082275e6b3e521710575
aa815a52469ce8e09f404c6f5e66af0f47c78829,d3f3725479c78a4b0a5c15042b836576d0aea044
2c941b89058d849a30db635cd3912ae63338b467,de3f089bb02c438c430fa02e37c2426921d40285
2c941b89058d849a30db635cd3912ae63338b467,be207651294fab7f59188859eeaf3f62173b7be0
d0e54bc32c2e21c3841a47f5c5acbc67754518b1,945e4e3ef5b94244f11259a0522b3c876042dc2a
68c55979fbca4ca165b06ec85d6cd74bdd249d97,eefc55f28feab92c0d637ab8f11e339cce827c87
438567f58c86ab13d721bd34f039fbddea52906f,b4d0e5b660f028c41cf49393832c9cf5a7cb01bb
07915421a9ae7898b274e787b52162cd4e261431,8d8e10672e4027c2fc0ba72b0108b7f2af869ff5
df9dc4892bc6d52a60286df06f8b08895d60a106,518fb941242101a4407a46f9ad4bb95122a374c9
518fb941242101a4407a46f9ad4bb95122a374c9,09bd608174b483d42bf8696cdaa71b807de3d938
5f5e2dc0ee5237ef0f14fa4e90cd386a39bd2551,9f0ee9d53a6c4ae4ae21d2e014077502833fea9c
47b792bae10ced48185063ccb558cadbff80c1e5,c6ba97eab699b326f27c68cc85a97e2848e8f564
4f60e52413070c5364fb940c2bb2550b799c29b8,6d2b823a5438672ece9b537bc6e3c2aefac6e7ac
