ca3782eb7e588c155d229e3c80dd1d300eb8cb7d,9bd66c1692845385c17b6bf0e28a3561c89b59b6
b1c9904213238503311d06a1369ed5e10096a905,00164c3b6e0bf83fa13ec3021be05f2d897f2598
a3ef635ac74cd4326014f75b65871ca14f05eb1b,b59d601dd5974f7183f326a08754894e167d446f
d28622f2dc1b9fb26c25180c8c986a3138381e31,07472fe6fe3b162ff1afbd75969c3b0b35851ee0
3935ad1cd9cb556ac931de9ed5c7c9538a3a8281,6f32cdf9829945b55f1474625f5b9d0e44d027ee
616f486b6fb06c820f5ac9eb40326f4b75166703,8ebde63925cead7bce8020b54bdb7d95158c9293
4e2c406bda639949c57bc7c2950d921afc253388,7bba35ceed7ac3219622583a2041cc4af4801159
fc0da837f1e079ed9c536163e0c88c12fe39f970,7fb35d636d6e0ad764a7b0ed5fe7f94ef2b4d5c0
7fb35d636d6e0ad764a7b0ed5fe7f94ef2b4d5c0,e35714f7bb50231de45cc46f4be918ab94da9005
7beb91d140b78f08fae7f3c8bb36675864c6d7af,22b9826eeae1fc2496c5ceba6d34818d5df3c155
487e6e4354084a087c972c04d0b322f7d0da0502,d029e2cfa350867c956bada4e36eeae1881a7ed1
c635d1aa12e1749ab1321128ac61c0f3e6309c1d,b8d9f6c5061ceb8782023036b043dbf2a21db694
6bbd93e409bc9192c1b7e957e781c586a445f6c6,582377646f8d56141cfe307abb99f1b27a1962d8
25379a3c1970c6a5a65441b5b813965ddab50d1f,11898c564207ce7bfc7ba89636f93584e885ac90
