da665fbf90abb1862c1821fe9c5ed19ecda8b256,bd0dd16be854f27c0335bfc851e529ef149a48e7
6b4e78b826944dad2be1b34ddff9339e14e97ca1,31d2013f5295c48d6a2b0addc64a087beac710ad
a9a38ba814f2cb32c5c171986132c8fd751eedd7,7f1478c3e20ac02136ab9624bb55f84bbd3cd587
7f1478c3e20ac02136ab9624bb55f84bbd3cd587,b92c3e47f47b3a3f0d0557e2fce852568a177d59
dd44d6c126e9c4767f4e2074150545f0ebbed891,50c6a083132ae5dacc030d2f8d766dc8a0f170a1
8b830d9a9cd3512fde65bfc6f661f06a0495c716,1d2b97384e14d65b1241f67fd995277f5508db28
9b90653b808ec847513f445639e935638993a79e,4876154fe682a49d4296638f5f3408e19ff78fa6
33f826895d64837174da86c7cb1837e8f5157cdf,b88f629ca79ed331fc3d28fa85dd521eac669938
f490a7c651902f931b12ac34af0175fa8242a6bb,a0366af86749899d00d4f8ce7cd785ba27d98685
a0366af86749899d00d4f8ce7cd785ba27d98685,e2df1bf3e07a12435d6942213227b80012e98dd0
e2df1bf3e07a12435d6942213227b80012e98dd0,212afb42b664501f44b47c7f38e1812eb2fb74eb
e05df0782d6c12aa2ce661dc1ca7906075e17fc6,e128865f8a632ff6ba16fd51b290aac38cf4f53b
e128865f8a632ff6ba16fd51b290aac38cf4f53b,954feb6da3e160d7e488c6f25ab85e48da08e429
954feb6da3e160d7e488c6f25ab85e48da08e429,0992e6e75659c1e22eb6296b9fdd8ede9c94942b
6d1e8bef1fe0138ea139e18c79fab00521bb0814,af3c2d8ff947867f426b8a0e94366d9196764ebe
af3c2d8ff947867f426b8a0e94366d9196764ebe,e5c49c6b2e831196942dafa5ea382f01f3db6164
61c9f56bdc43f1c7a472ffba9c0b87ceec1b90e2,06e05877442fcf96b7b88e70abbd9790a6fba908
32ba76c88e37c336ec7c8ed89025a159b4cbdf70,9d240f12c9f2744dd6a25b26f8579df4e1423d49
1a0cf10be582c5513a6b66fef47e649280254757,ef50d55a4165e4dfc879bc5cf59c652f8e6af3dc
6671a9bec56be6e40e84f18024b161754690e44f,36dd9ea67e468995fb2354dd756a74e54ad376f8
5a3ce35d69eb190d42a0314793b1641af54bccdc,44522c11fc749bcd92ff0f96d1893bc0ba07259e
44522c11fc749bcd92ff0f96d1893bc0ba07259e,7356a439f20759047416c0a0537355090f4a4fed
7356a439f20759047416c0a0537355090f4a4fed,291720d805379ee827052e18c416d171cee39076
291720d805379ee827052e18c416d171cee39076,9b1bdaa44e68e38e400ed4bc95c57e100ff7430e
9b1bdaa44e68e38e400ed4bc95c57e100ff7430e,99df449296ea86979399c6881b9b1324e1c3039e
99df449296ea86979399c6881b9b1324e1c3039e,509b43c4bae7ccbd4c34c8ebd035fae46add1205
509b43c4bae7ccbd4c34c8ebd035fae46add1205,d93e6396370186663c51668b2517025934e6d79b
d469b2f0fc7d43d7867b4c7e9bb61d1f75fb7c93,407fba3ea768f65b4de9c6cb45635fd7317cec7b
407fba3ea768f65b4de9c6cb45635fd7317cec7b,5d0d963ab8cccd5b12f33c547852690220540cf0
5d0d963ab8cccd5b12f33c547852690220540cf0,e8e74a472e4685d8309557ebda702f557743be8d
e8e74a472e4685d8309557ebda702f557743be8d,bc0bd77230e1dc7160d8b42f2bb2320069c251cf
bc0bd77230e1dc7160d8b42f2bb2320069c251cf,e52f45c205b6a18cea8b9f664605887716e91880
cd16bf1054950f17bc4f96dcc616d07c2f8c5964,e416c865d3c868ac02f921acf768634d702a1366
42adba6a1668ff30c6312a6ce3c3d1f1acd529ec,a14497e686a6c35e6e773af398969f4b31387097
242fab53df86a6e0e97f2b068c82ccb7aaec17ef,c90a92ab96df10eb04279cbfc3f1af7575e3bd67
29d99df88de95c2da258b2c32fb88515b7dc4fd6,15a190c9c61ec442361fc87c7516874c643a37e5
6dbd78857d31cafcdc64c53f68c3c7940d7c5a4b,716e33c14788f7ff9aa8b773cfd92b7788c5332b
e7ad4d74b74dc5c6c4c0084129ed77ea18bcca86,62eb2088dc978b7388a628526566366ef41af946
62eb2088dc978b7388a628526566366ef41af946,b19dd4108994ae38411cf5b174a9269d9833d576
b19dd4108994ae38411cf5b174a9269d9833d576,fb37e91c63bd9a6b0cc46373ed95ca239d2cd0ec
494d80bb8246e8ab071f2626c7fb3295a5a5d818,5515d738a0622de0cd8e93ecb7b9384302d7b7fe
5515d738a0622de0cd8e93ecb7b9384302d7b7fe,f29fc84c04cd776455b837e447d0bab4fdbb8d20
f29fc84c04cd776455b837e447d0bab4fdbb8d20,36a5cdd671f6c318420f96158bc6ab4c62c9917a
4a25c126335bbcdb1cea4ff2d5a7094935b725f9,f687f45838069aa2bbfe84cfa0b3014ef47f8207
b5e0dc9c6546fdab2751c46aaafd2ed162927548,32eda5e205c41c87c1b01c86e40a45e0bddade14
d14cca9298aa1522a8b29873d07627d38f2ece51,9647b9b56d32157628c2914de8e39bc3015f7a95
9647b9b56d32157628c2914de8e39bc3015f7a95,72c0aadcbc6d48416ba63a12092e17e42e2439bd
da90053fc3765abcc448fb26774fa995be3e4735,c73e4134ec483d5629a637baa5f7257cb5c821ef
ac8470751ce2bdc999c957a188dc8da0716d0299,c06027f97bd067a84da98be060bc05450c39a8a6
c06027f97bd067a84da98be060bc05450c39a8a6,08bf423084f27a644b7a89ba1f1aac6095025074
f67e4700e51c7864a4e8162dbb7e0a36488a2361,82629969149e192cf40b44b20012c4dc9ec5b184
bd969417a29d1f46202006355a90869b6f52ee44,68d1d76c584e59741c37535a4f82b0b497431445
7f8dbde48cfa662acd114050dc2775063e545a9c,460a555d9e84e6f950b13700dfcd0c5d010c59bc
5693f10550fcc0997a696ab08429966e3e597001,bb0f52eae2612f58bdfa102e1d82c2da8ec0c705
fa0262246eba00e30267e822251766c218869b22,3febe088fe7125d2b6ededb4d96ed50cd61e1d63
8f5afcfd516dce43cf273dc25260e898b75b1ff2,f8e07410622be967c89f29d6f0a719024697ddbb
1427003cab6f279ddd95db45155e4792b91b389f,bb878c0d15294b99ce0026bd0d88743192380ea2
363e060d8f44e53315085cca92766dcfb3bbb42f,936a7bf8fd1f3b8085af4267f6053b38dc734acb
641b370dd4a2f9ce5c8e74a8ef82b43c365dd8e8,383956c7dfc4136c1fe868297bc9295d53dca656
383956c7dfc4136c1fe868297bc9295d53dca656,1f64b11f07377ce59d2c72a279bf948ab8b6b689
c4df610aaded1f1a1ac9257b263d0d32526b9f3b,d3f0ee69ddb50e161e5f6d38ad82dd2bd81dc816
9ded25a11b9e85d66f81923d80d69df07184f255,b0b7d1d48ae5be036d946f9c22e2dea1f9b27ef1
b0b7d1d48ae5be036d946f9c22e2dea1f9b27ef1,9e6ae6ce6c2721aa154f41469dfcd8c7b696719d
9e6ae6ce6c2721aa154f41469dfcd8c7b696719d,7c8323ed9c6f9121caa68ff6850b01a8e219219b
7c8323ed9c6f9121caa68ff6850b01a8e219219b,e6870007a2c9bb3423c39e6a59c23d4c9884d2dc
ab594de2520e08df500998b4d401905b0fd0d29c,5ec3366dc87cea4c599bee13c8511f122c0c8ff6
379708b26f8035b2f4b308e93cd6eebe90081cc1,b7a98d384366f18d2a64add2ef0b09a4c55c67aa
b7a98d384366f18d2a64add2ef0b09a4c55c67aa,2c6a127c0cc2c94d448cc363b28af7e969a0d23f
2c6a127c0cc2c94d448cc363b28af7e969a0d23f,3697e8659ccd4f55094ddc656c220fea30ad6c57
3697e8659ccd4f55094ddc656c220fea30ad6c57,3dae7848a74c7d2b341e671222238168b7e64404
3dae7848a74c7d2b341e671222238168b7e64404,8a07bcd49420e362b790ed43584ac397965449d9
5719e76539810ec41afb3539138f72393418b0ea,5731774ac31f13151352242ce36266cdd7657b71
99fc16e178868d105851247f7b975c659876da04,d8f0bf77c49586b3d15f1238770dc9c6705d4ba1
a0a56724cfbecffb26aa29e0f5cddebe69bc548e,161235f7a388691c719ad40037ccd08c3268d47f
4d1ef52308d944faeb91ad1bb5eea8e2d919fc8a,d4adbd4822b3d93f0a607299e9f66ba119d08690
16ed985177282c36913433aa7c14fdfad6adb3ed,43f7804181adea25e8d861b04cfb0466b6d59bcf
68ebe564ffb9d38a8c84cb1f2e2e286e83e71b54,b2e90eb43d253420f7a8743cf5559c931d06a77a
9bf65d0fbaafdbec439ec1144decbf2f5875c1b5,49b06497abb41115c09e6d0b6188945a45389646
caa5dae931d82e3ef102d2a889abdad442f8be5c,76cfa19c7a022df26cadce794c645bc687e51796
3596e725f458bb77c3d5e6c670ba79f3c8d5ae8d,b536f9c643dba4dc142c2f9c77c6cf42d02b6ae8
f2e405c31552f3265c506ef35f6498560c15c523,4a9c4eb69dbda775f29a4c51bcf5d8dd532bdd11
c332b8b5d809763f92746fc76f9d5a48ea734a6f,54272e86b3a28a3f140074477710fd951098cde9
2d0f150b5cdbf577e7b1d276701bc64628bb55fb,39e10de5e6cdb68349c24eaa55cb9443e610540a
0f7b028c2e18f8488569b67d1939c7814321ae66,971f1a0951b754906be28664e516cdd7bf620b20
e2496a1887103a31e34f5bff13690a883df03949,f1004909ba15928860591e75028996ccf1d8ff92
6b2619b71077e0d30208d47b8d77fecc07dc1039,489abc4fa46d00c105faca02bafdf94d48cd674c
131544a7fb6f05c9d49e167897b9904445510299,4ecbce6cc921477c29a9189373b5096d6a35e61c
0fd08b4c467e525dc88ee8b3859775e3993b9cf8,d4f1c610a79b1dbf73f51121c4320228ba27b758
d4f1c610a79b1dbf73f51121c4320228ba27b758,63c11bdb85d36d7d4bade6a1dc56e1e8205eb04c
2c4547d5d52b7937e93a234d4b4905ae3b9d242b,c2aeb3f484b6716a03bf5fcf8cca6c2bf71a79c0
c2aeb3f484b6716a03bf5fcf8cca6c2bf71a79c0,a6c9f138028b860deb1bbc4d88d8a712a3f73e25
a6c9f138028b860deb1bbc4d88d8a712a3f73e25,a896a01608807b8f6a5c4016025d29f3fcd54fb6
d45aeeabcfca9e95d01e5623b1cd087c305add22,967acab852512492d61b7b44e5f6a97e3b43fa42
bb8f53a2f72bc830c65355618e308a8932955f4c,2d991fd8b80a3f3379ee23b0c6b311d8766234f1
8b24f0706b8ec75a26cf9151cd9f6f8460bd68ac,85992ea43ebf74e03250b2c3a000a5ddadfff014
2a68f9b9bbe9f27bdcf635b5320dee47d74e78fa,e97b770a1783e0539104f664378bc7dc02c27f5c
e485612d576852e61d907751c32b1c4778c66a73,5c8a67a233d7659d07ef8408105193d9ead666c9
f668aa73f90656eab706a0704f9e55119056c888,ed2e4cec523b23e7384be8d964bf0ca212208fd1
501c4ef96b06499317b147bf9e3bede29b27e986,a3040832a47c5dbf8a92061a63b48e582d6de185
840f0e2a88b554ba6326c22e361430fedfeaa39c,a656edea05641c2a0f02532bb2dc179c25a8a90b
a656edea05641c2a0f02532bb2dc179c25a8a90b,5e60ac6885f5aa83fdeb5e12b33280eb7c3e2e51
27fe5e61870c602d937977c7b965d531dd11e42a,becb92d4c75034dcfc19ec2f4d4129c9967397c9
becb92d4c75034dcfc19ec2f4d4129c9967397c9,f80b30a034032c4423544f13d4ecdd5caf45f645
277c3525aacad48947124c70a52176f5ee447bc5,5f5e7f20f4466f3c727bf0fd34ec3538ea032c9f
f04fed82e2f04ca1767defc13b3c3371cccdceae,2de3c5a3e7cdfaaf5b88fff301fd789743ee291c
a6daac2130f787d01ccc1f829f47991c2d7ebc0c,c7fbc0e5155aed0915a04baba297268c16f65762
1ddc6f1c2f4f87096cb4f8b0dfc582bbe9679b1c,6284670803f3975289e3eb63e808aee29e873aad
2fe765cce9b64c5942e5a509e615965d7376f7e2,c8c7f9973975e6a99368ef6b67660ebbee2e7fae
c8c7f9973975e6a99368ef6b67660ebbee2e7fae,f990d196e2e642642f32ac43d5c616bc779f05ce
f990d196e2e642642f32ac43d5c616bc779f05ce,684bd568cb40cfbbe96e3e60b367b450ac75cef7
94b8aa5ca6283aa8bfd6a50f15ec113c2485e209,02d6c69863d0a85110ef7600dc528beee8812baa
6b5102d7ac2f0f9d1253ce8dfbe586e278b87186,ab7c6ed0d5e22db403efcc6b27c116dcecae80f2
38583fcaefa2f22442418e1a875120ab8c23abcc,e61e5e4abcd399b7f51006cb0d6a2577722f8d1a
6bc9f60b1eb21a05af15d302a3ab2fdd01046bef,583518d13014ddae43706e101e05c73d81b832e0
007834a55984be120cad993ae920c759b91a11d2,dd5278d35fe24c247a0f4ccf019a126e658bc0b1
c6a32d813b75e05febd7e83fe89800347233c557,b738883bdd31aa5b0fbf640f67816d62943dc2a5
b738883bdd31aa5b0fbf640f67816d62943dc2a5,aac2ad633bf842b284b86cc5127416871d005147
b15fa3785139eed9b1d47bbee17a95c39202258c,33fb3904ddabd0f1dc2fc55fd1449107849c5294
e6bb4a271b168c84532f15e03aab0471daf5b02d,3194fa442ca3115e6f7eb9da340ad7bb9da2fa75
efc7dcfe3bd9d95dd7dd4332e32d4ed47d2ac9af,1bbef7e4bea44320b9a8ed97c35a463cdd0adaac
fc5dfaf5e4a7e9bcda990dbc9e2c04f2ad0cb15a,973afe41dca8fc421fa5ec90e672d8eef7fb1f6b
41f53e9d2180feea1c283118909a12a250efda07,6159bcdfe970881b9df1f9864e5e428f92692446
6159bcdfe970881b9df1f9864e5e428f92692446,aee72288e79fe672d83ce8b5e85246ab51bd5ec7
8a188967d85188e11df23056517261797ac7ae81,61a322d661e71ccef0185e1ba3969f58b8903ddc
99556c36de5ec2a91b69979974f3b366c31ca99b,611419d41032c36e8e861504cb474f7f1ee0b5fb
57317e6b70f176d58be102bb66b5c8c75ac3ec9d,20c05f8247bc16953e14d52ff7c9f314db1bf6c5
859b1c5fb8a495e68c1d51b7837ee7811e96f38d,275fd8b22e9e7834f98e393fa30efe209d324e82
9d4eb9416c76fd2664fd2049af4b0ea16d30be7e,d87a82d91ebcb4651efb50fe14ce99dc7a8e7e65
5795b6ec02bc10c37a06b50234b2ae884511c480,c9db1ec059a68a2ec6478feaf68880e2e48b5d4d
c3040059c566b0aeef9437f34da941957779c054,a1fdce61603da1695709998291d57b3ef3497923
7c7af34cdbef9e464c8f25b8972d13478e7549ed,5ffa58c5a114996bef8ae6fe241c3d7aab9adce5
5ffa58c5a114996bef8ae6fe241c3d7aab9adce5,ad8aa58f132755275d257b7859ab2b69f50601fd
0d7a388d5bf590efa73564cce471d36f8f91cd1a,d43224cfc6d1ea8630a4d541d8a6b1d49aa52ddb
cc448acd216b99f2a3f29e69ea8b74abe1d75343,c615252fd9176d9cc8e6f2b80e8562ea9becdf9c
353c1ac8296fccd1c30bd9c66c21fb8046845c77,d9862541f45f077928eaf1ae68ae6c9014b05aaa
4f287a7db2ba8dba6593d4f270bfae1c7f71d51b,916b28aa000443e66a508167301b9590d4cafbd5
3766b15b730198f50c3c696e921e13da20ddd761,eef3a58398f80c0c088160e480a5cff52168dcd8
a850c6d2f2ca76f08c8a4bc73bc65b37ef4b34a2,1dc8bb14ece4374deed475c960b4d0fa0b9297a1
06d659783438aaf3a50217409d008387a2f41a27,dad679f57c3093be63171524743545e1ebeaa9bf
e596c62756ceff46aabcda2ce8af8989c5ad2eec,adb5a57cd0a90215aff93e6198026c76d62139a9
320276343b02ed41c32c786d7c9294294583d75e,2460f64c1e8173cf7e09521d4e8e47f7ef437644
831152c039d8bfd454c55bcbb0dbb999914aa756,ef07de493edefd86144a56af871a7805b3260bc5
3d5824a1128ababb8706363113cf94d48cfc46b0,62be08ee8259f75cbf8e2d9c395b6b17a2d8f651
7c661480c42ff41e85c57999f86747450691f249,0bdb4f282a75ed5c04b70e48ec39a641ab83d049
121f18c1b30d5859f9109ea40c1bb206de158856,5e2123e881b03e99890aa4e66527f336f53e9e04
10303458f649deb9e03158e643e806c474406a80,dc115e0304ce66fca24f99ca51ca17962ec4d2cd
cb2a22715fd7c3a70e6a0e75bb94e704855dff96,ae069b8b079f395c9fddd0e32f881d174eb4111f
dfb0f335d125aa288cbd70c31709222d24e3f747,2f8038268e6980f35643089024a9d08a95aef7fe
2f8038268e6980f35643089024a9d08a95aef7fe,73d106255b2f9e2e17d1295ad2c3fabe3697ee73
a7b46b14f93a84d0fbbb48e2105604991baff39f,eea38c5a4991ba739053a10e32e252ec321cb383
d3b4e30095cbbc987a51e9bbef143495a3f36e80,f5d59d30d06919d137dfd7561cf2c728526fe5d7
f5d59d30d06919d137dfd7561cf2c728526fe5d7,a79ccc922a3be8e60f1909dec344bae1b8cdf824
00453fea6e49e6728e7c61079b7bdbdda071112a,7b5a19dbbeadf05f53cda3b35b8309a42ad55971
a223d79aa5022f899c5dc649e8227d0d20159ba2,8ae78500da543dfa899404bdca830b90277d17ad
38adf1d1829c288962ecd7e8047331d005ce7db7,e57bbdf52407e664090e243cf06b7c93d694c644
e0a94578dd198163fa92953aba8a5d570d2a80b8,18d0714a35ded5ae5054ac3433996ca4dbd9b174
6a8ca8bbb8584ac287901aa1f3d38f49c1ff4a8a,56779760c70313c45096ed71593950f250fdfe43
1be972f360b35ef70cde9689fe6a71e58db42cb5,6155a0f0e3bb286c52a67ddb2c0dce77f2eaa8cc
87cf7ee8396b53fa993dcf7fa4d22eb7dde0fe7b,179e0875a1c534ed29cb78c7b4057bb713a8f1cc
b1e07ee5a6c6859abbeb7343d5742f93997994bb,2f1eafa0c5a7ce276e447554213072da946394fe
7d586af39828ec86473cafe971970b85ff24e6e5,0acdfc8b94f515f5cb0c8ec9296be464926b7a42
b1ed0b62741a9dbd5569e133e1d0c13ed0405c65,8e5127cab48c576cff96a53dd8ea8b3a61bfd7c6
a251ff65dd54ee8df5cac349399fa36783e9403c,b0ea10e46ef9fcf3f424d29b7f286bdbdd9c478a
6756cc29e3cf757684314896cd5fff917f7df0e3,7aeaf49f58ee88fa1c9bbc66c8083240035d88f2
7aeaf49f58ee88fa1c9bbc66c8083240035d88f2,c9c1a7117ccbc5788fa39450f4fc25e5ef087609
a3a40f770cfcebde6ade57a1aa0372d60fc3e415,3097b4cf6e2a44aecf47cfa6078aeadd054a6f11
3097b4cf6e2a44aecf47cfa6078aeadd054a6f11,77bfce504a7f22f877317e1ac42effdbf66225ab
77bfce504a7f22f877317e1ac42effdbf66225ab,1fa57b08ef11cfa4bf030764c6c954cd04274064
1fa57b08ef11cfa4bf030764c6c954cd04274064,b0cb40d6676086bc385f4eab4fb6a0245b3407bf
b0cb40d6676086bc385f4eab4fb6a0245b3407bf,867cf48fab034f839ebf88fd9ad939b49bc370e3
867cf48fab034f839ebf88fd9ad939b49bc370e3,ab72fb64e894c3bc6c7a55128a34d29acef373f3
1a0c77e745360c10afe939cdf76a2bb7e42d9e22,2048d41bd5551c29aa4ea47f6ebdc58408f86519
2048d41bd5551c29aa4ea47f6ebdc58408f86519,32dd069fb8eb4f505e2a9785e1afdc713d4d7239
a118c652a3e30f518ad24694852bad9d56dd929d,fe97d2d45249d39da48797d46438c0c2af1bd7dc
0a02d432fc48c0b9982ce5a2147de39961c3f228,91db614201a5814a326df34b748768b0b1586043
41004dc0e082614a41638abdc7b9b5cc2195fa23,ff82b815b4e8f9a3d2c442103e5af51747951f50
ff82b815b4e8f9a3d2c442103e5af51747951f50,4eac8428bc39cd443659443b88176f3852e63c90
4eac8428bc39cd443659443b88176f3852e63c90,ca1568b47f29ae3c63884872eeb409d846c0d369
16a04f96f94d888e5246e6ce6a55f914f4022feb,4f0ff33ea5876260b0d1f16e2cd738f5f896f71c
a22c2a13c6b8a330c73d32b9b167a4e6ad1841c9,ebb1528771b919e2144db46f0e259732344a1a95
ebb1528771b919e2144db46f0e259732344a1a95,e1f994f69152ad41c65304b3c5b15a867d4b3855
eeaa3683bead3479fb004bb6b20aafa13e42569d,c0ae33daba530c883ad0c9278665e5a225a1ab1b
87a062f90676294627c9f88a7cd6b52d00ba6719,3830fe85a004918094e806fec9106f41851aeb8b
3830fe85a004918094e806fec9106f41851aeb8b,8ea2408f87b0d950df858c4bfcbf052ced182dc4
35325ab412bdb17e0967b9d1e1230a87fc04e5b6,8f909127d3541a60f8fb9c5be467e9b0934c942a
0eb7849109c896fff2f2e104204ea96812690c74,41efd863901268bd390ace864dda1285d3362ef1
41efd863901268bd390ace864dda1285d3362ef1,1f7d71b575f347a3cfe51cbe4815e37c53bb04f3
1f7d71b575f347a3cfe51cbe4815e37c53bb04f3,ddc69fd64c5fb436d0d8e820eb2e79fb2c79403d
ddc69fd64c5fb436d0d8e820eb2e79fb2c79403d,bdf2bd8a7cfc05f16bea18b4a54bb29d8bdf0c84
bdf2bd8a7cfc05f16bea18b4a54bb29d8bdf0c84,45c7638d95b50169bbfac8b5b4129a202ece9deb
c1b606c62a90ea05e408b7f6d5363190951bf7fd,9581006363cbc5a4bf7215f21ca67cf0ac393c48
010c5291327a3162aef55100a4f1a5fc07f952a5,3689091300c6c00780f45a8dfff11aad7706e95b
a3cd7a6c77f40629b6aebce70c3f3a4488c48953,187c0d81ad83503083591b5be9163f5ffecc1b8c
187c0d81ad83503083591b5be9163f5ffecc1b8c,d97a5b60534c395192c1be00bae6b712274b7da8
1cab347438c50ca36417eab2b9da70ddcd26960a,bd99c93d84cf1340454780707489dd38c5b581bb
e999113298860bd9ceecc33f232c5371a0f9f5ae,a6a585cea2a68d757cf211ded022a604148c3fad
5f2b48768f500e2c0e6a5bac5af2908123e08a8f,3b72877223a2e7d289a2a006556422835086f135
66500839983ac1790afd98897663e712837acc1c,e1f755d970dc93d329082ad1d431b214812420f1
53d16123342e34481a9c9762677525d8058bbb21,db8044cb89b7b1c78ff1483b11874f37d93d6fd5
ea8cefcc6e6d3022ea07fa39ad745e607fdc095b,b83105cf84063a7e1887181b5930ac69d9ba3ddc
2510cb2fb2b8e6290edbf4b86646476cdee4fb2f,c73cee78bb7cbec5f3fd42633728c035249cb546
90d5dea6027df772463ffdb77e8183e15e5a2335,f919e2ef09b84c11e08ec54ae64ede3d03ae6d44
b9ce0071fa6d0a8d1837439fd14229473dbd0714,58523bdc3bfd4fdab8c44d2c290902d84feae294
b518d56b0a057f5c3b03b797aa2c744274427b0a,a0bfd922a32d11f7d09a27cfb039956b9df2ee48
2c69fb72c11a43da16503b6fe5cf2120934c98ca,643110d08804273eb27f3552e2862b954c56ccee
95e411738c541d87df7f29fd6321ab4f9d4f2a7f,5228f175a51eed749c8dc7d9e7784eb7afacfb61
5228f175a51eed749c8dc7d9e7784eb7afacfb61,90df167468a11ded3cab2e980a375dad048dbd8b
398b29362e3845a0a957202790366c9c6b395dc9,0346135fee36fafdfb7880fc71cb2be986d45d69
faf8029e0691f04bb39e8bf5343c166cb42a829b,a9f532c1c1002f165d54c7f9c13b0f0da701d71c
31eba6fd6d51fd7b8ac6e22f8b496eae8e7ffb46,1baf99dfb816a2d562238db0f9d6e21c0d1c90f6
4068cd067fed07fa45af21c92f7fb16ff32e3930,c1d9ef4569cd139f84e363acc55ed2a0915168da
c1d9ef4569cd139f84e363acc55ed2a0915168da,cbf3714f22321053e06d26576595440742a1b61f
edd0af1e4d7b78549d679f475a8d5c101dddd4ce,72fd05590c2d565e066925487210167c2382e074
c97cc31312620397159a465d1c5d23657b0b6bbf,76d9b2417cf08c19e3180d7c746144b84071b511
76d9b2417cf08c19e3180d7c746144b84071b511,e34c3aef20d089d21ecd952cdfbb61d6371a57ce
69032626528b01334fb319570cfd72d25e9cadaf,1b7f256117ca2cd3257dd104b492dd49852c65ce
fe31ba081669dcc121cd6bd1930a8c2ed8885c63,4178d4f3be4b86d18d88d0844a1412fb30f03597
4178d4f3be4b86d18d88d0844a1412fb30f03597,773167892fc4503a3c5a0c24452d8de035a63029
c6dcabf88a7faa80fec9151c895190ca05d9ce42,67be34c0e4bb5f1518f419936b4a6ab37904d7d3
67be34c0e4bb5f1518f419936b4a6ab37904d7d3,3e36cf09f8c380e50ed6e51eb59e3f11139de8db
69da38a953c2bad2a6ee12cc7d04641dd2876050,349ff63902b2586b5a37f6a4d311f8ae2644f6ed
0fc4beeb27807e515c0f6ef6851ab65db669b5c5,f96f501fe0f6fb18620649e02d21fb744fda774b
2500825b303fef38d427ac724c99c271c6ece5e6,88649d2b8e51349274cdd3b863847cf7a2adcb4a
e0e38a237e6e2c15519ed78292c95d3f49281239,e3cc2d62a0b5bd996f5258ae399002f423794fc8
b1f2d3c26ad8f8df61f4435a88fd8741e6f3f8bc,84a361920f57f10de686387da9121c3802aaaf2f
84a361920f57f10de686387da9121c3802aaaf2f,2bc333643a7a5203634cd2d78bef06309e463018
830576ca148e6a7a029d77052580f21f3a2c7415,0199042da42204f8a33b77c433145e654db6e172
a1250cfb3a6262faf2de60cfcd1fb2ac5059a410,07ee04ac5d22b73b0d2374fd0d065394cebda893
07ee04ac5d22b73b0d2374fd0d065394cebda893,3d187047bcc5c12e54ce43f172c1b780e4903f0c
c96f681b2d38a8d379b9f83cecf5ecd11216eb1d,1f73cc7c99d506903270df667382557c815bb1be
1f73cc7c99d506903270df667382557c815bb1be,8ec696a863473e075c0c6c7a602daf2acdd4b53b
8ec696a863473e075c0c6c7a602daf2acdd4b53b,b440e90152e1810ecd24d17f99532caaba8260d7
b440e90152e1810ecd24d17f99532caaba8260d7,d90a373f5b78cc45033a6f615f8b2aa4ece0dc2a
4c66b2d511154210c23bdfafdeb2c16b8c7977b6,fd9f95589a267e5ac4d7aec8e6bafc15d52b0677
2557a3de989971c00eab64c4ac309f556fe33e77,41c656be64188972b3719d6227b9e2b4f57fd1bf
41c656be64188972b3719d6227b9e2b4f57fd1bf,2a40ac63a43b2adfdd34bd16b80937afa3040e0d
2a40ac63a43b2adfdd34bd16b80937afa3040e0d,6903b8fe3aa6291fe3984aa5db86b631ce4a7d35
6903b8fe3aa6291fe3984aa5db86b631ce4a7d35,200bd1e4c12aa78038ca6efb646909a183c47a0d
41430027a8b2174867cdfab1652f6718b3c44886,8c457c33a030b9b0b8fd4be907a06c09284469f4
8c457c33a030b9b0b8fd4be907a06c09284469f4,20658eefceade7144d132bcdd207dd42e066068d
20658eefceade7144d132bcdd207dd42e066068d,86de192794c200a0c967c3627f46fe195da2edf3
ee9fbb312c19cf2e95e6a09795ee46ac0c2a2812,bf2266c04ba73f18cdeddc3df214fb39da83cc47
bf2266c04ba73f18cdeddc3df214fb39da83cc47,b04e0b69a3032ecf4baedc23f75e9b6ede5b6a57
1d80e2acc385e3ae25c9e6edafb78e41ff8e5443,b405c07a223652bbe28bf00f0c272a6d47253515
b405c07a223652bbe28bf00f0c272a6d47253515,1bfe1cc76c33cb17bd19d2b78842fd94c7a16ad8
1bfe1cc76c33cb17bd19d2b78842fd94c7a16ad8,8377616fc248ac66b601b0b0b3745e24060737dd
fd2a12af42959d5b5a8d53d5779eecf50036e7ad,b2f1c96f240a312b4b80b09620ecf4fde8edcdcf
b2f1c96f240a312b4b80b09620ecf4fde8edcdcf,b5e8d4017a6dd7f0825420d281d3cce38e474c7f
b5e8d4017a6dd7f0825420d281d3cce38e474c7f,1bbef3bf651657c87a085eabb7973595ebe00872
1bbef3bf651657c87a085eabb7973595ebe00872,121b58837d553f63adcb94c86905b86b1151d249
121b58837d553f63adcb94c86905b86b1151d249,6f8a19b71581d316cfcaee0484f36d9c0c8dfb60
6f8a19b71581d316cfcaee0484f36d9c0c8dfb60,acf9e67adfd656752ed9bad43d8b487ee7e6e51f
acf9e67adfd656752ed9bad43d8b487ee7e6e51f,dc3ce4a41af1c246fde342c68c26d948fa59890f
62bbd8717631daf0c334d83adfaccd3849b61c31,0304a379cc713c366d99094e0d5b05a872566e76
0304a379cc713c366d99094e0d5b05a872566e76,02a809a92ef41000762fbdb9c400e6bfa636723f
02a809a92ef41000762fbdb9c400e6bfa636723f,8d132a4555d1482415e8d3ab0ff2c4cfbc9a596c
8d132a4555d1482415e8d3ab0ff2c4cfbc9a596c,63f144a9ab88f87878972f35f9663b67140ed8a0
9c98941aecb5f5039bd124d93e47ca902e1ed639,bedaef999f775c46012008c0483038047140ad35
bff801379e06bb1c8b382be221c7ce4f9e11cb85,186f65327b0d40061bc260f2b5a503c55d1c4212
238dfd45ff53d0169c7bcaa19ff7b2a7e46d4007,47ae4e578c42a33f4059908eba831253138947e8
57b5ba30f235898dc17b6de462299de9faa50f15,668f6f18c44ee510918533c5cdf96f1a8d213bd6
1fc510af693914aca3efe1e2b1cc1d481f5dd6de,a9ed59f5060fb3673e44c46141b103783b2deec9
448b95d82b878d458518d833caea2745cce41ac0,3be740ace4c9bed26bea2f65f0a31f526db6b3c5
010b2bf4de07763d8d1f1de3faa52fd143d2b6f3,4ed67fa1464fddbc00810363939ce14bb7c1a54e
1d741af72b20254add718fd6a1fe70b7cb1fafd6,71454d6e3a6a1c6601854266099dde9aeaee1d24
ad1635d8a2e939404b1b3ebf8a2597b01a4eaa05,1777b40b0207c08c5000d440e1627761328d6ce6
910fb2c8f8448d90ad8f36217b7e05826c94abc4,408f33d973f8bd7784e36a1b1a9a5d6355c6f637
0488eaffebb1d4a56c5774e36c90cff9cfe1592c,20103abe53cc8abecf3cbc2fa38c6ada63e4363f
71124a2bf8af87f6782f7f302e33dd6bb0897f2b,8fce21321987ba14700ec815a348c761501b48ed
c92d41ff190a9064a7c496a6df61af157510b106,cdf91fcee5f3c446965e01ae65aa28af881a8907
f6181ca607b4ba44c591de74a97973f3e19c3b47,8c03558cb5d25277aef4ff65202db5ec22cd063b
8c03558cb5d25277aef4ff65202db5ec22cd063b,237d2066b5a3ba90c6fd15e2f1aa184dc448ef81
c567114813838a01d7a8c9c0efcfb372578d48be,731ccf611ffa82d66dc76b323bc7ace178b05df7
67d659a76b80bf807cbead2188fc3cd5f244643c,907a15e9337872a9a22d60f94ff3a7603dbfcacd
907a15e9337872a9a22d60f94ff3a7603dbfcacd,6bb07305928288da5aa04ca42143e3e77e952a8c
d81467cd5a5908dfc1b05c2f5e3555616a6613d2,80e2f8df74486d10faf6faae2ba49a4c4b0b914d
fff28846ba528ff4fc55e167f549920609a0c6cb,7a6a029bce490743fffb1923810c0292a12b11b8
7a6a029bce490743fffb1923810c0292a12b11b8,720e06d9930eb8196e67ca0ec0b01f9e439629e2
d762e0272bee877aa9b828c871eed94ee2c9dae5,9d19abc404d7e04d6bcac3af1fb44fed5a3d5872
7153ac53c03b8df03536e1485abcd4b590ee821e,1f4fb3cd3f616b0247606704e2f5be4a4cd718d8
71ca8db66bc5a69712f1b575d74dd83b51290a2e,02063c88a476b2a2d6a9d46b48b47a419502cb42
0f8e9711d4ae95f1846cb49cf85b8c05ebb41d19,7ac615bc35ae984e19a18a15f358aeac5197a00e
97dcc53ce98f964d7231cae619b47c4c56015813,7ef4741e3b71a1825ee7432deac7b3cc51916a51
3c228135272daa3f86fa1905dc3b2fec666e9e54,d469d8f667503d724894ed550c22808137460aa3
d469d8f667503d724894ed550c22808137460aa3,47636b9201282adf1d896962da9e9cfbb641f0eb
fff807f429fc38faf05342810a59b96987009229,40e9a227ebfb25f95037e2ad83a473326aa4206d
a197b5866823be79398c005e2299ce499fbbe712,492f80c67aab2ab9bafbe8e3e41639dfb277561b
c4fb75bed98fd61626c99cf38dda721e81aa3a3f,7132537ba3ec17872cf2f9098d4d0374605081e1
3e4ef4001e37a970d1b54d00ac0da251fccbcbba,091db69b74c366747d766cdcda651eab9a4f69b1
65152bec01d57c01277b135bf1d910293f614984,9cdc686207f869ac8045fd848ec59d0efa0d61ce
9cdc686207f869ac8045fd848ec59d0efa0d61ce,089e2f0e353135a587395f631b147631a8739e5d
dede20d34a4de25dd850e48d1b64cbed85a78745,4aca10f3fea7a943d373118a4147358c6d1c5ea1
536f350ce82669afa3f983e4e0110cc47bb2bc1e,d47b21fd74f7ff3e1f8c6fac19a8b88ec228ad2e
878ae8c4b797667c48f4d250bebad6e2be9a3cb2,0cc176f28942ff196fe346f49a6acfb652f29058
ea6c74abc55617cebbaca23eb97afe46e8cfc4c5,645ef41f5244b5ccd016616fd3b6e5ea2e6e33e7
645ef41f5244b5ccd016616fd3b6e5ea2e6e33e7,517158f3e01c39892df58b19b24185164efc72b0
517158f3e01c39892df58b19b24185164efc72b0,491d45098934eaaf096a366cd2433a30b3a250ac
491d45098934eaaf096a366cd2433a30b3a250ac,fc713852751ce324d3443adda2b9a93141e8c294
c9b3f352b3c97078de35690f6a79e4210bf4c2c4,664c898c8be9feb2ca03d65118208a0fe1808ddf
664c898c8be9feb2ca03d65118208a0fe1808ddf,bcb0da5ebc31143e9fc6244a6df80d3e3ad0af24
1cd4c66e5e282f22698d4fad3e5197ef43fde41d,a3056c0bed60508014364eb32948647164981a1f
3a2ded9fba4bc0bb1d97efca944d09fcee55a0bf,a7e98cebd2aa64634d476e0ee88883c558b047f4
b006c67700430df77ba99f17c3942c72d1890e96,f83e055577eb36d3758e0995dab153d9e56e5b36
76b33ebd210df4bf5c2a993e8efacdc916aa9310,07b2ae1902038afd5648058eac87c11c371d03c5
7a18b59b15e7f6ff17e66f55e8f8fdc05afcdac4,537874f47e43b6b72d6da8e07c88d3b1f6ed6834
537874f47e43b6b72d6da8e07c88d3b1f6ed6834,ea5002917dec32d4bd9f960440974c4e835b23b3
ea5002917dec32d4bd9f960440974c4e835b23b3,69b80ae86357f67f69e51103892f859435f5a818
80a824fc5b5d7ff115c98aafd7e540a108786760,4c4f92edab9dd11dd527e7b8259ef4c38ca96923
dbf9e00badd53b0db893e0dc16e48523236b9b78,e42bea999d3da074c2df97c45869924929019782
e42bea999d3da074c2df97c45869924929019782,ec62c8ada4ecb327366df20d5b28f2b7b54cf3b0
acbd5a8d33f46d9a9652660a93f7b4f2edf7efd2,b9e7434cbbe6127a2ad6ddab4e1db7a19ed5fc40
b9e7434cbbe6127a2ad6ddab4e1db7a19ed5fc40,7746dd204ef0c5078f47ab2173b4048b3021c6ab
54944e097fede2a7dfa92029a405f377b9c228f4,f0fe30cbdd2318c0208269897d7a8f34057531bc
f0fe30cbdd2318c0208269897d7a8f34057531bc,16bbec6771228ad5bb7665ee570e34b77cd682ed
16bbec6771228ad5bb7665ee570e34b77cd682ed,14548dc7436dfed9b814223e2c23f707d0c59208
03f0b2da178418c821ceb888562c572a830348d9,8778a5c911e6b9d86c620447851cbac69facc2d5
4c6b13a1bdadae0db18ac64b54a8338e66d81cc7,7d7c00551ac581fa8d20b016059ad921c21c9c95
a8916ff4f9263e775cf21a40f7cca009c2c08cdf,4e619a6b6800531c3488491285cbd69c2472d3a2
4e619a6b6800531c3488491285cbd69c2472d3a2,f4256fc6d3b4561ec2a72d19a8d9fdb9be803fea
f4256fc6d3b4561ec2a72d19a8d9fdb9be803fea,41b236767b215ea1e6ea4a325ca89ca37edc1528
9fc20e7f36de075bc4349a46e583e263faece710,c2365f5fa36db3c93244349ece7899f72412a45a
bf9f332889e98eb629c0ca9ee382d8a728a7b13d,67047709d18694cdbfc2b508b815c5253e34ef7a
67047709d18694cdbfc2b508b815c5253e34ef7a,b1a16c254c53c9ac723a2a3fd1a8f911e72df36f
474d46319a401a23b7e6cb47588cf1896cb4d762,718df060f04845ed5520a7975b8795bdd22f9d27
718df060f04845ed5520a7975b8795bdd22f9d27,65bee827e8ae88672c65386f9e633a2bbdeb9fb5
b8d992914e0b611e17e7b040df6e8b80102c9f62,4b3c817fdcf6b7429b9718571259c1f3f86cf34f
1a7f4c850e53d74166db9293ed30f3efe7110b5e,121130757f21dd8eca3f7fde2c30aa1b895e62f5
5e6e5454207ee9a7be23598edc9d170470d2a3e1,fbda156890f90757f19a4b4b0e1ebbb4fa37bdb5
fbda156890f90757f19a4b4b0e1ebbb4fa37bdb5,5156b02b52494e0d1d91057e64f69bfd9f336786
5156b02b52494e0d1d91057e64f69bfd9f336786,9ad923880af7f78036d3e2d952393914bf0c1db0
6d82e92deaaeb3ae8fb99115a2c3495c007be9f7,a7545cd3a6e093cf57ac9fe6fbf2498fbc5b63f5
b975189eca29122ca4e0aef856b5acb12d32b67e,a223ec871ac97c3a708a40d3b2c87d855e4b55b6
a223ec871ac97c3a708a40d3b2c87d855e4b55b6,9209e64e73123e8b8d3ed32a04fdf629c9f6c0c1
5a0d58ef594c17b06a70c7927eb4efad843d01aa,56cdd45a20f392af11b2962ebfcec58b9486785b
56cdd45a20f392af11b2962ebfcec58b9486785b,30ed02b95a99bdbd4a8a2287c321fb0bcd5c18c6
9abd66496fb24311c8aba9458fe17857a0cbe63c,09599258be4b176dfc8f2c27c0d205c702405f06
09599258be4b176dfc8f2c27c0d205c702405f06,3967e6da6daaa19016fa0d0938b29b1f584a34ae
3967e6da6daaa19016fa0d0938b29b1f584a34ae,83b5613f475a9c9975c63e7c59b3095bb2c03263
83b5613f475a9c9975c63e7c59b3095bb2c03263,222319957c0a95a822e2af9be4bdbc069efac2ff
4e0781aebee45ed1c9d1aed29285810b3bb61c2e,6daf17f77f8b89a3e9e37a7229071dd217b6dee3
6daf17f77f8b89a3e9e37a7229071dd217b6dee3,c75ff263b8a3f9962990aeda693c873d9247f583
3000338ee666ecddca204b3cfa98d1f56f9c9093,74bdd2222c3e5e21baf6340d86a5941a916c3222
57a5deb40566a20fb192e4d6f6a1e75a1fec44f8,89f18c3a413006e0479abb063860879c7d223152
15504eb7bdde6a255bcf083821b206a362bf8e9d,e37369290e88ca8bf6ea2c6d0d62e35a0f43a6d6
42d56ab78ab4d8516b45e60986484cc42163204f,1b3d26bcdd8a7a1cbd075c213d0677e5c5b48f3d
7223bd040a3c4bb7aa84d2980afceb80de5fefd1,61675c2de89734357aa9265b8c0cf39ea5d489c5
61675c2de89734357aa9265b8c0cf39ea5d489c5,ee59db8bacdd8a2a30a819ec00d3b1cdc1ac168b
172e39068279bc24592278312afd15d2d8f9effb,0af2fb0353c82beb319a24065a017deab514e648
0af2fb0353c82beb319a24065a017deab514e648,1c97a403d7bc36025dac031b74005b5248e32d7c
1c97a403d7bc36025dac031b74005b5248e32d7c,092fa4bd8f60bc36b313ec895bcb99950dd1c6e6
e6f97a27d1a7677dd7b91fed64535f271a6fa181,93551e0762f1b0b0bd95f90cbb4bda20aa4a9a6d
6ead0bb7f38a4289b6a62d32a584f108f6ddbab8,9b65e97880bd0b45c68484e46a4e311f86e13435
9b65e97880bd0b45c68484e46a4e311f86e13435,6ebcd13c34edf37629b634f9fbf65ecd35005f70
ea56a02c38af30c35dc4e7118ab9d828e961a1d1,7633cc0d47d48e2177afc3a5f7e0eef8c37966e7
7633cc0d47d48e2177afc3a5f7e0eef8c37966e7,e9cab05a3693ae31e395752aeafa7d675b083197
543570ecda3e545227a3e720d9e2f646d7402249,40d6e09c477ccdf413b9bac1146977b1b8caf789
40d6e09c477ccdf413b9bac1146977b1b8caf789,5362cbe0f711366094aa0649632d73a91f5fe580
5362cbe0f711366094aa0649632d73a91f5fe580,4e35577a1cd66b71291e491bb7ce55ec464b0126
34d8100b4bab3aebd4284ac73fb2087b3c5d961a,ba6c9676014220699730f4d022f659c42f6e5ac4
ba6c9676014220699730f4d022f659c42f6e5ac4,85f51ea80c08f9b03c698bb3b717c3d016d158bd
882137a4d2b06b9b97e39c8fa73b878d1205db11,3cdd0d71f105d9f55ba38fc2624af60cdc86fdd4
43376d086f9ae682a0ea2b37ff7e36e2c2ac9c2f,9ca7b9a157ef50f6da5f732ccc51b7a0a34f283f
d8d51069afbe187b5aa76e9b31e04765326523e7,238eeea2c46a9ff66ae9691feeecbc260446c174
999892d0435e5ea35b0af334ef97ea603f86bf18,cdab46f5c13401dce583ca469dbeac5170a2e539
bb826c9a862b3f42af845358b183c79671abace9,58658d352fbbe90cd8454d5ad9ffd75b30d93e20
58658d352fbbe90cd8454d5ad9ffd75b30d93e20,44b0a97e94c4e6bcffd0d34bcb9731ee44c51f61
77edb6ad0893ceff364c7c7b858ea7f033132ecb,e0c1e9639511bd1d263aba76ffa99883d4c6804a
e0c1e9639511bd1d263aba76ffa99883d4c6804a,a4547180f8c254c4c025c00aa6c22d5ef4cc4ac3
17532a99848f879d8561a31a958d9977ec3f0c61,2c0fe32c5838fd5e451147546d5e37061243358b
cfbcb6a8fac2f623e3b0ab88a3d1d57515932036,ac191ffd534003e2206138501e754ff0f132c8ff
ac191ffd534003e2206138501e754ff0f132c8ff,9c0d4ab9aa651b072b4b9fe267281b6416100140
9c0d4ab9aa651b072b4b9fe267281b6416100140,a69bc468086d98ec24f8ea774d41dcc1581df763
31ec4b197f2119a336daafa7637fa3f779ee6caf,fd3669180fe66b53c85455da787b784adb00ae85
96a8bbc60f9af42105ae8e057e4521d9829cd207,8355bd3d03178ae21f36d40f4db6b216a7f44733
835b16700decec237826159897667a19feddcdf2,ae627d4cad430adf61752f1d47f2d2f961480a81
2d81a92e60be585411198fe7e52f3f30aad07068,320c0b63610b58d18f87b89733ac9aaf5a8afc13
320c0b63610b58d18f87b89733ac9aaf5a8afc13,715e78d5bf7899b342709e5106e36ee2eb041bff
f2fca9892ef6fca2d820e05a6b5620bc863dba32,607b9df21f05c1cdc05c93b9c94e8c06151a87bd
d1680664a3ffedf1cfebd6376fd33a4ab4153abd,f92fac8feee09c5338912572d86998772bd97e47
f92fac8feee09c5338912572d86998772bd97e47,f116591c47ea9ed011cc97ee627735039b82bc79
f116591c47ea9ed011cc97ee627735039b82bc79,ba460d47376bcb71d4066e3625425bbb012cfbe5
ba460d47376bcb71d4066e3625425bbb012cfbe5,a4b9f3155dbc6c29b426edb6d510e3291adf24f1
d74f7445657376da8833c09d977f4bcdaf31c1e4,caaa3db0e20a5d5be21e3c50c6c5a039c6a48bb2
caaa3db0e20a5d5be21e3c50c6c5a039c6a48bb2,9de10372a41c6e68035aec26acc47ad1e1512811
9de10372a41c6e68035aec26acc47ad1e1512811,e7eb849cd78c3a1cc705511a70948e792e41550b
3017b12fa9e12229bc7a42e3b519931a8e2b071a,847db16e63339a87e07ddbc091a4d7873106748d
f47e45399bbf97c18cc74148fa889ea8a0d39bf0,f5e19a2aefcc1e0f06c006ff5f97b556e4ead560
8dc328d41a6f1006e42526a8c697e25faba15e1c,412ab94c70fe52eec712411223c3bf1025ac2047
412ab94c70fe52eec712411223c3bf1025ac2047,9987ef67e7b7ac046d11e16e336e22a51643be6c
ce3fc2d0dad6c5465288abd8f360bcdf56b145d7,e4e43a0d1f6fda639805caa0a9ed9ba4faa07f27
947973dd36ef4fdd466b99b093b64da6f10ab51d,9c4786bd45eeb065e025365557ca7ccb6f83f23f
927ac8d5afb33a4f1b164c051fe1fe9f5b2c1ca4,ee4dc748e9d35760a92b093b71753028681746f0
ba6a8b343abe9acbb90ff383cb7b04160e01a4d6,721e5da392a8ae02e1af4acf03cb76900946ec29
721e5da392a8ae02e1af4acf03cb76900946ec29,b63cfb06af9f2ec8ad28413e835efebb63baf4e9
b63cfb06af9f2ec8ad28413e835efebb63baf4e9,4b36ce273c127f033f04631db88a5ce89edd4262
d476286636dde884fe12e2be4d1b618033788ff1,715d73fd552f0c0f9a6f6519504184940be428d2
fda5bc183923a9395ef6d0c2289e0b365eba944e,cf54e9aa6877f6ea9eeac50b54707435fa7aa7f0
847ef35103d9db229a41e6aa63df0fa50b067eb5,9cda1259f603156a0c95cb44426457801386004f
9cda1259f603156a0c95cb44426457801386004f,f8aebb165d6fa1e460f4e1c04b2371297c9f4b17
a3b42da4a4ff63c713555e8cb11ce2deb962474c,f7ef78f1639ab55b551c81b866f42c94f6e763bc
7af8eeb52533c190b3ef7b20e1188c27a4b90de4,5ff7bd20425a58bf91751ff8b4bdd199620c4c0d
5ff7bd20425a58bf91751ff8b4bdd199620c4c0d,931ce4f32524ca8dbd6334345aa8bf390d61d0b3
464cda98c243e357594da9b3ee8ecf707cb29cfb,856a86c4456be2f95bfc25ed43c41227d4e5f741
8f33141daccbed72b55abba30093fd2ce3aece26,84c64b9191b0a34341e505c2f665a36e51bfc73b
a715034544d1d8bad0dfee4a42c4539e556bd567,51570ca9e2244767695ce4698e3c3bfebeda8a5d
9845cca7ddb1480fc352e7f862d024def2f7d30e,262c4bfa51917ebc963ea74d7adeb344bf8942c4
0c2adefe18ebf1e256875fcbf27c13498d7346d8,ac53afb09d2690b0e5783c8a6b53797042fd2239
99ffef1b8bdac3f8b36800790bf44515999e4054,f1bc9073b84dacd80346596abc553da2754c4d50
560f44a235fb912835fcc26d93adbbe7500b8d73,79bac31049878beea22248180f70be6bd3ae4ad3
a8b8904b9518c54f8c0e91f407d00af2704cbae6,1f0a4c035a0c88b8bd8faf016c392547bdb5379c
a05ac4063a69ca578468b46b4816f93071d8bce4,94ff3356196b901e16aa196c692953eb331a2a3f
4eb8c3dbebe4ddb543fbc2c32aff5370b0e04a1e,947ff4bdb18bdf84a04f1096f99f37696230f748
1e384b6491c754b3b55d99663620e2cb42886786,8df48d05f951d0325e8029d1f7a85dbe0590834f
8df48d05f951d0325e8029d1f7a85dbe0590834f,c3e17de18b8eae6d05f4807aa53ecc7b4584251c
97513001d0c0af940ae369eaa33facf0b6cb538e,8cae0b48a32228203a11a32d17215ebf6d5193f8
8cae0b48a32228203a11a32d17215ebf6d5193f8,3c9cb2a48f9311f6b73a9c5c632ee8730a966158
3c9cb2a48f9311f6b73a9c5c632ee8730a966158,a5bf5f1b7fde113f3acbc215cc3c1dab45a8c51f
a5bf5f1b7fde113f3acbc215cc3c1dab45a8c51f,54280229273aaa95a729ef4171ea98c3f751339c
ccadcfc2794a2f6f44388af8a46baa2c2e7705ce,e0a0de209c226521a08d658899f647d6dd342a02
35066bff6c9a5a7d666b19f1baa75597834d23ca,c503d2dba44ecbc34d82aa714c3e62f4dfcd9481
d2bce4607be862245dc072185f883c2bbfe6184b,a5eb98870d3d20b58db534e3fd922abe1aa1ace9
fd8f76e0ed58765b2e64237f6ffbd56e0dedb690,50bdaafb9eab265a2cfcff3b9aa34bb2367c1980
d2c1226416de5e74f98d904353550a257ff6f602,5199388a90849d11576c11bbc8881aa9d63d29bd
133e00bddf146edd6c375a69ffa277bc7d290b83,e06b6f27d8274df92591459512ef0544c817d2b7
8224cfb5c706565fdb39e79c9e30fdb9251f3781,4db1d8d6f85aaea5aa8e228bf30c1641dced7a44
aff89853c7eb5b6d658860da24ac5cbb90498663,139e918341c8579fc32ce5abba1fe18a88b06e79
a6f471eb51afb040bb9d2481b8ff6130bc14355c,65e3bba8272c7045199babbd1518a89e8be3b256
e4def1a9f313c2ac8fad702bb37cc4ba90b2fc64,e32aba7f81dad1bf17f84255a29675e4e81d7788
e32aba7f81dad1bf17f84255a29675e4e81d7788,ba43afd149a789073c9a0e6b9c3e64824381efd6
ba43afd149a789073c9a0e6b9c3e64824381efd6,62f6e65c8454745c5d3861670e2880bf35d9d336
004dd0347f83b790c68091b43d174606c078a9fa,83168a8745735ba43a90b0f6af08f21b167c6dac
0421a971f292d44d03e2e2b15a1300f8155f636f,22144827a756f86f0dcd54dde8da85498b123a42
ae01caddd0d9475d9fd3da4cb3ef63ed8436f09b,ad9aa973e5774cc874644d5fa9d2c72c2cb01187
ad9aa973e5774cc874644d5fa9d2c72c2cb01187,a958c494f67c27dcc6736a195bfd007bab74d3c6
a958c494f67c27dcc6736a195bfd007bab74d3c6,8b2d56ba51ff7acf70743c5c30fe3f506438545e
dc6c6e025731999608bc70fc91cbebe67bb1b0bd,ae171157c836a87103c3e22801acfc78f4bdf7e3
a5108654f9094de6199bb2f84b5d752a1a97f6fc,78a598976f43709bcaad171e73d4c56d40b1bc96
8d2dfffc86df4d27d2bc8dbf1b5d58c10179e4e6,757b73082342211ae44252080b7d975590daa651
5d4fcd33aab6cc353098bf047c1379d8eb4f2f7f,7039d8d8b5aa3b4dbe03b94859ff833621d0fdda
a62ebccdf5fbb959bd4af3156a089ea91b504def,00ec91e71f81d8cd94389ed203dd7f4ed0150c8a
949aa77f857f18060fa5de095d4190359035f4e8,3e4c6dc37f64967083400977fb7a1db703078d42
520a0e261b33557dec6d5f14b368bedfdc10c1cd,367bc6aec70f75749cda4b96fb7465624ebb0e63
ea125c380a7d93ff3a80e6826b4f0830f9ac5427,00a9ed3a3d596c145c35e04c9055123233cf95b0
b88b3c8be6b645d0c2bbe32a15cdbd08078b22da,36399ec93b6c5ea9fe7cadfbb0f8be8fdb6345b0
1c62573c8153db53d02ff584d3a1162332934080,84e9132f81dcd51c33009e59c11fa111da13276f
84e9132f81dcd51c33009e59c11fa111da13276f,d9d468e044552ee5c519459975d19e3a4cee37c8
d9d468e044552ee5c519459975d19e3a4cee37c8,0ee831dacd4ae230f2a27b19d9122f9958b76974
a6ea31c0bfd4495463afee836426ffec03c9fb74,9972da43bbc185c6c45edceb5eb862e6c032e20b
9972da43bbc185c6c45edceb5eb862e6c032e20b,a9a0230e6f21a0d634544ca60590834427b0a7fd
a9a0230e6f21a0d634544ca60590834427b0a7fd,4620ad5d3d40cdeab3e7b4c86819653d3ffab3b3
7689f6451c5ef8e3797d9066de4577fa8bbc07f3,f594692df928ddfd491019756d38e947e8db336d
f594692df928ddfd491019756d38e947e8db336d,7da0c8bbd86fb2bdc44ca5f6366221da07120349
7da0c8bbd86fb2bdc44ca5f6366221da07120349,1098e605b141662d472dfe721c49452b1c975d95
2338ccd2ab811e86a94b558e558dd48881ca5fb2,9dff275adb26915b3494bcb15036a58f47d49f15
70b3d365f1949891d11491110074c1c5f333e578,9d42598cdc25e567e87510bc12e95351e5ea24d0
c8f844d8b26ee3831234ddc562059c30344453ef,1bf907c098bd55fa562ffa56cbc395c650c9ba98
af674c2b1eb173517b979cb6bb5e7581f57ab6a8,bce7a843fba32b99a150d2ceaad97c71a44435d1
aae2a50f4e0f27a82c042fd1940af4d4b463599d,8404c584deba0c6b91a037e4ee3b056e562aee36
0140d8861b4029e8db085d67b71c5bd21ebff0b9,f76a20e2f41876d3bf1b7b4dcfe55eedc81e7266
f76a20e2f41876d3bf1b7b4dcfe55eedc81e7266,e56b2e18d0b798c2b97edff331d5ff2f6b70d225
6ddfef9021c353c6b87235d12a8689a51b953203,2c18846937fd08c2218b2b1786ccab7d57920a53
bd51ddf28b8be6bc11fc82868cf97e05c3977c39,a58326967e7befc63abb2972d0be7819f10548c7
95adb909206c139fd521cfa57c2a307f9de974cf,1bb3c758d1b5ea022e185be50a824ee61cc911dd
f037e58891df83dc7ccc3a460555a0af844512fa,d17f6a76574f42dec3fcfde4ad6aad46fdb42df3
5d3838deafb4542ef1abc21e3da2aecc23ba01b0,44e3f354d0807f72b43065f36617af339979a698
42942357f3aad5bc913ef2ba52b8fc51d0e9ed54,319f43926f7bd8e23a95afd50d149a6de34b8c15
40d0187895d8551ef343ecc544dd593b97f794c2,a699b34847a7eb302b0ad556141632f1de5accc6
a699b34847a7eb302b0ad556141632f1de5accc6,eae6b9772b25fac65bdde4c79988e145a8927fd5
4871b1c6beb1c805f9b04ec58d58d511fcace5a3,1b1c627ae573703c5ca90ad9b26502cd1e81df2c
a05a0df763fb6d478706c975cfc84497c27b2f14,d40505783e870697537860f23a014b510d0752f6
850a7bb92cb9c5d4b1d6e6357d6daa5cdabda8cf,1d524457a8d1ac5c945008bd28451706b8d7d5b7
408ac864ab5f2afedf7dbe7568ed388aa1c5ca06,460f67a465166ec81a28dbf30448fbc76b034819
401ed98b3d02839628bef16de16ec80ecea30758,53879d9c87450ab48ab32b703652ba2bc8dcc4d2
722ffc5676d08761d2a931833737fdd35aa233dd,95ed6ac3356c06fe6b4c4901879f4998fbb2f766
3e51b6ad8beebc38454272899c8a2f6d06d31959,17c9e1721eb3052a60a4ce0ab23c1ade6b4ccc39
17c9e1721eb3052a60a4ce0ab23c1ade6b4ccc39,3b2973229285b1e1d73d5802eba37596dceae62e
3b2973229285b1e1d73d5802eba37596dceae62e,e40b4eeae4837defc4a6fc8e880c10a898d95053
b49ad62d35d0d222b391dbda1437a62244a27ce5,8f8298109448eb4552dc9d3455aba92409fc62eb
8f8298109448eb4552dc9d3455aba92409fc62eb,81a79a5bf22196f930082aa1110ff08d9bd0897b
81a79a5bf22196f930082aa1110ff08d9bd0897b,01ec5e734fbeb6d5df3b1c316bebf298cf8d42bc
db49cf3062c282cd0ff9b42c56cc58e97f510862,cdb0bbb56af9ea436609862e82145fe3c8a9ba8f
bedd1ed71f136e15145012c97a8ab6cbeacd8404,a3e9246dde7cfedd16aa852a38b4d3d3b0d2aa89
9c3d3c2572894844e1853ef79f6fccb7c63161a7,c24e447453025e8673718726706a2b18f56888cc
79aa94885942cb79c835eb08f2649d812f49c818,481562fcccc8ae9aaff6ea70fb192f760dc0bc4b
790c065492dfbdaadf6d0a33b95a577d423d4a7b,f7e8fe16cdaa81e964e9967ed4df7946da104b07
1935bece94b647771f27e0954fe58dbbc66484c3,a0795ce8cf8c9743041c3cd89af297cd8ab46464
b80df9f2da0e184d8567ac39761e17cd51db7974,1b126853a074df5e684b830042f51b17be84cac5
36e475b71f85ea59aae1e65cafa51a0cd33d900d,aeec1e4ab1558a3139c243a058b59b7d7a207763
17a7e6e106cef0f0d80c702efb0ffa8feabd2672,fe4c93a929c7c69da96558973b57315936ae2b6c
6ae6a7449012c1eb511e49e54bc9145e9fdee922,bf6aa6aeb277fb534567f62813145dca8c1a362b
bf6aa6aeb277fb534567f62813145dca8c1a362b,e8a04024325315b695bd38a36e5f7fffc9f458f8
1c3de588bf43b938a5e3eec38be6fad097729501,4e25aba8991f3eb789bd62aa2bd4c61059f073f8
7dcebc32afd54369fd4a1bbdc94a76e3dcb99533,b0710567c7c250480ed94b59c99867e22c9490c1
451ed31026ec0c18fcb8516f7ab7c600655b141f,c58b0ae664430a7b1ac2a83a045db0b424a0dddc
2c30111a109a91fc7fd2d6377f47dd72e2ab33d5,7a25a54e4ddbc19ada48de9e4e5f0f19d7570d4c
7a25a54e4ddbc19ada48de9e4e5f0f19d7570d4c,7c9e99670a3ace7e3b854f314fd74e1b9047bf0b
def047415bb5da8feeea29bc64756570f25195dc,46b587c2b9771f28dbd9ccb3380ff01b4a00a094
b59da916dc29b962953723a8b135a7d108e4cd35,f8f1433f9d02fbab26b5b98bde5d178959c50576
f8f1433f9d02fbab26b5b98bde5d178959c50576,6bf7e461f0012bbf9ced81865dec651d0d2d8bfc
03b2eabb0f4d647f08e5b6447727d62e4ee41f0b,aad931164a9050703036dbb32f7d0bc423680a8b
3519509661f3a889f72175fa6aea801a77fe511b,6883e71f96b711c922d33f8684587592db53a47f
260a1d7e1bd539ef6b47e19efcb1a5540e976c2c,ae7e56aa41bdc072b22ab143c9f32c26261d01fc
ae7e56aa41bdc072b22ab143c9f32c26261d01fc,46f2b923e28ec4075e1ff44f7bf0b4da148bcac6
7995c46e6556b77e3e8b37f61d6623c4f0e5a578,dec6fa0b911e9a6d03f5359e33a7de857812de54
09836efb9b59b861e5b81cc000b5e9c7bcc28dac,4262517898c55c41e01fdb4e56213925463681da
4262517898c55c41e01fdb4e56213925463681da,b14e47f2b724712567785513077edf0b7f7f8058
633edea2966ded049e8ec0cf8a9d83b3e6b16c35,538dbe935d060cf02030b62d4eb0be2f0e36dc4d
18604f5f6fb2553fa79b2c7203c4953071bcbdf6,212af20fc2a09772ea273ac98a585fe7a1ed7eb3
212af20fc2a09772ea273ac98a585fe7a1ed7eb3,ce1d0a365e4d51da6f5e70fd880fa10cce8cf02d
46de7a511b3d22a0262063db57047e234bfd4d75,66a89f72842fabcd942c76afa8247494f5c999e4
4c985d4f5498bd532adcabead8b2a4303996c769,7e7e59ccc91ae6212594d89ba188cfb4fc3812a5
5436affcc33aeaa59d61fefead01667c5c50c85f,d225034cb38206cd402c1f48dba36d2863af1fcc
4a7d21e8af40e98cede25356866669ae0640bae3,2ede847793563e84f72bfcd46ba9d854cab6bbab
ec7aab99895b2d9ba1f5ee1a0f50d11c1c143354,325944ef0a0e142cacad2f6d1d8d32e40e0e8afe
a77bc723e1e5fdf3e8b21de0a93f4e885f75220d,649103cbfeb86182172d666c98ab3380fce2ef93
a4ac31f12c77699207846d0857c21f4239fdf01e,606eb30fc30b25a366118732848fb359e1ed6607
606eb30fc30b25a366118732848fb359e1ed6607,b8807c59ff58b5e2e1916bf95919337af936c92a
28ddfe3d514a4c46a19fec491e7e38a4e5a133d0,0de15aa8e274dfb7eacd716e1f45711741ad18e4
fcca5e5a706b52b833334a634278cb92f4eb8673,5ab47e1aa28d3253935ab548e1634ea6f0ff1490
eab3b83badc0411159978e7f4ce0ce2d7e7fd258,bfb0b5817333fc14d62a2750cebdbb9642d46af6
bfb0b5817333fc14d62a2750cebdbb9642d46af6,225a29a2b904427f955756f67db6c5d572edcddc
7eaac0139f12dc54b13231efcef3ae4ead555469,3e6539c73f0b94b56568bd863446f420950e096b
d649096cd8d2924b61bed73d3800491d45192d02,42fa7997dfa71b71a08d34d546df10275fe243db
42fa7997dfa71b71a08d34d546df10275fe243db,399b06cc5f2a0821b92cde130e55957f6af87f1e
399b06cc5f2a0821b92cde130e55957f6af87f1e,00c687dc95c11413f202f810f0952aced6b81f8b
e43779b02740f6171bab38bb7402acceacf10367,c4791fd10d48143965979d6c95ca243b5a6cf89f
6b92b97b0092112a96dad3e0a82a0cf63ce8f985,35232bbf5fd695a1f6ca6bff5bfdbff67d265772
99e4cb406fb60daf09ef004117583f2c09dfa818,70a3799376b8e3668d1e059ce9509e0b4fafa0c6
70a3799376b8e3668d1e059ce9509e0b4fafa0c6,7ec9971ad57e534a117b415457643839347687f1
7ec9971ad57e534a117b415457643839347687f1,a0a1cb6ae307a21c00c11607040e75c6e24c5eb0
a0a1cb6ae307a21c00c11607040e75c6e24c5eb0,cfedf4ec5cec4db11bb07f06aac62dbdb9c3ccdd
3a583b8eba092c98a483d0ea8cb939b9f771fdb2,1266345e8b9f6ace71795f224747e14999bcc9fd
a9a4565f567f723efcc7cdbb248933e7bcbc004f,a444edd1e8e36b6acfcc74905ad4807fbf74f6d2
a444edd1e8e36b6acfcc74905ad4807fbf74f6d2,b539aea327a4ad0a26cdfba8a1775178b90ea253
b539aea327a4ad0a26cdfba8a1775178b90ea253,f6a35098e60cc570abbb99f4dcf042815466cb36
2c85487b6aa3deeefd13aa832430cfa912599ad2,5729d9c4936606cf0d7561fe141842cc1009625e
