392b08b91397cae228ad0fa85bab2068a27b697a,ac419e1a8662390ddc7383ade36643da5e0c4986
ee551a37fcc9f02fb9b29070460ab26364adaad9,7e204a094596bd436a10700ddea42991afa27408
7e204a094596bd436a10700ddea42991afa27408,6bf312f0b118bcb2bc0fe58f12af0906ea4af4d7
6bf312f0b118bcb2bc0fe58f12af0906ea4af4d7,75dceaa086b6659eab446143b0d995b50e82d9b2
7346416270bc9d954958618dad61cd6116a760ea,d8b4eae00f2c3fd3888ce78709331df2dd2e1ab3
d8b4eae00f2c3fd3888ce78709331df2dd2e1ab3,fdb9e018412cde643cf86c183396adbec3078aed
89017ba158ed1d95319233fa5aedf3931c3b8b77,493c48e280ecf62099f089d411587b473781cfe9
a8519bbb2120ec06bcee941e623f91a534845501,77a5bea3c3f234357aca064170e8be98255af0e6
8f7b8e1ff1f8d7f92b7c9e7f9a492312fdc2df4d,1c95fd72f3e92835962aaa6be8caaeafc5768f9d
0f57868a8a7b3b12a26ca586e7a104c63e0e03b1,54849cb9c30c66e4f15ca8d69867545e8c1a048c
54849cb9c30c66e4f15ca8d69867545e8c1a048c,9f7819ea4a0df5d7da633a63f1e387c218d216a0
9f7819ea4a0df5d7da633a63f1e387c218d216a0,a395a25f3307c7ece9c1fffe7c833f04556648b2
544a8f800d5fe4569330e67d39fb6cc74dde3f45,f91f19b3c8c4ef6eb29722da0b2c63e64a86eb2c
626a1b5f621d1c47a0e367ac0f5fd1b0d5a7841c,be38c35d480c9f9ebdb9c0fd978bd6971dc290d9
ca041ea71b66578bb117a70d2ca8bf2e8026a6a0,86497891634275b7771c24cd7172c04e9bb94a0e
86497891634275b7771c24cd7172c04e9bb94a0e,bc78c9e7861a69ee48bda61c0e6daf0bec07b3bc
cb03427b7dc0e980c27eee2d88cb4a854df03a7f,e9eabede316b6df293aa42df3d689016d2fc62ae
036346364e02614db66e0967038e264290c00c07,f0526c07a1f947f0ad6254f00eb7a9b894f1098d
f0526c07a1f947f0ad6254f00eb7a9b894f1098d,40be8c54fd102a5db3295ac0fa4997d6a9ec2905
2cc7802610d158c9e8514460f13e5015030a02e5,0d0509c840e93826b42a6ae6509cb9e893b369b2
3dac89a804473d041906cb1649d1b1429675b46a,24756f48e0d6a32ab67a73b35d32e99f14f43b7c
24756f48e0d6a32ab67a73b35d32e99f14f43b7c,fcc90bb139d52f222b0cb9d237fe3849737103b2
fcc90bb139d52f222b0cb9d237fe3849737103b2,325072295bec594b8de273efe2daecdcb08f7e6a
fd97a4254e936dcc191fe57bf08c298b62a5b085,1b528cf5c1b355ba3bd040b0086957dd5072b567
1b528cf5c1b355ba3bd040b0086957dd5072b567,107aba8dea556207389227c6789043e50c65ff95
2238d412952d43dd9a2dfbe30a42b02a1a115c28,bf991c67a3b9a46c7fbd73085ca58d79f99ab995
b0e761966237867ccfb392efaba3e0d41183bc85,869e4fa08a6b90d1d104b0729bf188cef834fe1e
1246deb1517a4e0d3d4fa599d87cd11b8f910a21,7f619ed7d5774c44193781b7f029fd64b5855475
b222d03f3c83f106003f23527dc55f0eaf514776,7d116e84909d13832935ab4132eabfe316d26b74
7d116e84909d13832935ab4132eabfe316d26b74,321d9e177d42de782790740927a4e7a45c3cb7b3
572cacecb52a4aa970fa1d50eac6c051820bc0a2,6072174eace5b645b0cfd5b21b4c237e2539f577
