c2247350bb74f3397aad32cdcead16ecc49065f8,73cf47112eefe440ecec31da94803aa6ec677c0e
e05586c4b2a54eca5d939c2328a4d1cdedb8a522,da2f11a9c4ee85281ec8c365619cb785bdfb352c
da2f11a9c4ee85281ec8c365619cb785bdfb352c,89d5772f5549d383cbc4cf4ee602fd5e30db3def
c56ee8bdee0582a6ae10bcbd8dccbeac2e7eb09e,1015a0050621828c9e8af2c934e19c5c68d61a5e
20d15c8023602067eba1605c745448592b709477,5dd2afeab108132fb8db32b8b9959c8ea88ed0de
5d89fed2a69a32df9d988218de2010aa1eae0eca,a5f159b2c7cdecce01a7da5445c89c5ee331310a
a5f159b2c7cdecce01a7da5445c89c5ee331310a,be83e7515b0814f63046bed8a9517d923e3291f7
96b058c5fa5a86a2e2947bbb0d1a05a84559dde1,be244560b24b68b0236a4694707fb9bb63c2e6d0
27a3be0287aaf71a271c26fee8daeb0e8ebf1c5c,f5e0df390c6e1eaf11ad488e297aa2d383daa177
563e2ba2c6eabd7705ed4e2851e2c484d5934f94,7beed7cae644f6fac62d1ff928add723cad1e043
bd3dc788cccfdd4e9028b656aa73f8acf71d5ced,d69455a466fbf412103b59af2594faa7247e2102
04c9eb49d0dc0a5034e0a0efa3a0b50115d53af9,f862d9f6915881e3f4048586a16ef607e5640d26
f862d9f6915881e3f4048586a16ef607e5640d26,5458d05cd8c37092851fad7fff487063a5c724c0
5458d05cd8c37092851fad7fff487063a5c724c0,6dae5698ef7d02167347ff8d8f8083e9270291e0
05676de2d980faf87a4d65937dee4143275503c1,4c5e82c065f53ed1c9c3d523f561d5640e48511c
d1c0f1270d8b11c49ee36428cffe1f4f6b25d1d7,64de57b09e5a5fd37a618e93a3f69ef48ff758a5
6a39573267e4757c7443a519a48037a6e91da3b3,e586ed47674fd78b158322bb7b14d00aeb912abd
8ff19dda22bebbf8d274450b5115598eef080a08,8827bd3a3b99fa37c0b393897090e3f16228bdb9
1383f64a5f1f55c39c2df47c6fd778d1870afee5,2b3f443f6bfa0a692f6776ef457f93dc0fb8788a
1d5f06223a3ee21a64a00c235c0b9f443e31fbaf,3c2fd560aa4d31b4f48ee225b83361deec53d9c7
f6a7a5278a6a105866d1e4463736a5cbaa67ddde,da61398835a1ab3732049b4dc74471ed54c59ef8
da61398835a1ab3732049b4dc74471ed54c59ef8,c0bedd25872d12d1e1f55c3f02b31f78d006cdf1
2232eb35d1a31d72e5cdc41751b30e621ab207ee,3ad6169f187ea41aa1534a1d9a3b978d053dca2b
73a911890b2e62242d5ad7bfa46bb3909b422081,22a7264e9a77ef70154e3ad7c926133c9f2205cd
22a7264e9a77ef70154e3ad7c926133c9f2205cd,01b8991c5a014fb1a8970bc6902a0e054f52e5df
36274bed49cf40c0d9bdabb3058674879badf1e4,732eaee4d735dafd1c90728e5583341d75ff72b5
792962ecc9a64382c5fbac8a756999af1e711fd5,3be81cb54ebf2b5425cae09327e852bea0e7c492
f6dabc2fe9209876fd16d64a929ffc5edfa23cd6,ced662fc2790058f5a55ca20244b31003c970ee5
4e0d0ab8d2a5f67834146db77fadc54629a2286b,dab3b965cb9ceacc3f44aa2240b495d5996c6011
18d055a3908887eefcc7f62ce4e52dd598e30b4a,b7de42f70dc5367b2760c016baa287471c5e8a14
b7de42f70dc5367b2760c016baa287471c5e8a14,31017120fd017b64e8ae283323205b40356cb623
3476d2f279cb095e61306750c561c07fe151945b,09167efdb59e1be8ffe9ff7010393bff084390be
4dcb9d3e304dcfb96abcc70dd5c2bab97d8bf61c,6ddb03922a461f5672de4b844379764e85780549
ee68d5ba8e66bba52b3cc3d9d8780d6df2f3204b,aca8c7e6f3a88f2083375133e33d5f9c5b9bb1c9
04935ea7184a50d535af96dd85a58fdc43a659b8,6b41b5c58958f76f7c61897f3a22f4f59b5a11fc
ddb59130f84d9354ee55f4308e4ebeade7362059,2912239fe608d8e9927bdb7d5580cef3d0c9d0e1
e73dcb8cbe37b81b0bbf68bbb407cb4b945f10c7,724b787cd19f92297940428706d4cc8e25efba65
2eca8a9ef27c55e246818ba7fcf00e77a62a4f0c,868b172f0571be3a0e1c60568c07bf78e2909f18
22bedf9b57f4fd8e2b457d86a7d166bb6a642579,1f2da710697bd4b090dc3b74bf6a583f3ea3d913
fdcf9cd51834b72d2000aeec686c565f8e7b8f73,b18accc64ccd24095c11fdbd64cc924456134592
b358714a9ad4e190427ee7e722889fe667b8b37e,91c9b29d4790583f893ccf9d1c6bd01c87ad3f22
471499cd78cae2dc6d1241440fa1e1e0c985019d,ddbf7de6dc97924de07331f1575ee0b37cb7f7aa
2ae2bd2b4699dd3661274149c536bacaa2397b2b,fb8d085b5fc2f858ed6740fcc366ddebab3b6e8e
b4eb3884cf64ae700457a120e8969f0b8c2ac7df,17f58d2e1191d61bc5b2b0cfbf1a42dff714ab8e
e79ae18cae352505524215b6f3617f862ad024f2,7ac1580a3153c6ab20b613101dfe88a95f1ad4a7
d05ac813dc9a3ce2752fec61d55b75103090c9ee,3f09b32df3ded1a9768261df65b78c37e0cbe0c7
3f1e4b953f84ecdac7dada0c6b57d908efc9c3d3,8544b334e4af9caa060a280146e7d3bb10648332
c96c6a6b335ad0669bde5a920dad0687ce12deed,b3fe17ddeb00fb66db08e5fc7414591662ebd440
8322f1b039c890b8ccdbfe29bf42056e5273d74f,3431c62d414f1d9fe2044066d629da70a62e1270
3431c62d414f1d9fe2044066d629da70a62e1270,e3001a092913514d65547d4e912382525cfedad2
e3001a092913514d65547d4e912382525cfedad2,06e6eadfafd0bd702ed17ed75285a8a367cf6aaa
ae2e14e3ed45e23dbe2868017b630fa7be9e5604,c71bd73acb5a89bb2a8ff44beab37fd2ceba352b
7131685ae3c3fad4b3cc883bd798765b21ee9ca5,d0c9472cb3b6361f0cb4c84a2e3457ffc3076994
8035c10f379dd0c00dcf00bd3fdee3f66fb074a2,29c7d2f195a68af96fa9d697a7b69c928e1cc043
4d24032ea5d28dca4b3a7aefece2fd28572f7b10,7024177f7d4163e2af57c7dfa5550585748cbc0d
41b6cbb3ca8a3a43e091d7f0de4d0184a8870d19,29ebe922081cbfa7f41b84a271ed8e07a83dcc1a
fe2b6666e0c3a47992860a2200ab40ae1c2ea6c7,3e8f2d99a9951bfb5fc67a98614128317913be1d
791ba91dec8c5e32d8d4d548b2a86c82e46e2312,b620d86c54ee06d588f28fafda27ba3b26a79791
acfb054103168c5c8d1275a059cc5c04a0d35a34,e309b55b38b22a60cd4f5380635a34e307459777
9604d7bf8994615431af9d86c8de154677237b75,b83b8005f9eaf0ff19edc6cbef1cc95aea280be1
b4b73f92dd86f67166d37451a40c238cfbae8f48,f3800279512cd90ac29c3b0a9f5b859a4ba8f70a
d06d5e68b6c2e2fbd254fd01e701f2ff0469eea6,fafe5d63a70a422fb8c8892c6f0a10c2c6f23816
1077159834199a9fc06d6c4f21f551a180c3e75a,e865b046b1dceb582f40a17baf335ba2523dd658
1a9f1c80a131cde9dea395081f16e0222df31593,f90afa29b884307755d05afd5856a2187f03c8c7
25bbd059df68abc1b0ffa77ad2480af183d61b05,4970927ec8488ecc1d5aac03f6c5141afd29202f
4970927ec8488ecc1d5aac03f6c5141afd29202f,134eb61e1a06afd9522a1bbf7dccd5dcf1cc109e
134eb61e1a06afd9522a1bbf7dccd5dcf1cc109e,76af84718a1f9c61903db3e1557ebd5b436e1c97
7af4505519ee25de6b2a3a450ee357c4112d5c61,619f984c362a2e5fd8f04ae24ea0eb8ce9d9e57a
89787947304a0db3a98a1ddd0e818a91a924e43f,10ce1c0256e562b42cdedbc81beba626ca959f63
10ce1c0256e562b42cdedbc81beba626ca959f63,35fe2efe270d21059727fefa5df149d99e4ce33c
35fe2efe270d21059727fefa5df149d99e4ce33c,22d7d031188ecaad636cbad30a43af94abc52bd9
aefc5314bc619a7988cffb5734c026ec8691d694,663b90035c5743ced842713a6a3036737aeca16b
648d51666885e63c844e5ff8db203589526a20fb,53d9316a564d2c836149aaf9b761706046349844
a6f6edd07d377e7abc7b6ff36f83d3c93c8b4f41,bee0392c372936567b2bbe6e7ed5828cb3078354
769a459d27fddf1694aa501ec2ab51c2c4b11590,8c4c7b105e16fbe255e4715f54af2fa5d2a12fad
1a797bdad5df6d4e7ccc586ddeb93dccb2a9648a,7c7e50ca4702a5b35bc1b80d44bca7606552093a
ac76dfcf62a672c84f843f2e3158e4c6262776da,9b629637b890a1eb9a0d9011bfa10322e0d89da0
d610f3bb53965122862dec318af4a53a5a5ae6fd,8f6b7a2b4fea9b7bd0b873f5973e6364b3981412
a20db4e4a2cc49b701f1e1abcfbd014a730d4543,caa9c6760b282637c5f2e7408f85685cc3b342cf
a34eb9e169622fe91fdf4d98560b65b2f2b5c8d0,112dd5c4f6f9487884b7ea00e12a96674d4eb6bf
ca815698f5e5c9fd794029635095c91c3dce1d17,5e8c5abf63d326dfbf184b48d48f2be8b06f101b
82a20296e308a67c8d9202e4cbdf92a44b90b077,0914873bc2f588ae592c896460c0c9e6577324cf
26b69917b47f2104031351f579cc04f75643cc24,a699003e6772414852c23713604e3c56b4b1cb84
ade3f36b7a863250b0e14c6e2dd34849a9f3f35f,8211256c46430e43e0c27e4f078c72085bb4ea34
4234992302608e1999c00b4faffac591fb537a34,d96df75d6a1f3cc6c26168405f4780e30c10de6e
c09317e68f7b108ba4efac44726090812005e9f2,d2967d9305b42c9260f821f2b7fb43fbf19ca1aa
16a7326e5259a3cdd20a508c34a0f84806d88f8e,bd49b07fbba09b1e7d8851ee5a1ffce3d5925e9e
bd49b07fbba09b1e7d8851ee5a1ffce3d5925e9e,06cd849538d9fdf8797e31e211871f4018cb3592
9045b6c599df3871da6aaaa310f62d3f1364c632,08573d0f7ea5426c3efe3eebe3ecf39bfeb085b8
08573d0f7ea5426c3efe3eebe3ecf39bfeb085b8,2674976f2c53d52542d0c8acc0ec1e3dbd281a50
9df2b2090daa17cafa3ed9b57748ba0ef7894d4e,3436d00230000ebdf33cc87ea5c62b2e31dbc5e9
bd3a1f7dd45ce0c2a8204f7acbd330775602f2e0,fd1693e289c3185fed3fc81acd20f202ba1ac3ad
48a76a785da99bbd8f258302b4341e1c2e4ec7df,37e75824861765281bef9fcb628b91cb7bb24e0a
a5cc4e8a2abcaa79f73b308d1484b8f9d6428c16,22d9464e56fbf4a0a65b29171873cf9cca7adb92
22d9464e56fbf4a0a65b29171873cf9cca7adb92,7dc58bd286b1e81ca4d293f05bddff5e93361020
97dfd3a80a894da11c9a77f5b98cf2b6a120de31,04c794ca72f45dd492e49baff773c2b8e274b9ed
9945e8799a907c749c7eb11a48190451f5557542,2411c3be7055c49bc549a796f95c52530c8ce104
2411c3be7055c49bc549a796f95c52530c8ce104,ead874b17d5553f600439a6e5dfa8fd73721f23c
1635ba1bb38e69d985b9a96e1e8f6b6dbdeff268,34816e9ec4364c28b253859e20f2ce13bb429397
9ec940493b5960b7d5c9815d2ebdae51a62ca519,15cf6a86c25d92b1200cf8f35a08aac59f8d0e0c
a2d3ee80ad4c12bceaeb8e086d4f2cce88985c6f,79e142616150fe1e01bfca5f2adfd2195279ad8f
79e142616150fe1e01bfca5f2adfd2195279ad8f,e0b73595554c017eb881e2a84505c55e63429b90
b2dd1a35aa874f727c4adbe19423bc09d59cc98e,54acc79f31842d3a3eb6a6c0380f0ca4a0e3e445
8d51279703049a6b42825711d95ea2c9e4a53ee4,e0b7fed92eb5e0017e0003a44d7b52421671e4a6
c7f8367650d1dd1a497586153c607ff6479367c7,f972ab3a828eae1847a793da0b2c25c6074647a4
e085e93dd303e80af2e9a5fe4aa392055c831114,94463907799bde33fa3af9f1e2a1c7a2521bcf48
d22181714ac3f201ea7a35b7fd06d85db82c0465,0a092f66836912a714804c5103f03c7929ebf774
66ffbaddf5abf3e3fca5789ba2427be55b27d1af,861a73be12ef17214bb0ed49aabc9f48a80fde16
e8bb4165b76496089d24c74891f2167350e594be,309ed75c5d6740538fca6d9a571d85606ac6d48b
04e68f022fc03dd5f1555ee86dea997d42a448ad,145670f893f43ff70866668cf087d82fe51a22a6
325852c6df93f749bb843bff1a3cdba41698722c,927f305f7e556828b5cdd45e3977c67f3c54b8fc
39a6435726e7a110df1189efe63094888e0c23be,9924c76faa7789294811a27c392ba6b33e07f3f1
6bfcfa8671c4bf54b34290171f191db65fa27d8c,1098a0d725184dedb49501dc22403e4a3a9376b7
fb85d493d07f16e10988f519dae2e7691e8ca3b3,11069c87845ea9a14e6fe807094313a67f9946dc
899cd74044505eb308e624f15a4cb65c57973bbb,1dc724239ade714b8e27336ad7fd9c11f948be7b
1dc724239ade714b8e27336ad7fd9c11f948be7b,d3f5717e8106653f4117076062c3c998fee21c26
992a7e2a414d052754f3579e173620baf740308a,f16b4cfc522db579b053e902add07aba59ce0ac5
e1bc208f66891e22f0139619a1be5c06235a0f34,4bbcfa04a3f9238cc8f9bb63ba041a1bc478ed6d
4bbcfa04a3f9238cc8f9bb63ba041a1bc478ed6d,6f4a488baef33e693e81de94d40769368f75c876
b73812648f030ab2f83b51ea3a4c8656b73859db,f35337adba0557dddc05bd6b10b896ba68a8e4cf
548dbd171b6c887c828ab74624ffd7823e5283a7,aaa1553e35002e7906ef4b74d285564d4f9b0d01
816d8cff06a275ba6ff877a05f339b1d5904fd68,6d10ac2ac84bc01f78eed381fd6152c869040b64
5025be7860df48dd7b9b91cd6d3e8947ecca3da1,0a6582646280415cf2bc2ac8c79b1939fd700413
a3934ad04b62686c8161158f66b5fcf3e56a3889,62ce00f96c09de6d137c810921a6cd9e7b60aff5
62ce00f96c09de6d137c810921a6cd9e7b60aff5,1e68968ed7fb9b8f73df148dd48194d469655ea3
d0b8e850a4fa1159bd9aa11ac4efa95f03cb8714,bda7cf165396d5dd8cf858c49bd9820a033c125b
938ec5a6c1b0ffee0f79c5d698e86bfc6bf89625,1caf8beb2cf341ff033286b1b924a1c1ff273a64
b34217e410101f53282902caa0c07bd5268b56c6,4dbd761a1cbc1d6903c321873556bfebc05d0f7c
3f2c1022ab0e7027822a2acd66debc8afa90d5d6,d03953260d64145816d206c83a95dd038a31bdf2
84c507c4df5f5c336deb19ce7f70fa02329f39f6,0fe933e23d026fce6fd065f87e66c2637693e963
db9f11d179b8345356acceed419a55060f6af1e2,b7f613ba6da32941bc86e9188629b572b10db4ad
17678229b4b977bd4d17f44d9b7d4c0827eaace8,458d3e210e2da10482d97a996708731b8b0fabae
06e8910f066a3198337db3db0467ca2f96deba19,b7afac351b61a1f90e9b0611e267731058c8cda0
f9ccb0fd9b53973a87b18cf9126ad9454b328575,036bcea4992865e8a82a5939f0d374530e17b778
eb66cae55dee3b401cd84a71f9906cdb42a217bc,1d811d0d11f75f4c6572367eeaf33ab15a87beaa
b01ad75700c9cc2848edfb310ad24ceb9b06aacf,a0c4365278ca5c5bee72ce63b23e4a77353d4140
38d6b2598e926ac743b089e745d6706572f45475,ad0f1194aa2fa8cc82c915e49aca3a1149901709
ad0f1194aa2fa8cc82c915e49aca3a1149901709,e3732789d7af95d6838ba861e67022afed67379b
de9c9f0864418a83f295e4c87be50e12645bd83a,e31c520c21e1b2090d4cf889a2daac4188e9e2ce
633cf76c686357c88f2d6397fa316ed710004184,a5f2b89ed08172c25fd1cdc3d884d0fbb60bc45c
a5f2b89ed08172c25fd1cdc3d884d0fbb60bc45c,b507c42c478e7b99acb37f1fe9a0bf72285a1b17
b507c42c478e7b99acb37f1fe9a0bf72285a1b17,fe29c53ab5eb16758ccc448716e1c365da5c1beb
dd78be516aafe89890065ecc4c24b0303dba2712,ac4a21507105e2c29c114e93d3cc49485ef34de2
ac4a21507105e2c29c114e93d3cc49485ef34de2,767c44950c37cb67c5864ab2b92d22da74f6608b
4307dd9dc6d2ad4734fdd377f7dea19aac260767,234e2b590fb2eaf966908044b6c9b32755838666
b39f4798a6859d2237b48b29b39a2390164612c1,f82d7feb6ccf444e461823dba90386bec8edd7f9
fed0ac838b02823b29186008df9e9e6b30591e88,a6e7aa779672812e0583b6a1df473cc27f782e5b
4d0406ec8bf1c9147b34eb607411b78a9cd28243,256059a1d071a50c44340d41523861dd86c3accd
256059a1d071a50c44340d41523861dd86c3accd,6ad27187f35e18dd2f0c11590bf398fb701b8c5d
983c030326eebc4439d15c192bd6cec51ab271a7,6e77181ec79d107d629b56ac743721c707ac5667
13fe0a4da5cb1442eff7a31880a36378f206546b,e9846dd758cfb1500eb9dba2d86f6912eb487587
0cfa05b703d686ac81fe2dbaf9e8e1b61a58a92f,6c18fd9a24585c89dff888ef31facfb89c7fe0c2
97e6f35b34437c89d422bd440dca4a8d2c4d5a9f,28f79d9f7ad7a249c7cbde2b98d6cb38fb4d755a
580a5bd1dffed6ee5cda55ebda2ee4eb1b73fc45,d13e5c9e53db72064900e3c17f08b779fc58a868
d13e5c9e53db72064900e3c17f08b779fc58a868,56396abe9839fa075bcc087c32f098145b0bdc9f
fcf3c40172687b7d4a454cf4ea03419588c9e876,f6a3d8fd8da36a332d7bcf43a3967f3c5f10dbb4
6c5a0a172fbcde719cffd57e380f1db9478797a2,4354690e55704f0c1742e5a95411b63c6055ddc7
2c935d048e69a2890889dea768ecceb0252cf321,18d31a3b634d7dc6873bf918cbfb49efc8efc835
097757b45006b5f6c23816db2c71f82657ecc85e,b9695237f1261a3fab9527a5be0e355e623ad13b
ed231c93cab706ddeedf32202a6f7554890aa0b0,188e06c26108efab42a9a50c86f25dd7e9bdd7bb
9445c800b032b2f71bc290baf992ed22eb04739d,9031dc3b817d46dc9b36007cce1360cfcf99939f
89a5d8fee94fe9ac4989d3bc9cc9c7ca58a781d1,7358d456f3c34b2eff071a124cdc54dfc88e6185
7b917de94642f63eedaffde79fb973705d2288dd,cefc7f7c320ba41efa3be7eafa59c4ddb7ad8270
cefc7f7c320ba41efa3be7eafa59c4ddb7ad8270,3453bba898a8cab7e0a6fd73e988291740f295d0
10150fccb001867472e3cbde298591999e321278,88886ace7232c8e25ece431969c5d8d101f3368d
cee5eaf659b1e52b909f931d05b64d6f25dc63e8,bab89b8d2141dca5db6480e08c61bdbe169a0e61
af8acebc6c9db245d8b97cfe44dc2b82befc6fe1,d7874567e91f634cfb1fc12eaea7178e3ab3eddc
478abd6b0f33f4bbd481ac1a8a8d90be1d24fbf4,34c88d127b55832070f05b445538ebab2a79d4e3
83ab3eadb6bd32a761fd2e710a7a28778efa0360,7b054399c647eac82a9520d4315c40d517fa6c17
45e7491dcc4113e7bf1fbf644039160ce3583602,3c88b0dd8353dc56a1bc2a86d13827f83e69044c
8d7ca5cd2ca0c6171747fd5b4dd6789542675db3,8ebf4fe1739aae04c14ddb3ad572a57775018673
8ebf4fe1739aae04c14ddb3ad572a57775018673,2d42ec008f7d6a653caa80f6ebd41171391d7bf3
82d1128966633e7c9987d54c1331ab34538e8f13,229b87655ab9bd9699bd6962210a6a29f0764cc4
c84060bcf3de8c0d65e7ab5f99269b68be69a097,bda14002258f71021d74dbe014797cdec9e4e2dd
011235505544f95dacf42cffd545bb53dd4b6b15,17d87731062691f4510c75f12f2ce63b5dde0a43
f3384d0cbb67dd7728b03165769dc0322917684f,ff3c2f4cff624bd7cf774267951c3bb4872eafe2
0aee137ba7a2d0c1b7eb01168e9d1611a1546f1f,f3c63f774632ad10699e84bb330dfc2332b120d5
85cd558a3f71a4e7559bda9a31c8e416d4297a16,d5254ff9dfb67fba388de224a320f3a562561a80
a5d1176cf6ef9e637144f980da11bbe63290c994,cc80749c7e2f9a4c00442e34de057c96e6c3b2a6
b4887d764717819f13302efc053ab3d023e29fa7,b0f77a74a1a5cfa8d67fab5730ecd37d1915a184
caf7893f27c73db227883ad00531d0ff550cbb23,805ff37e8c7709e2b355c1d182f35de8c327c01c
805ff37e8c7709e2b355c1d182f35de8c327c01c,bcd13f70b8e064fe294a703bdfbaa6b3bf6bb55f
60d50f646eb8522887d160667ab0470386d09d11,a5288fea1aabe5e1ccad13c77cebcec99b70a247
a5288fea1aabe5e1ccad13c77cebcec99b70a247,0d90d53a8171ad29d5af65cb943f3ed5b5382d15
4a22fca524770e56c2fc2ab9475f1f01b382d343,4ad5a78dce48317d206419a9cd19dda6293c294b
7bd2f946d9bc6a44597eba1d3cf4b42cdb899907,227959b3dfb1be85423211ddbb47eb1ea0f83627
b4256df121fae1955c78895cf32e2e4c66b6603d,0b5b70d6c930aea61e70db86e065aaff495fba14
7e874d70d6dd57caa1d6be12995a647062951cfc,b76d9e5dd54ab22571c404ca4ffb9f2b7117ec29
0c2e315950409e84358be50a443c05165b68bcd2,e245065fbcc7701da528fbe2568242d50586a0a3
d2e1d16b619bfec2e2691b1a9392e7fb6470b071,b36c5e86d014671b0fa922d750b27420bc73b6f9
f7dac3ff6c1b807734437188c66c226d490853f6,96964841534494f6020807c987c6ac3ffd1f60a4
96964841534494f6020807c987c6ac3ffd1f60a4,435e479bbd4f59021682516b735d2410676f9ba9
435e479bbd4f59021682516b735d2410676f9ba9,5abf7d91232322e7f87fe65ad490245d9c1894c4
cbc4f6f8a46f410fee9075ff41241438801bfbbd,d05d4c78e1b287ecdfbd608100a9e0d691129283
1fab33030f1cdb833f8533db83c80f8aa2400c8a,70af47db8453ce06253655f6040a8b2f30b77711
70af47db8453ce06253655f6040a8b2f30b77711,93cf6d00541c1e6c6aef30010e62ed471c423af5
bd5f53c51994e14c79404c9dcededae53b21b664,ef20310873848d08ab0da1501d244e0935e07635
ff0064f9563bcbbd2e3606ffb99ce8ba85a2791b,4724cdf5e0dc938ebff0a6d6b4477eec99326542
5732a5656034ebfccfd2414cba2339adcf6ef11f,28af34bc5134fddf544425fed9ffe04445b237e3
c64520e658806a87f282c74299b2ea4b7ea493ea,76c4afb840b0ae5fcafee07d527c58e9245d099d
e7ee473c90da76e0b406c7bfb6519540be10d517,31388eda1a16c128e7c85dc1f6e7f727565ff408
cf1b946d4aac537accbc6ae9985470a3175aea43,3442b97d1fa86bb871b85f1b5869969429243ba3
b5f0af182d08c398803c2cb751e13951c1a58c0a,908382f196d377b43790cea0b0c398823b057b86
d79bce1dffcc2d65799987608afb4a97d3090451,3d76f604bdb97d66dd1248540ea088fb18c06a03
3d76f604bdb97d66dd1248540ea088fb18c06a03,94c79bb3ba513bec07d6006963715ceaecc76234
f37e9e8a838fc42bed0aea3a5be1d184606f26d9,a41704ee93032279150d4cf3e9f6fb02450a0020
783750547d254ee8d59e975de57f24a5b206957e,c41ea86b355fa5623f8fda62a4270209892f6983
c14928a72a0d3af012c01e12842879b0d3d0d5bb,3dcf7130c554f4511c756ccbb4e3a417103d595d
3dcf7130c554f4511c756ccbb4e3a417103d595d,b3be8022bdffd221eeaa9d006325448fc4291557
cf182e80fca0244eadbbe0038a675c3381ca40a7,a38d108a6831c248e08f078d74a091cff89fbb2a
7c61fc7c27ef81354af399c04e939e57c65ce046,e4e60e9b82adc48482db4721ce3e1fdc3ab6d6fe
440f837f6d1b5fc44e6f04475fd2af20e2ed370d,ac2b0f0f066967b5896a73591ce7aa25dfb75306
ac2b0f0f066967b5896a73591ce7aa25dfb75306,fe290280be18a689a53bdf56419a76987ed6aeed
22efce8f400ab452ad1369e6ec9e8e733cc9a93d,7c6ed1fa28bc0ea7d06e5d6100460ab847fbe97a
9942f3ebdf14d0139b1b156dd56662b425f3c777,afa43837a4e44a54fabee6e986e2277c813cf777
a28528cc8bf6323403b2f2f413d324810d4a4572,74484edecd8fb7b9bbb00137ab0b5d14b91ca821
b14c4d4c70ee0b0fead51fc08f8ed323aea8bf10,a677833f844f2f00823aa24e86d78266eeb1787f
ed1450a293771e12cd89cfa37774fcc3f8b6df97,d9bc95f83e163f1ef0e64012ad086d4448410817
8dd37e7c4ab1066b90fec02eee6ef69049ae3b99,3903cf63c64fa1d2023c6e2a9e9c7934458518a7
35d111199437406a5ee9b6fa4be0707b50f283aa,66aef1023984fed0a3aa36a3e62a201ed64da4b9
66aef1023984fed0a3aa36a3e62a201ed64da4b9,b8a6408a11cdcfe304710d28cca6317dd091250b
b8a6408a11cdcfe304710d28cca6317dd091250b,1f8ff7c48c1b173928f5dcd652a81d1c4a7ab273
a628d181ee662a77b708a12c51477f912ce02f63,2c21f7d7e24994741a20e1e3b617264cc200ebac
1aa9d39506fa00558c07900924aa4e54ad9a762d,70e792344a3e1b65ab88b47d41a7ccbcb5c22802
00f0d19a61b97c56ee303b2b4cab018c0a6183bb,2bca89a75220cd6362b6d6fe968276d2100a5376
97e62b38cfa0c9ce14050b603ec3e735ba760a71,f58c7604093fc37c765ac88e46aaf52b403332fe
ab5e9496d0c0b5bc6e2223df5ed5c05d01d16585,d787208e768085b608198f3e0313e2be28d4cbfe
e2437ebf3ffc873f1d7a1fa0d4c00c7f133246a6,b014223f72ee457285fa3eb336d1d4039cedb651
6ac0958166c66ed599c96737b587232b7a33d89e,7d47ed178b1961bb59f5aab0e4cc7c618eb247e8
1954d7c87a670ab23e289ed1ef3500140c1d89c2,b34c7add23553f10f6f0d7caf4177c67ee213f3a
90929fa4333e5136020e9f9dcb7c1133e4c290f3,04303b3a2efb3783fd3c3cbd14bd90dc9d1098b3
6272fd39b3d6ea5ad6318d73eeda0a37509be0cd,96009266192905093d9c2347f8f1ab08bf1e3df3
e4a56fa5cfb5b67147c2013ae444ad0cd9a1b63a,2cf17a3718f01b10fa2e9a14bad7dd6494965be1
2cf17a3718f01b10fa2e9a14bad7dd6494965be1,69833dad5b2a0e7e68ed60a91a5a8c32ae22f707
064ae53d63389ed96e6ca4648eba55653aed0718,c510a7f90077140d60c47adf8e1e73638c2d1017
af5887c0aadb4ccf59044e7d30740b4b0c4e2e24,e3007ffe0c53a156a4749efecc9d80790bf33f64
71a4c61f6e2f683c841a281974fb97c703dde716,1a345a4a7858726368d3287f0801f5920d697c17
d65b037a40e1482610cc390dc2e7246dc554aaea,9c415d2c71ddc44ca3344ba1136c0dd546fc5ef6
9c415d2c71ddc44ca3344ba1136c0dd546fc5ef6,d3f40d6a9e8f2a4918d2897fcc91d05165212ef7
d3f40d6a9e8f2a4918d2897fcc91d05165212ef7,0c5ca4e2b872e97029616aa5daaf6edfff07cc39
05cb6fcc58f74e51dea421cd0aab2995f5df7ed7,575e01be82c4adbc69970f801bd925e545bb1ccb
c77073f04068085366c3210ce7108003e0a7d143,b3d25262e98cd3098a47faecc92053bff8944323
186fc130cfa40c2fa6d8ffe3455057ccf8ee5036,616fe82c7d793c2ca58b5eff3d152b4a10833a24
9be26d0c1b3aa2923475cd83098850d1e438a24e,65b6a6a4977e32ab78fc75c3a348213538ae6165
2bd045bb4a3b8252fdab8f9eac7c98e90bc67172,4c0d063c866d8a4dffd1b540dac5a5349240fbda
4c0d063c866d8a4dffd1b540dac5a5349240fbda,048a816be343c12d2546f2e2145a13b77fd2efb4
e513fc69198c707fcbb8c9baa865eedb12054b20,fcfa5874923000a4b391c88b6488e065aee4d671
342fc7d5060be12fa26d46cd1eef7596548b7fd5,bfdea3ea288c06d34de50dc3fae3d06418a67a0e
7db26a913bb42a02faafbc63369772d640b1b2fc,b961e12f5051f086e321ed06f50448f89ce8c6ef
01f131665aa5a7c86b984ece7214390076fd2a98,7e756ca11f2d3938ef73010fe63aa45d699bf0bc
1b4209bc35b03e356ab7fcbfc1551906099a515f,8a3c8006411914618fb589d39aed843eb980438b
8a3c8006411914618fb589d39aed843eb980438b,baf4f350275780a243172609af42781a7f63a0a9
2b255a3df4e20911c5a3704e8004a6c6958f8dfc,5b261a230eb997e4d924c48993ec5e5b6af9bb5a
bdbf84602973dc86a16f66d2902b22ee5a4c9f21,ae8772490de50949aeeef73c6454b52aacda9da6
ae8772490de50949aeeef73c6454b52aacda9da6,d1bbb449a342f438749661bfadd069551864fd1e
dca86c310e4625a17398f8cbd60076b48e8bb686,5ce9fc6bb3318b32e56ed8a12a1d8cc1f4f2dd5c
ad828b5909655a62413f365d4b2f2606f6235ae8,e3717ed36e6f9e1c8168a4b43bfb6b308e193adb
e3717ed36e6f9e1c8168a4b43bfb6b308e193adb,dbfe2b6129c7367fb26cb777747c36da708fd36a
71621ab6bcb70d54765190df7bd1f4d4cddb0b12,bf2067a609bf3dabb5cb069d2b09ca43c6ce3eeb
0474464c454a000e4cacfe188c86a0b8317288d5,fa737a5eb9c0313c662149f11f8ae66000011e8e
fa737a5eb9c0313c662149f11f8ae66000011e8e,2c3b512c5066b39b419686a3de845a93e0d91e24
4290c9e1e8b111a762917cb2875a6081668e157c,f064682786d4e0dbbd2dfce488577a147306c656
f064682786d4e0dbbd2dfce488577a147306c656,45d05ff68dbf3db300a782af97ea54cab70a3ff9
3fe479f34881c2200ce0e50e296250e06b3f7549,827a557269adedbe2594a820b13c9be100808b51
aca072a4bcaada50c5b3a72087d8dfee58ecdb40,cf9fe4905eac1bb66a8b72c7799cf77d6f6450f3
2ffad4c89fcd19800a7532a8f7821578770451c6,0ec410769744843726a140b7efabbeeb1c4e2929
546476c704a8a51b0dc76f801865fde0f871caef,a93739431299871f29d8014a343be9ad10162377
fc1d0d42d7f0b009ea0c622e6a1945bb61487d01,753362d0a4e44061b9c6aa72fd78ea54f572e291
753362d0a4e44061b9c6aa72fd78ea54f572e291,af449310aaa0f7d319d55f5380d19910fe0b1ec7
cd0fc2eb71eeee83ec95164c90d0b3588bd7ff64,4c7ebdc32be1b7ff8d151e490b13805cf9eee903
ce8abd62553a449630f992696a2a8eb02ca7f724,376268f01e2e4c2b5a4569ab1e1357b38b03e418
376268f01e2e4c2b5a4569ab1e1357b38b03e418,f07ee33db679a4b4bdcb4a2a221aa5cbb05d7b34
6abc254ae6830bcf2688f780cd12ef68e57531ce,8e3faa2da1e7c64a54072fa5115a242e71c49c4b
48b6de0c40428424e8c98baeaab73d85f8fb79b3,c50c225f05f9a27687d5d5244c8d46a43900c635
c50c225f05f9a27687d5d5244c8d46a43900c635,6878f3bf4e2df94eed430cb9db4b47e419948af9
4a095e1c5cb2474767fbb5b90aa7961dbc81ba4e,1e1a42260a8e8eb4e5d9aedcb2bf41b0b2eb63bc
ebe3a31ddd82c616df6612cb880b0b3b13b9ecde,d1234c592d645ca4200d3ce2194612ef2bcac41f
20a8eaa335c04b9e33f4d5bb335388d80997c70c,e0b856c105d3c35df8d53f737762f88ae68ee1e3
0f584faa6b3520efa378f78de4e12a34f039d8f9,38bb4e2da069e2971669bd900bbc3f7727121c61
f40d08679d31ef6e705f1e0e5a66473c817325e1,ef03c39ab75dc246edddbff3af84035113141ec7
19187d38f936e213e1c2e35b8d2a86f16afff8cd,ac3f7393fd090484c8230ec375db503819710227
945d6f5f317c92dcc490f66137cda6861ef2b97d,11dc5264cdb888a576ea17fc2d4b6ff743fe403d
e81707ba0242f12f47d742e86a982f529a7ae65b,51cc7a89ee9f1c0ad35c147ce37a5825ec6d77e5
62ea4614f3b6e77ea2a05581796eb64d7780858e,9c8701f2e2c09a984ac0322942c8f742a7cc6bc9
f63fec9323c319720d78b452e9fe84b97ce7644e,09a51697ed2a437f4b5b41aa7dc6fba18b01d554
23719e3c05a3fe88da294d9cfb8bb246d4ad7984,41c9bee4f0fab6701ea3b3e9bdf8c7ea216bb460
4f3160ba2ebc3a4de230e092e98bbbbf9651db21,465ec752f80057e4691b4662ff12e1fb85224c71
abf1d4b992ea9c0ff4cbada136583d376d0e5848,7e08b0d710208e980f27896aa62a59f26f0cb3b3
7e08b0d710208e980f27896aa62a59f26f0cb3b3,514cb22bd719e6ca056cacce730c8de875c9dbf6
3d202f9ecc4137b08cb5b1ac15af276456fcfaaf,33470ba605201644254138b4d5288e86ae38ac14
4a01fd048cebb65405021d3f24ae4dc07cb735e6,bacabaebaf16b0492cf9090b75238215c2c19de5
bacabaebaf16b0492cf9090b75238215c2c19de5,4018237c309b7d9d6978da73132003615341e04a
144a5c9913fbda8ffdf6a5731b70edf50b09bf8e,e04e7c9eccc1233d6059e00e427b776cb9bf852a
886702a1af442f33625693a9ba33c669f9fe9535,be60efb3cf6bbb9c0dbc0279f9bdbb805e5856f8
96769a7184687bb8590e7ed5a6c2232d5163a457,c208ac68c88a23977ae3d156dabb1440a9f1c9f3
5fd1afb38a69f1febbc8529c75efa7fbf9f77dd1,8283680aa0bfabeba022d5ecad51b9963482a333
8283680aa0bfabeba022d5ecad51b9963482a333,e7134a91358c0fda0d6adaf0171512c5c2008b53
e7134a91358c0fda0d6adaf0171512c5c2008b53,b7601e9deb5f04546b68354b6ff69acf6fac3311
b7601e9deb5f04546b68354b6ff69acf6fac3311,45c57600afb7d7080917b428f73b05f20f03d9b1
7383a2c912deb6527094ac4e0a9d667b46ce0d8d,c36121326dc22c5045067bb125fadd3f2786709b
18730e307f5ed0543d00ae9372b290ce8bd74a4c,be4c24c484e7969045adafb5f695561ec9190005
84ccdbf8862805244121f425fe99ab3d91b9621a,0864b1c8934fa4c93be27c75dcc4a8cf604f1502
6e548df4b359f475a325a2d79e860ee69be85400,aebb1a30ff04aaeeaa3c16e39ef0f1ae35bc201d
6e788d2dc6388ff21d5c3e882aea9b411673e0d9,4803f681b06b54e401d249809331216107a48e0d
42e59c6add29a5f91654a9c3a76febbe435df981,94a9d3d2837eb962cb47ad2854569039a552f729
db69d169e868451c16a4ee418f2de835ccce146c,2d9d7e4daa8060ae3faf6361186055a8dac69062
2d9d7e4daa8060ae3faf6361186055a8dac69062,b29757da9063282862122286eb568721f5e21721
b506a7e46a6ec92994e21f3ee6dae68a198021e8,2e8585f46a08823a2ed568440aa0a410d15bf13d
4ae6f0969a582a2fdcabbc03442832eb99f071e8,50ed083fc7ee6b8771247de112ed64d6532be841
df416f6c78cf81518490553d077bc4b4b3146fb8,c590e3a1665153deb9a3a9d46722114a3819c138
cd90dd429b46b1ad9035be39a6bea4f0cdf70882,6831ba9aa03a35e8880f34de016ab8ac55b4ebcc
6831ba9aa03a35e8880f34de016ab8ac55b4ebcc,404af43cde6696d04bb1899da2bb7e334e49716d
b39f290c4dda851174c53b905f65cceb645d48b9,99326088bbd58b1fb33a0368e9ecfc8656645b73
bde2a129902e4775b060078ff8be03255e635d92,10d41fb4ea7dd5e0e2bfea94edfeba08556ade9c
5598dce1a98f348732dace7bdc47805168882b1f,cdd2e122fcb3d37539bd4efbc8650948ef0eb291
2fe1eff85d6490f1ab08b88544a6205fb3cb7392,c2e6e68c7ed1725563f8c84d8cf8b04ae528fde7
ebbf256bf505bf119c4c961d99c12afd7e6c0ca3,e952dee2921506c80cc9fb93e8731d7ee137ce59
e952dee2921506c80cc9fb93e8731d7ee137ce59,a941f96d185d9ace1c2d258faecfa0a4f0775e6b
0c763b2de1c8d23302c61601363129bdb95b5353,12cb9942a18f9e9f6b7cdf6329abed0afdcd329e
f23f5e56480d1a4784fc7829d014590fe4ca1454,bf7c28cd54b5df05bf6c97614ad9cea3d001c105
ab7c947961815e117fdda9652fc9c834a8ec5d98,02152c17299eaacb26748a858d1a3545b419b93a
02152c17299eaacb26748a858d1a3545b419b93a,fedc0d13609abbcd5dc89bb2f1c91be5865ca478
68ba4931f0f588c2795e77f0cb858de5e72cc526,239347435029c0a02b305201ebbfa39d62746ca8
ddd3eda26fe6a3836dcf10b7b33b3cae4ad10242,ee9b3fe5744ff7b908b02483fea17f68c6e228fd
ee9b3fe5744ff7b908b02483fea17f68c6e228fd,127454ade2b851dd267b7f0b4d973bdefd0329e5
127454ade2b851dd267b7f0b4d973bdefd0329e5,2c11d96012f629264e57601d68074ef73bb17659
53d7c9555c56d453ea0edf44e54aaf8aae492b66,e2c404bad2eaf90d77d2faf3d2802f783f8dc4f7
7d9784e95194c8185f9a33b13df4b53dd75460a8,ef8ef12fd0b1fa9318aa7a9930389bab8c8ef5d5
90d1d9fa73408ece88fb809e367455bbe9f668fe,bcbba3b7028fe1a33e0d2dba99704c27728533ff
068502f07cfd01b19f29b5248a9efc4bd3309b01,ce9179591dc3414aa0ff59007ea46f30fa9ddbee
77fb425dd4588534504b99f0b562b3cde8b44dbd,4ebce38478f28c70edc2c7236c514665df105217
820d5c734876feecbf05c5a73503d7600fcc6e41,d5fa02e7985c3920e72e268ece1366a1de96281b
d5fa02e7985c3920e72e268ece1366a1de96281b,2c3d43dcb503cf2f8fc8a4b30d4ab6f986f348f1
ddc3757309e367ee8d67e2aabde2e6e46045572d,4a3f9069cb8fabf588f08361225d129cc52c933e
4a3f9069cb8fabf588f08361225d129cc52c933e,1e501f0f40c873369f6d47214e2471c53311443a
398f122a425cd1c113dee728dee1ad72d2e4a4e4,16feb5137b4b87b739741efaa29e9fd6b79a6182
0f36525e8f9879f6c6e5d6cde86a1d7a56d17905,ccffc344cad00229cc1873c3162bf18633d85568
ae9956f997cb8e66d8c28951d47c7106fca54c1b,20946331815de72bf1b94b0332432ad6953abefe
20946331815de72bf1b94b0332432ad6953abefe,7f71ee926511ce1ce80e7be64bcbb0848803ad54
73e06fd7c8c221fecff3abe72440b0358f34c154,9dbdffca1e5606d79a48710e30d3c5ebc28f00b3
b72ed71d4e6381bbd8ccff1e11c96660f1eecd22,d88cf4a652946cfbd2158227d7116fcab8bea150
d88cf4a652946cfbd2158227d7116fcab8bea150,c72880f109b0fcf1de57c5e2a67b7f352b28a7d7
35401706bf0b89b07bc1748fdc2df612baa2be2a,81e9d4260e4b056977b623f66cc2444ee214ad02
2194d2dbbc04fa6d69f0f9ef2d54b6226cbc1049,58a2993766f9634b2d6711c0b43242f1592bd240
3b836668237c5c088d9eac1db86a6f0293a42070,518d91542234c44617b8c44fd2109f9f478809d0
518d91542234c44617b8c44fd2109f9f478809d0,3c5dad71003bed5e97c02f0dd7a466fc6955fbb2
12d6437f65651b2fcafaf32bbcd5c548eb725e22,2438d7459b108a4eda127cb6915ec170fd35044a
0858beaf6b7b91473315287332cb7c0cf2cf9468,52c3081b4ce1a5f43bec133834f4109a271ff55c
129c1363f914e0d458392abd822b0adf5dee5c7c,0e8ec93b28ecd86898b3668d48d346f510e95167
cc607d593725bf0c8adb549aba21cd9694e0e84d,bb366232e753138f6c9c1553a7ec525df17f8665
bb366232e753138f6c9c1553a7ec525df17f8665,9cfbf8d6092de6d6b26b67dbdb93dfeb406a2c70
918fa2b3f1492376b0a21bc62446fa76e17f105d,f08c025c104069eb9ce73674f017b30e2684ec16
704e00ee7fe670200ebc006674fd061a389761ab,56437e98a6e673f5b978eebdf2babb28c09e41ad
8a40e80226fb7471329524d30eac4e81e6b77f9e,7464aca44e73f72998c411e999e085e4fdfd7568
7464aca44e73f72998c411e999e085e4fdfd7568,5ae6926a520ecaa21fd96f3ebd15b9069dbd880a
5ae6926a520ecaa21fd96f3ebd15b9069dbd880a,5f94900361ed53bf55caee66ad6d7eac5230b573
5f94900361ed53bf55caee66ad6d7eac5230b573,06f36092a49b0141f8f6148027f414d1251c8c6d
06f36092a49b0141f8f6148027f414d1251c8c6d,06668c0ddf745a712c0acc142c0c93de6ccd3bdc
06668c0ddf745a712c0acc142c0c93de6ccd3bdc,3ee1b55bf105979068914827421eed31e2388a66
0fc264a65923c73a5887fca18bcf609c54dde441,48718d7ce74f712da881e9585d66a8e0d54e7004
48718d7ce74f712da881e9585d66a8e0d54e7004,be255de3063547df3cedbb0b98da1729a3b615f8
be255de3063547df3cedbb0b98da1729a3b615f8,b5e7e030d4c049c9614672b3b83ac825894605eb
b5e7e030d4c049c9614672b3b83ac825894605eb,d583d561690ea975ebd9ea41e1b7054495aa0bcb
7e4d6cbe48b246c375f637c327e1771ac8e9461e,7449ce216de8786b4370e1a39faa84b96cd6de42
7449ce216de8786b4370e1a39faa84b96cd6de42,1323cb2ed5207ec78b0790ca135687153712ea88
1323cb2ed5207ec78b0790ca135687153712ea88,29bcf309848b9c5ff95ab0d6dd0f12b7ae28f9b4
02acb21e553baf920f54dd6c15ed188269d43be5,61f415f2ac5b6d22bcdf21d3f7b5730a567b8e0b
61308138c33ab2d52c84e72eab3a8f1c83fa23fd,e806bb77fa070f810cc35c560aa4c49d7487428e
951575054834728eeed38887585f1f6b42462ffe,ddd9cc1a67b08e39ed20eca5daa7175d72f6d20e
1ff6b18e8a2cf08d69f18d1037f57321b2c68ca3,c8f605e47dcefe192f3a9b477f3e56b437615e34
671887fd9bd37bc44086549b18f2ee2de40f71e5,6386f45de772e09f4403bb163aeaaf4219ea8dce
6386f45de772e09f4403bb163aeaaf4219ea8dce,ef7345dc4eb75b4e0d50de8dddc4cc50b44658f4
0c9960bfbb7d76dd594b75c57cf0ac0d0ddaac04,f0fafa2be08fa46bb1b4bdddb2fc9add1adbb6f3
cb58fdeb3dfe9a6875c64caba16d645ec2a3f318,db784225eb9b5d9c27eaf4de2b4e6627d84f28a5
f78223041283450c98fb34bb23bea6706247d937,5f3372871a333c3229968f1af1b10a925d7ec3ec
fb6c33a52dc5e586bc9834c42c59e2b573793ceb,9dd04028d5bb17fc98c8f495be8c9264ec6a7518
fd49795090c3c2b4d413542dc1d1016196b4d5d0,b4d1129096fe36a837d310a8b436d083e9a6ca9a
cccbcc54202852408b08ccfa4deac55ece12a327,0435e23a64c32ce3888b4d12a8c117eea2d4cf01
127e04124daf9c058c619e88e207cf8f3b63396f,8e75f2cde0956d0001670215577a4d6e28558b7b
4e7e1dffe8b1284fb93048a499fed0eac2bb12ae,8c55a08e8515c0a5c54ca36d0dcfe7f7a86724c8
86d905c205ef80e290d8ba9f5c51a36b3981d433,dee5553b2b18fae02a2a04fd5eb036bd5a9184dd
7e2e874d9507e6b6f7b96dcf7f44406640381d74,d0aaf983b99224871ff04dc3a3cc919482b2cf13
8dfcc078c41da3fa95b1282267965dd8080e62d5,221c4a0ba261e4a499303aa9d9f63da63e65daee
221c4a0ba261e4a499303aa9d9f63da63e65daee,3da28fd634882d8fc11c5792afd635e3d0c9af2f
fca927288ce3aeb7aada3a4e0892dccab3b51047,5d239ccd704c7b639b6e83fdff9460fa9dd5e790
5d239ccd704c7b639b6e83fdff9460fa9dd5e790,692f77b8a756317356eda0f7a933dac0b0cd16ba
692f77b8a756317356eda0f7a933dac0b0cd16ba,3bacac7734bb0c85d523b9f1acce442b22089bcc
3bacac7734bb0c85d523b9f1acce442b22089bcc,069ae27cef14569a4d14257d226124ce05475ec7
963c17b669cf25eba57906be96618dd7b0d3ec9e,b3ebc18bcb0b4034fdfbc90fc3d79c9786cb59c1
b3ebc18bcb0b4034fdfbc90fc3d79c9786cb59c1,9064b83caf817c624ad5241080e5a68d678a5ea6
9064b83caf817c624ad5241080e5a68d678a5ea6,344f3a984aeec39e2ce0a27a82290897307de751
344f3a984aeec39e2ce0a27a82290897307de751,8943d8bca0014c3da7a7d0cd892c179aace66934
a9a376019f57a919a5e8ea8b68a1bfc67c33f175,7b42494d0e29653bc4c1ceb940170519a2e350b3
630a88addbffc4dc1166cdbcb76cab0268db2315,9555043a297e2d79bb7099a5ff4862e6cf2d62cc
d05cdf83f1562f2f1ee9066136772db5c586c723,e425bf3ba93eb1654efd7cff9d3f6e54b40fe188
97e1516349f8bc9fa029bd000091ee22e79b69c4,cc38d4c342cf078e7601592fbe448a2c8ec01e69
605c5a8c9afe65b25f703cf29442912184d19f46,bb7d188318c6f884509fc9ba4858d22b3a50077d
b2b27e4018c3999405b7cf4db04bc95a284f165d,84a8d2d178791722c4f98a195a29a830870ff6ae
42812bb00300b136790f85f1c2523e3e6b3f377f,bd920b4102083635be49ed21cc354bfa1a274869
1ac9164f913a99ec6d4413f5f72657e0e43a529c,9dd56398e3f2dde97f3e2f2aad651549adb992e4
388eeea52d3abe5e8c08197ed06dc9ca9eeefe1c,a028171f26d781491fa87fd27adf0e6dc1d7c3ae
373a31e63ed03e1bf56b1017dba1e714a65bce2a,ecd3678a1fdf234ac47dba3b56784a3c7467d83d
ecd3678a1fdf234ac47dba3b56784a3c7467d83d,7b00894130ed72ba789f1146fe3faef526f6dfb0
9475c845cb29eab5a89163328c1837b2ff56b723,b434c479e7be787c49be2df381011bed3dc8f070
414aa5d3455d9a7416cb3917dbce4e9b669b663f,31da16344c2e842fe01f75037033d79369dbb3da
31da16344c2e842fe01f75037033d79369dbb3da,253e57c2c24ce4fbf5b100d1a84fea3a3ebe24a8
9f12ca095ab6e3295bd03fd1e50130a12b11569c,e676ff96b16224331297dbd0e5ecd5cf364965b8
309ce7a96664316b0f42147d6a849001d841559a,da6dbc8d1d128cf783d7151b012a5502bbd52bf5
da6dbc8d1d128cf783d7151b012a5502bbd52bf5,b8619a695f4e1f9a91894badb903ceaa61ea7201
4f63942c4d89d3417eefc9b98884738ee6ff015e,d422ef2c895cfbf08f5e14185926f921af0ea92a
aa60c086414eebbc660bed5e4ad0f2dc835d8cfc,6dba26666aa564db414eb238d99a4213006d8220
6e79bef9961fc6ad3efeed659307c5c9aebb8d4f,141316fb2911df0475554e66798441855cc08b1b
a52be5bb0790113a69d9965f2e9ebd84f40acb06,e982800b81dbc636cc8505eecd47b6fdea02c4dc
7aae58916743871f8e6060b2521df450d98852a9,6a9cec41a3fe0c361bf2c4f03f4195257f9038cb
5700fd091fcb17d0465d10969d98bc98eec8cd09,6bc4490d01aed21c2d52f884d4afbeaa24a47ca0
ad36c7b9ce6396276de74abdfa9d7dffe2b43a6c,68fd3086f1f95c191caabfa9f4c68d5b20c5caf6
6a409c7f84f02c6256ce9ce7b9cd0a639098efbc,7189d673f650e887ab23424ae3688fe78312203b
7189d673f650e887ab23424ae3688fe78312203b,b7c2e0a80eb00d04571f15692d965c1a074b51a9
8d7ac8f0f8b2c5114551ed7ed645ef7b018ba45d,c9622bafe027fc03de3097f3ca49a52137fe7a25
bac617ff939687f22589210cb2cff5aaeb2de596,d2cd7cb0f90f5c0dee936010aa9f4755424e3078
bcc00049550d920ddf4e66809c2f2c1aac7c31cb,ffdcb62e8f11ef9637b6d60493cf055d4f80c1e6
02ac4b0b6a8ba10ae075c24ade70b6cf7ace8489,6cc1a060785448eacd016f6689d592ac822adaaf
d3a31bca209b63547f171fc370663156aede89cf,2cf39dc442df4fd63265178e1c6b2ed05f8b82d2
3b0e4e0b2bc5b62bba09df5976e1460774ae7337,432e5637d6da30000263e5d79682d750eeacc4d0
57215b79a07787a4305da43cc3378300dea8f5f2,423ecf995a85946ca03edc1f3589a0443e4469e4
863a70c294abb78f6ededa7d7b58d07e5338b0cc,ebabe56f4ebde2813e1d77039ec7cb64bba63ee2
ebabe56f4ebde2813e1d77039ec7cb64bba63ee2,1c851b89e1758f7c3b96b71b7b6619af130e81cf
b0d19969200f87a14cd86a2e29fe8e0611518cb2,3ed8ef8af92e4fc262f7072f62085522a97ac4ba
3ed8ef8af92e4fc262f7072f62085522a97ac4ba,dd2f5a02120e247a2c6033c9cfb78df796374bfe
dd2f5a02120e247a2c6033c9cfb78df796374bfe,3df02b880a6d145ff0aca24ea429c12c0d8f1181
e7298b5d387118f55e51b89d29892ebe4b43fd73,0647340f3b5650f36e058679ad82520b2c3d73cd
15c477e9fc9a604fc62cf29fcf649357f7534c32,58a6d59784b9601bab631058028af7d9cd780f23
925f082572500a8c3b97e1e8c9d614f6de73b232,651c25feb66ba0a4c715ca671744a20f0a1355b0
22985d2f43194ea57cd961b264788b5505e2f63e,0f9134e043e0400ea139b636c59b9ee1081f2f96
bc577ca7923387384c015d7e04d5b0c4e5f1afd9,b46d22197d9533f7889cd0e401521d54cd1d7f8d
38274b9de9eb9704721a8d70af2e4f82597ea43e,24c3a3fc3edeceb3768f8e5caad76811a7dce02d
7e8f4b9ceef40280942283e31132fab246095eb8,ac583781db14d7ec2803216889553fb5748af28a
ac583781db14d7ec2803216889553fb5748af28a,d1a03153f3649f2ca275436a14ac9c667abf04e0
d1a03153f3649f2ca275436a14ac9c667abf04e0,4157b3506203ca95e5891ab3c7ba162c3ff26762
4157b3506203ca95e5891ab3c7ba162c3ff26762,1aac481957dda7b9873a4204b5c96cb4e2c205c6
bf6ba83aefc0591a1ee816476a602bdf31cd7499,dcec4efe03c81f43c215091957b7439ed9583881
dcec4efe03c81f43c215091957b7439ed9583881,4a8422c2dc870d29d26748e6aa01406d2e74fa48
48a10f16eff28eb201ea3c925a59966b9734a48c,59acf574e598509f5d7531b6cd32c4be9ba56b98
39231aee1ae2883428d62714c40c6a3d835e8fe8,7acbd65bcb76b39a0f8d7a6f6985168d767ab23a
7acbd65bcb76b39a0f8d7a6f6985168d767ab23a,49c579f1f08427d3f6c2f38ee6b6d55b8dc2c1c1
49c579f1f08427d3f6c2f38ee6b6d55b8dc2c1c1,248a8e8b321317ac2e466ba8b96d0b2f60fe134e
248a8e8b321317ac2e466ba8b96d0b2f60fe134e,ec8d46e02b45ee6cd5713bd72b2ee7e2474c7ac1
4f391bce7c419646893a6d79247f3fc2d5d7beca,d0596fac94665714d9505148fcdfa2c7e2c7ed20
d0596fac94665714d9505148fcdfa2c7e2c7ed20,85c8074beefd81cce12823c5bca7e5f6e93f237d
c7f30a204cd1449b84ee240171b5918cc58526fe,826375effe30e9d9be0c59a40be3453c12f00977
ff1610492788fb3df79d534c369276d06246c368,718074b99afc17204a1973f1bc94befa611ac094
8dabc30bfc845f690962ce189ff9743f0f0c3772,efd272a3cac2c412dd4a7aa138feafb2c114326f
fc6d4027334b8869f02a3bdca0a0846f1cf79928,55dd3a4c6458091a30936b93ba624302d8ab7d44
30d649b9a7241a9458bef64010d2661a7da789f7,615b2f736303ad3cd56b33111f69952255f01c0f
615b2f736303ad3cd56b33111f69952255f01c0f,74d79e7e0ec38b2f892f7424d224124a6b896ef0
c81b2a81891cc39e454b841b1ed221b734e39cee,7d4e74c7454ef7d4ae2d13b73a87e913c3e70ef2
d1db604c61edb3142960346fbcbbfe74250baeb7,f4cc7451a94010a572480c43ad5f0af7ad52cd21
f4cc7451a94010a572480c43ad5f0af7ad52cd21,2ecda5df52b2bd14e3125160d1d3a7837fd3c444
afe0ededa3a2f766d56de4cfc0fc0180aeff9ce8,e886d55ac1be6c34bd8ea56dba29029153d8eb5b
e886d55ac1be6c34bd8ea56dba29029153d8eb5b,c53edce1a1bada7be97c40c8c6d6ae3caca56f4a
62d4304ca4d42f5a681321cda1e4063e05edd096,cea170e011861d084ef16422d34a63c90fc72021
680e83adab38c2d680b138bdc39d48fc35c0cb58,b2bcad11327ef947d622306f68f8a84000ee377c
dcd9dd8338ea2605902074610c5c9c6cabe302aa,0544efd4535cb8965902fc3c938263b3deafc7b7
06756a84e6fbce4632cf15866d77c9e2af2a746d,5d73fbbd812e2de7746a4ab92e367cfd3819e7d3
a312219d422709cc38dea0f5604c531f31b7ab28,555a6fea212e340f0b3a9684829e6027e4ba27c0
555a6fea212e340f0b3a9684829e6027e4ba27c0,b190403e282cbcb71147c7b618654476b08578a5
b606171299a9cc0b9bb2b1517517abe50428f66b,4e9b453854c9ff92fc4a7ad990b7995279313fda
983a888f498131911a1296400448b004a53c1717,87c03b10389bb88d1b1a4e5fbc40e8e02091fd04
3a56a6024e0d8b239801cce558381807c24ba3d0,cb590392880aefcb0830bf00ec08e4beef6d4f7e
cb590392880aefcb0830bf00ec08e4beef6d4f7e,634d83134fea4bb701c24abd5a4a38adb0eddbcd
634d83134fea4bb701c24abd5a4a38adb0eddbcd,37f22c99ffc16ae4010ba7f2ff42f0b86cd1f0ad
870247ffe6a5ce819cf7e0a22b997a765d2f6675,853523ee643fe0f0cc30d40d9e85a8869e7edfd8
853523ee643fe0f0cc30d40d9e85a8869e7edfd8,58c9fa7edbb40dd3fbfc544ee042e8b23693db08
58c9fa7edbb40dd3fbfc544ee042e8b23693db08,e2e1de0fb73e6ba69fb26b7ade4371c5ee6a1845
e62c7c7839beea9be336fe9f30873d005f9cdc5e,2064ece5825dfa07c339ed8c6e8ea59183e5938e
f93414d085784e177e75a143bafefa5ffdadd0c8,36d180e53271295359c1ca7da1d222bbd2ed7940
a74909affa0535da02e64b94f6d5f9b2da03c08f,0995d30fab0590d155895a77535663794118b5f6
0995d30fab0590d155895a77535663794118b5f6,3cf0c3117a6c0ddff9bef5a216cad1cb4af5b6e6
3cf0c3117a6c0ddff9bef5a216cad1cb4af5b6e6,51b10f78f4b4c4b704219c619dc5e73784aca57b
51b10f78f4b4c4b704219c619dc5e73784aca57b,fd5cb7fcc32bd0962ba9b978489cd6014cfa6a6f
70beddfc1304ff285ec6996b9547841563cfa27f,cbca6cd35485f92d9a7eca3756d4bbd81862eacc
5733889203dbd4655196816ecc0c5bf51a31cc96,d02fe342c1953fd69fd7ee01fd672b216aaa1b3c
ac60536818dfda5dc0aae028ebf8e742e662b1c4,ab4c838ba394f7b92f28676d8bf758ecf499d7e8
d471fa30b3bf95cfe601014bac544754067241ca,2dd6f9e09dbf177ef7bab31b2f57e5e45796c7c4
92a1671428590766033485045ab79dfc4f2f0846,40976e4eba5cf721c6c8503756eb648b0b9c004f
0ea8f3984141118003460d850ce2810581ef3f46,6b990f3fa5646cfbf2e2945daf568a27921b8362
21fc5eb21e6db07bcc222afa4204b3d5fb5be323,0e45220263f4e2045dfe7f68e3e0eaac0b2033d5
5b5a5cc80b7a752f952c7450b005d345b824fd0b,3a4c4246eeb9afe19d5325a054cf38f8c3fbe0a9
3a4c4246eeb9afe19d5325a054cf38f8c3fbe0a9,646cf2f7d4876b5bf53b39960b2b82b722767ada
646cf2f7d4876b5bf53b39960b2b82b722767ada,f79a13e4956554eb68b103c12054bdb7cd4dbe1a
9876df16a2fd3f747c945c050698f25118ceaa6d,1302766f83a5fc861ae77ef6f8798cd0b1d606c7
495c385a5444f8dcde332b447d6e68d18faea6d4,a72a7992a283f2eb5183d129a8cf6466903f1dc8
0b843848b67165c24ce3be09923e5cfa93b25d0b,1bd5f36a5bf02ba853c04de77647456c64784399
f8a379830d1cb92060264684dbaaa17b7a87036a,bb9ace43334ad50e3758d9cff08ad34216c7d4da
7f91c5ebbc60b5ebed61072846da606f5d3957e6,6dc1078822c33fa4710618dc2f03945123edecec
cf8e828559450095cfdead77b074d05b131f34b6,89b5326ca5a7bf422282f103ba04df61533bde03
127c52af747066b184faed215ab009ea6d77ad21,b7f3a3c42196d9d012cf44a20adeb54fc0dd15f1
b7f3a3c42196d9d012cf44a20adeb54fc0dd15f1,7f6154fcaddd18f5bcc3fcda339841eba9a37eca
a2c605785a85ab2e599b3390f98f71a47db78811,86e1d9f75991cb7b1254ec282c474eacb8babb20
86e1d9f75991cb7b1254ec282c474eacb8babb20,313e81638d84d48839e63c86cbd517d032f8d6b1
87f0aeac25c342a8342631518c871a42da842bc1,1c2ecbf70c38912124a384f273090145c1328353
851fd7fae73318d39fa723dc2ad87b3996976000,742c48e99462659c424fdb99c46b7f1b1e4a26bd
90e37ba458be13be02051c489e90b84b1efae2ae,851f9e3997db8d8e077254e3a996b8835d59dc3c
9c9e2a0325a6a5d25f0f82859965ffd330ea1acd,5e4dfd75d26a77f6b3bd068d0b952de54fb6c0e7
5e4dfd75d26a77f6b3bd068d0b952de54fb6c0e7,e35192dfcdbf3ee8abcfa4967cf85972d0531863
e35192dfcdbf3ee8abcfa4967cf85972d0531863,2e53fd33322e701e2028b119e55563e91ff08263
20ff50caa6aad8d5824d5ec889f2ba8f334c454a,fe0d08899eba94d275ff42253f495d9e70d86f89
e9c3e02abb459b09c9a2e6c80407ad3067066b43,b46cc557efd89220d1180add27b714d193ee1661
030b76bf67b0293d64b38ff6f7fba39a0e1fdc8b,80c529351439a0f8d3d6e9449cd47d16ba3abbec
80c529351439a0f8d3d6e9449cd47d16ba3abbec,1b3e4f9fb9a7a6e9fb516eee162b68763cb48ac3
e891ceb83651160ee1497455ffd63a75621bd013,b9bc77293bbe324c5b3f7b0d7498a0db011a391a
89074fa2ad13de173813bc440c98d0827a79906d,33cc9fe13838b3f97d0ee9a573900760aa6b63f4
fb02972dde3e4b434d0baceb4f80fb081ae9c8e2,24d0295ff1b6e16f0aa58de1e5c13d57051bf6be
5bd3cd5f712b65d38812b27cf957261bb06b83c5,f645df5e9a0019a4e4003ee36fcbaac36967421d
f645df5e9a0019a4e4003ee36fcbaac36967421d,f852a4f5925211d6bb9dac231b9185e3e6814b13
7b0b6c31128b9168cb6cbaeecdf025db2903cc12,f6f81f0430c8ea81c951174243ed37a91095f564
f29ecbfd909ff431ef837fcc8ebff451e897cb0b,4c07ab5e99dd20c1f309d9e73cdaacc1ebad9499
402a258705c10c8ad57bfdc16c39a8420b1425ee,67d21609c9f3947736796ad3ab1d953e06c403a0
67d21609c9f3947736796ad3ab1d953e06c403a0,832a03af7cae21bd4e6b7f752689a7ac6c2d4ce3
3fb8eada34057a514189220466ae76c1b1f24b1d,6a7b4cf5d349aa64938149f2d2629cb3fdd364af
71b4611c64059d7589e4d80115209fd2c89e8bdb,30b7440e123d5a91806b493995293e97a2ab80f8
490ddce2ac0f45df425362eec241e327e2d299e8,898ec8a94adc79a480b57c1992c4881ac862bcee
e61daff5cc15f7680b0dd85d8f936f491f6979ae,fbee5a86e70282664f172c26aa307cf3c7882b34
d1529c28a18af26a99cf42ba3dc37b04f39f1ed2,60c1c8fe83c13ca62c0e17dfa5ded36e6f8d2096
60c1c8fe83c13ca62c0e17dfa5ded36e6f8d2096,d12c6cf2b358c989d0d8bc17018049def99d6129
6b15ca95f07d5499e470d5027699770b3c2b95fd,3cc0b2c063e7d9f172f8060a626f883cca1bae93
24248d6dd4c00e06ce351134b686d086de2af5bb,67528c46658833cadaf3571031be7538c6ce1bc9
14e6b46c6e643880e169013e0433a84cecdfe482,0302b8be32baae3bdc0c91dc25a8a08b06b4ad20
0302b8be32baae3bdc0c91dc25a8a08b06b4ad20,f168a535caf5b2b93afd1603e082d810ab38bc26
1a68dcd9a2192b4f613c2a6ccb5e8b93aaf838a6,ca21da4f3ba88daa7b36ac04a8578d8b6aa0c7bd
ca21da4f3ba88daa7b36ac04a8578d8b6aa0c7bd,013756404be0b665f393955f731665e2c09f8a10
d6470bf1937e51e037a7f94a55ad76898e5ae103,3f1a08ab00263fe1554e8b287f075d899e3db22f
3f1a08ab00263fe1554e8b287f075d899e3db22f,33066f8fd9e0f160c0bc1a03ccbb14d010be777e
8439aead663aee1028f520207446fb2e9d0165d3,f58865aada46afcf374a3aca965292635e96319f
f58865aada46afcf374a3aca965292635e96319f,b3fe836656008fb6688917c8692f190a389f30f7
68eac4d9486b95f8d1b09ae5468885c48d3d5cd0,bc3f08b0e34220ee22bd962569f5694581bfedd8
bc3f08b0e34220ee22bd962569f5694581bfedd8,6be0a859db93989768f8bc845ee60e9c73f1e809
ac7d6a35c3d36267b1f0f66ee6609ac40d244dba,dd5ec75e4827a690b02f5929a9fce7ce41763add
5cf9afa176cca6f9b06afa506f90cf58dd02c605,3b36d81c03196244c8356f8f501ad5c69394319e
3b36d81c03196244c8356f8f501ad5c69394319e,ca6c87ffbe23957df0f317a2f5b322c7186b505e
ca6c87ffbe23957df0f317a2f5b322c7186b505e,e147127c0e6c4ce0973a19f6cb0cbaf52e4f1d2a
e147127c0e6c4ce0973a19f6cb0cbaf52e4f1d2a,f920ba29f2ef95ceceb0973c7d21fd7ce9bd69f4
bab7225507a97ef6dbf07f2170ba1e5fc2dffbce,7fe8d18477d30a354cc08236c14bfc71df5a0770
7fe8d18477d30a354cc08236c14bfc71df5a0770,5a113a2f05a1ee8af18d16c1043606d8c8681047
c6d9f52cb3fca2dfdfc33d58236472671c2a8ffe,e76ebd640e56f5fb1dc7a0f6c919e697c0512a6c
e76ebd640e56f5fb1dc7a0f6c919e697c0512a6c,94fcaaf5d78fe38642c02c8b178195b08431a5ca
d123aaa6a161fb97cefbc5b252190361efc2f847,78d45a11347f174591893a9be29ae276b8f9887a
ccd87cadfc7f8a92844f1100e1a3a72bf2470580,947d1cb757dd1550926e5228b9d811baad6eb270
0c6c078bb47821038e2a38a78ce6bf8ecbfe78f6,bdc4272e99813997668d75457b458e2559e78a65
40f80230fe9e7c49a20e1efd86d3de7794c98aa0,075de9356ca5caec7ae7ee91d9c75b60e0f12bff
7a48db591e25fa43d372d4092bfc26c66b72df88,b0cd9daf25d8422f4fb4406dbbf3543b47c27945
e272bea4dcf679d15ab836310c82193641e79778,848288c8d8cc666aff1e82e805c3a59f57a34cd7
848288c8d8cc666aff1e82e805c3a59f57a34cd7,a5ac3f8a1666d793aac2b1a51bad4c475fa418e2
14b8dd479a920b103919025059be1b7944be09cf,b6706470c1e7a1db47f5dc2440fe3b970bdf209c
969e857690407ce768224af1acdb62434b2b3242,b9b3fa371f65db20f6aa3fe2f78136f435ebc483
ea2287e7238cf5e9368fc4cffaf1b5257e0bf479,5af086ab9f4e14150262f163122ac7beaa4e2f97
5af086ab9f4e14150262f163122ac7beaa4e2f97,80b9ca0e38af44d15372ac23c503ec1eb39224cb
80b9ca0e38af44d15372ac23c503ec1eb39224cb,e407edba366401a8b92cced82a6835d997dbe933
e407edba366401a8b92cced82a6835d997dbe933,44fd01734c2e23bd542d655227414f46ed6e2e3d
29357ba94eea0af101a41553fe82d71630af3c78,e0c64f0ef639a8b9f46e0d8e32e5e0a6b7532cff
badd0bba302e2707ebb6ce45b0898145feebc3f8,39274273a4c0a8d0b6bf3ee862a02ec4f5bf705a
7636d422fa073e95217654040a07b92ff2986009,14c552bb9248d9033b1aca419e5a7e1d7daa4118
393b252ef0101d9a2807d6fef44949113dfca2fd,bf1394a47263d828054ce3e286c622fdb82a64d1
78a6fd558830cdb614ebd8474e4047bc62add94e,b7a444883c1d457908258ea4313f42c365ab8c8e
b7a444883c1d457908258ea4313f42c365ab8c8e,6d7c6d64033aaed44815558a6f076e6e44a2328a
597b309f2e3b0f5fb618f4326e8700df399917fb,3fdb61ac1b092eed6b311d9635bd86862c253d02
b780af51be51c5df1f1d1f5d5f0c86e46693f45b,82c19e144484c3d9b0c0f00169e9c3c5431ba9e3
bc06623ff089717af01231e210fa1a5ca25094a2,374ff750f54eaf42524e749205952b47d1072129
df579a842a473e1f0ff954cce0b1942f1a8887ed,e21b7a62d7dd7b2e2afe385c4a8008804f86c8a2
573a5a8a340cfa90c1075e91f4634d340215fbdc,98670c83a98a1c57da79759946538528d70930cc
f9ff3545cddcdc246622e9b16a9fc5b864a850f6,6104a6316afb8cdd9825d77844db456ffa766ca1
b181b8c646ace2a23c8ffe10cd4aa0d36af202fa,fbc8b209f2fbb980a979835b4ff0f0b16e75fae3
28103c67c2baa5810d8e76f77176361e3f61076b,98b94b810c89d5e51a0ad0a2e6a87747aee6fbe9
f9e050c5e5f9a7adc1a01f18a3161b8669301343,45143fd82539f9b9b6ca06eff586a2fcf8dd8ffa
710b144b9ba7d5e1cbc4bc3817ba2d30d6e8968d,987530cd381ae80e72f9e1b3f5444c071ab38a69
1af42d7d1e3f02d78063e02b5a603e3dd59837eb,6bc616d78f13c9921f3a08f7c71229b81be8b5ca
4a1134db6477084ceacda08267ebd920a3a05a3d,ad9118f04afe7e9453418adc8298dee0b5868a14
d7c44cc6497190aa8ca7a4919cc7111498c2922b,7b283e3c46c014affe1de1f6892bf310aebd886a
a1a655d00679c8cee4bd877e44005e75ac5ab5dd,8538c1f61e62bf71f1083d86994ce1011a41f55e
d4ec75164cec18d8e84a8cd5c277bd60ed312f0f,072ad52b6bcd7ef39abdec5ce9dc15576c68b4bb
298f9e5c2d46eb199895c2b4f2c7c8f471aaeecf,dd1a17b0713cf4c35185400c1a40aa714542ff2a
a584196abf820179adb0758ef67ddae91c44e7bc,7ca41734da65f2f143ee881f755f4e009e0e3a29
d0081778f8201ddf6bcfc1adb66abea643ca03c9,6e6e29af49df7bf0e27e8197ccd3b9c3e3adaba6
6e6e29af49df7bf0e27e8197ccd3b9c3e3adaba6,f4f51e0dcfbaf3c74d2a42329f09a196563f0de2
f4f51e0dcfbaf3c74d2a42329f09a196563f0de2,bf46730d929010ad5cf7865b23dba6ac8cb02940
bf46730d929010ad5cf7865b23dba6ac8cb02940,502adbced37c11baefe62e047ed89b519f45dba3
7cdf03624fec1140ca55edf18494d2c7ce9f1ef9,76ff600898125f7e362d4d00709fcbf560d9805b
12adff05737c1cfda99c9a71ed43ea2581342412,b4e28e71691459ee270361164e1241ee1321fbc8
6e56f56aa18746a47fdfe697e88de66a8f43edb5,608de6abf4fdb7368ac24b9c825645ea6af6fe30
608de6abf4fdb7368ac24b9c825645ea6af6fe30,dbea5bb710a02f9a62f6f06accdd50796c52e65f
901b2bac980415bcf44c393af63d9aa6fe6c979c,9f5d4955b68ebda8ee72661d70a8a6b264d72f04
485554c8b081b4bf36daeb5726658d407297539b,8266b141bae79300bc2fd1d353985c2871f43aac
92cf396de2fe49e89a625a200d641bd8b6aeb328,94ef17ce7796d2cae9e6e37df8d7afbac1276dca
94ef17ce7796d2cae9e6e37df8d7afbac1276dca,7eafd8eac63518a42075279a5e6855085c8bbe3d
110e49dc99194ec4465590775983bce2d4acd4f9,33a1f5271fc5ddbec6ff177835aeb24e06579ccc
