d32a0c30c6e1ba9b4f21ca8594e3413e78181348,50f7067d6cc10fe44e6861f797cb35ac4559e722
6b9af36993ff2a80a381a57807184782b8659010,0e771db7f1788b778bd0c51e1f67c7b31851e987
33120bb780f92a2c1edbf3a4af2d21ddc76f9b4e,512e51eeb43ce3ca94f637c0f684fb6070ed01b9
4c1113cdf4c02cd81d81680163fb0eb61c8cc028,594799447993c3158878c4f7b3f197adaa9431b1
d6e87a26721e59c0301d009e9c9bdd021eae7ede,43c5dc3bf667931c522be6d07c2465099f2672e3
7615e20091faca7343bdaa506a042777be11bd23,f78b21874ff76cb47e0a565502afcb7bbc8e74c8
31e71ed6d959f98c3c2e90ef4ab71097a0e77c60,6f89ab628b4cef607e07bd3cfb20dee07fa65f9a
6bbb655a5406a57aee1470729c9e531a8d398236,767ca42e468244cda2e9ffb4f8d2f2bca8558a98
e9da7b5391aa6eaed524d04ff9aa89ff41ac576a,55193803a199b75c58a47d27b8c6fb98a4bab74b
dd995c434c4cf2e26f5a1c6ed8c21124e6e33718,8cd5f9e6d1ef8af7f69fef924fcb45c726188045
4b6d49e9262999bc955362ab52134c1e76bc8c55,2f0522ebb05b94a60c344f4df5ab2d3ed268d589
5233e7fac8b5594d2a5d71b84557140886ec8b0d,dff8f73a117377bdc38f9c35c744e3f5bab80d4f
2c99520f79cd0fc384e799ff20c4f4ec2805a6a0,9b8f5e3ff0589faf0bf4f47538d4147831e979d5
f93eef848ce069322cac917b901c4493abeb14e1,94d49b480102577714cd20ac09c6fc7599d8d71f
94d49b480102577714cd20ac09c6fc7599d8d71f,8f1b074595ed38d41fec5b734052230f896940d9
c236046a73533f54fb4c4cc34704125172ca2538,f49dba6e38a5ed4fbd6a2d8e9920310c2c22ed74
c7dcaff025f98aa72d428ee0c3a7844e0498d001,8c80f99a32363ebc2b139e7c0074e4c165d992b3
cd78086d10502664448ed49c7c1fa1d2e58bb3df,b38a3caa4c74ff0c48b792a89013f96ca3fbb4e6
12cc96a94b54d92866c50aacc2d0bcc765533cce,32de5b76a9b74eb0b369b1ea3aa4ac2aa3526ca7
b17ecd137630b70a6f6ee6f87a29cd7266ab1fed,9ca5acd546cca202991cd513124ec27172c45078
bb8d0a8ee4552415090279bae2a9a5218b2c23e0,969437467322baaa30ac045b44ae09c6e34ff539
716ce701f5e020a785e38b2dc267f03a751bc3c5,fa6c552d7ba5c339567f706e4fc5e6d3f65e7b10
fa6c552d7ba5c339567f706e4fc5e6d3f65e7b10,a85227fa254334ec879ef9aaeac23b6994d43dd7
323b1812279c1251e123523dfed253b0031e094e,d25e1fde04ed1f6e5943367a63ac8f26e591372d
8b0028cb871d1dcc605a0973584acfe9dab2c44b,3bffb71b551edcd4c39e9226e9a3691b3f2dba75
28a6b3918c732ce2b9554a631f88f8189d8fd498,0cef4ac2db5e572fd6a3b8654c5a2a2bfe4933f3
d25fde4f29f8af5a1d2b1c26278c49e57723e1ab,1d5a3a617572f1c53f84da885753164463a4ef7f
848af2e2947b56291c243f392cac3723a3898c21,cf1dc28214a94c187d124ca050ca262e3e2ab169
a16c5a6a25c2bb804031d8124d84441c4d21fbf8,b2608d7697790b230cd124f484a27d8d474af03f
8bdcd496268278db77c79644b16cde0ef8eacd3a,0ef5d338bdf90821daac7a6ebd6339bda7b6ad7e
aba67d08222e207caceaaf6f5e8739cfb2fcbed1,fbc084e4163635941709409f2a8cf5229ec6f3ca
e9a8201aa1ec324c571bfcbe4426ad96d76db1d3,35d95144560b3f9384bf42278c84716e1124ea1e
45dff6c0c81effecb05e6d2a88096d357a0bc736,7588cdb1856d7cada79f4dbbe99f6495838f1a8d
f136f78802db09a7de516f600f61699adb9c8b73,302961a86aa0ba2a2998e8c21e0319f4f4a91f96
9d360f80cfe1cc0590736433a2e54c12dac4d190,b46f11607587f4a335420d647b2c3ba2d701d025
da57d21f0c6fee825958ddbec6f0cb79f00c27ef,e49aa35c752ec9408ad7fde6db6a81564edd5175
7ddde334dacaa21661f41de893864319b2245b8a,4e22b4666d79b6b7f4f9b56aff12d72dae42217d
b7061dc7db4cd4e9d44fc21aedf3a41487e4cbcf,67437a0d5d78736e279927b195f27ceed23230a2
01d2654c235c306998d16289995364540361fd59,08b562ea0c52e6dfa496055371ed668777adc418
e705ea7e568535528c8cf8200684214bf9364687,fde4495bc795699aa413892fe30b5390b8592f99
fde4495bc795699aa413892fe30b5390b8592f99,caae1c70085d61413c760af0861a3f79e840179d
9a1d10ca11070598c7f8c3a72496880f28ee6d0c,03eae9140e4cfa94a884145d26fafd26dd71d60c
2f9a857a27130f7e12ff17f9695e004c42c8ca4e,5ac8e5ad3e15974a848ccd05e8cde9c9dd18fa7a
324c537a3df65396cf7e1b217bcaa14874620d42,5913552dfec4f6e1a812a558cb54b3ca386de1f3
408ceefad1c40ea9aeccef03a977e4f323f6cb5d,ae48fa68a8664936d15a769185602b51d42ec630
46533c336736bf57045c0e2d281fd75ea7c55279,4a78b0519dc4c48bb62a670de2806aba0f664dd1
68b707c749ffbf79222d7a2242f3340daf331543,046a3dc159a04362b31f9411c82a1c8e75a70328
48c44e1b4d8caea7df7b6d0c1107694fa349e2b4,7a297e2e3f1464c2711e4e0aecae530264a3bb92
f0287591250df788eff16427955c83abedf665c4,067d76616b09c6f84583096026455e867ab1b86f
6be4ee2ff3cdd0a1bfc20634d8c3b592565cf1d7,18ed790c881185c65cae0c8974368222e5253041
68fa381a3c29e8c0a190ec678ed67b656c0f1094,cf5168c849d5f575f8545628430d3db4f2b11022
a1e83f07735c293a59643ef9acd8bbf1a67253f1,b37dbc45723bee27a5ba0d5e7cfea1c64e0cc1f2
08bd47bc16a27c46891b773efcaaec0a0e34d1cb,923fd893230a04e733d49513a607f71f1c24c932
808309196711d77efd5e0e65e1eda31747a2b985,8b1fd83366eeae0a11146bf50291a66362063a3c
8b1fd83366eeae0a11146bf50291a66362063a3c,12b26512fc511518d3b37d37eb78b406991e08d2
7834e3c7dde19baa7b2fc6bbcb8ec3ad416a2be4,4b4b74679148d859cb9a148dd0016221c13a3120
fda807ce9a3375f63e4e226daeb15d4317e137fc,1f36e56e1c724b9a7a4ef4236774b8e1379a1351
f36a98ec76c6be2a90230a9f65fba71ab684ed27,d7786c694fb30eb9da79b5842629cc271d0ed09e
2237ca2bcfa94d5521d735c66c3c4b83759ed763,14fe7f9b0b7683b5024366e73d388900cfbcbb05
d60dff26233d777dc8eca888ac60f02737d80d54,5f5f20209833dfcbbd2d09bc5ae378956863d7a8
ccab751d3c261ee6273322fd10e1d8f7ada5801e,4caa2e056b8f9330e9af1d487cabc8b9d92a9f71
19628d0ae99bb738ed4dbe1dea42f6ac95f9e301,7cbba4b3f19aa2a33df73103b45c9e898ac8badb
7cbba4b3f19aa2a33df73103b45c9e898ac8badb,e576847b911e334c641757ff7cc87e0fb3f70a1b
b2796d4a85920f9c7463c4f7c2ec6d1f2ce5e0c4,7a3d1b021282bab24d010a7d10f62051fbffee46
0104490978f6ad42617ece83b001f55fd804267a,27ee3280b2a04db3fc8b6a1b661aa69a6fb90872
27ee3280b2a04db3fc8b6a1b661aa69a6fb90872,5bf0dffa9558b7f0da5ba763bb87c5f380ff0261
8725ac6e667fe106edf446a5e61e282024ba32ac,fe6f6273059f67a148e8fba405e221c1a3616821
ce3b1f252d2e96692f39db35152926106851e593,e6c6e0dd5943d6fc40ae0ed59db94bd7ad9de216
7a379ebec17023aa606f314a85e884d354b05ea1,a09b1a4e05074b0a737cbd7dea80d4b1d1582707
da505c84c6dd50e1eecda8baf9bd2d2584efe9cd,ba03e9394aa21c1a6da628dd987709b670668811
b0ae4deac8a6e1d9af03a318c86c4b9de83b7c48,208d3db475cf5e5fd50840dd80bfef0fc85e98f5
7494d238ce6248a217ab958753777ed093d9411e,13dac9eef5b43b0dafe757af7056cbc508a0014f
13dac9eef5b43b0dafe757af7056cbc508a0014f,71f9c5d2061093535f10b1ffa0619a5b1e8131ff
953042d75d3b6c1ce09cdb3738405fe6ac6cb17c,268ad40982466e0985961318e0a6c2b4ae17423f
403e63d6f27d397be0b72c7def7e2541523bff78,f53fd56c3d7a4f7e9eff5b84707d8dee738f6515
7bddb7867bb88a791da356bc6c81faa95994017b,b9cb98a5ef282497fc11e70ad428e056b7886d12
735e6123cde46691d2d3d42cda8d8ec4618d9760,411c5171a24b7c83829d6456d6a3c89b31bd6693
411c5171a24b7c83829d6456d6a3c89b31bd6693,fcb39c1d7f41e4067980f8eeb4276c209c5033ce
fcb39c1d7f41e4067980f8eeb4276c209c5033ce,15e9127fa08c0348aae4fdcc3080f55110a16615
15e9127fa08c0348aae4fdcc3080f55110a16615,6bc771151fc7f6b67fb996697cec4443d467d0e8
6bc771151fc7f6b67fb996697cec4443d467d0e8,bb115afc1a77fba01131a7fd447cd0a4471565f6
bb115afc1a77fba01131a7fd447cd0a4471565f6,38c4ef3623fd271aaa6708852af577d819cd1803
ec5a93a80dea06fed31f8779c837800658f8bb59,5b354164c5c4fbf6af1d58c185c7cd0510aedcbc
5b354164c5c4fbf6af1d58c185c7cd0510aedcbc,380905854cca120d0755c4824fd3c0d2b6f8b6fe
b1894f142869d6588b848cc2bf7dae8596b34b87,4ad579031160974952f66839f8b05d4018a8deb1
4ad579031160974952f66839f8b05d4018a8deb1,8806c0925e9cb4978fd66d8d9c132ff894a7c10b
8806c0925e9cb4978fd66d8d9c132ff894a7c10b,3d6f604739f65bda407c4608ae203e0788c531f6
3d6f604739f65bda407c4608ae203e0788c531f6,7ad7623d7338d20c339684117487a98aac589ac8
42790e762342ec8f2b00f554d675dce8ff588555,1b1872e46430061eac70ee70cad0ea58ddbba7e7
1b1872e46430061eac70ee70cad0ea58ddbba7e7,58d179302edcf9c4be980494494cdde55f6e02f0
58d179302edcf9c4be980494494cdde55f6e02f0,a146ce865b4fdfa27086596c011dd5112a18a61a
6001640a8a194c41df9b510b0c2949776adff30e,3b53270ee379088b6feeb4d0d81f7ea9707d2b8b
3b53270ee379088b6feeb4d0d81f7ea9707d2b8b,a96c6efc34cbb8d612ad651b858650e1f6fb2dd5
a96c6efc34cbb8d612ad651b858650e1f6fb2dd5,b41005d487812bc9a9eeb07bfc3b9a4da7e72b32
b41005d487812bc9a9eeb07bfc3b9a4da7e72b32,4e99caafb9f9772155bbf5de18e8bad60b2127e0
007250033a3f26a5f76cf5164c89de1eec0f95b7,7b1bcea30650578e28f9672835c34eb235605f4e
98543af57b23d57f11918c51b0c1d1c863a223b3,a3279772d56524f239a82674281618e087499879
7c486a76f8b3806bc32942e323583e0f39274505,81375b30292d3df0b6b2f8f90c49bd1471a65290
9f02b324364546f19057774a4af8c6e3d45977c2,e6e688b808f0aa55373d7bed174f8af208c51c39
e6e688b808f0aa55373d7bed174f8af208c51c39,5ac641b35c5d069ebe8b7e028f0b395bb9fb8eff
060489f1bc5b5a6529bd8e78d80449a4b06dd568,24a1104dc750659679f9440945e5dbe93a681058
0cf92862bbf583b661d9b04e6671bc3c6183f5ef,1747bc4c359cfce3fc81b97196f11e4101112df3
18f0034f3cb78d901475d71e46a8f5e4d8efd76a,45ae627aab51ee8b2378210edfe61c6bd9c87464
5ca94921d2cf0d75950befe33e8bf769f7e991fa,3fca4d86772ad1008c44d6fc2f940865e520bbf4
61d1cd3f5544989c639f72a429402283a49b2b58,e6f8f272d381589250a2f6894b4409aa0dd8f47e
7c87f4e3d0f394224d43b67966ba40a9860ac329,2d996baea0612b782666d4f941ddd900f10d312b
d283e2250fcc533838fbac1078acd5883c77e2e3,6b320dc18662580e1313d2548fdd6231d2a97e6d
fb93f9df0b4026bb4a942694619d5c10c7257096,619050dda71607a3e5a796fc8eccef1cb1c65ec3
ff6c7288b2b63a4f06f3a01a270ef04871cda1a6,def9e4d93bbb40680128c1cbe7f087e710cfffef
138881e3eb606c956b17ae857b617e1f588a85e0,33f2657ce0ef048f7f2011015f0db05417d138d2
4829a83fdec30f4cc9997023d420f3725c064f63,e9057c33227387c42f68bb4115be8ae239ee4d01
8aef029755c94433a8ccc82c00233c57c1cadcd4,4032ae662cb9cab2e1f3f702fcf06c571f5c8645
1799b7926a0202497a88e4ee1fdb232f06ab8e3a,77c3557995704a683cdb67e2a3055f7547fa22c3
07b86ec171eb8a058408f97a41e5cf1b6d7ab2c5,e0166909878d02322b0d763a083d109649dc3c7d
626092335e55a8ebc93da30efeb734bfb5a4df67,8b822e40e3243f9679244cfcdf0e7abd1de0289f
9ae26e63feef55f7ed1da786c466a10db3652a60,ad08832b2af29e57813d110850c868055fc514dd
ad08832b2af29e57813d110850c868055fc514dd,97636032ca6b3ae86d1c78ed2d712b1cc10b1f88
52d7d1d6607d40f0f61c95db2cbe1db2f7b1f0e8,2d2fbd0349640b37ba3d9a512ebbdcaca2f27b44
07ae9e18e13a9c3e9b20da868f591928778a78bf,02f31680695d014a8046109d30f6db32e178e860
b6def9c2917c8654bbcd31ba1cc63c35c1a6d12f,a47991392dc3206ff2f116cbd60bf55101194e3c
cb50580f61e5b09105ad8185277286efc94275d2,269ffdc730f158e43f58b5a7049c0554d7af7cdf
269ffdc730f158e43f58b5a7049c0554d7af7cdf,743a8bf30dd4ae62d57f565fbd360b5039e0c8bf
4606332cc70bfac67d1f1f615ae9f3c587044f77,370215f82fc1c429fa872a78143950fe98b3b674
9b69a9315fa79e925128cd7b981cabf42bda18a1,82f1e3e0dd6309ec4169e6019ba008a7145786a4
4873238ac0e936fe63a918c648ade66a66e1af6f,a86beaaeb42c4c7b71d322c9ab6e080ffc3a381a
b3ca3455dab3e78b64adee56ce970479c3edb321,5f9d86a8a05bd258dc122748a9e83aed71a27a26
c388eb677dc9caac35f8c3c31efae3d9b427617f,ad59663c53a632ff31f4f9e1129d8d8c90c907f4
6c653125d95a26db53471dba1bc331aee3b0477e,2dd8966fdcf11972062c540b7a787e4d0de8d372
543d3b23e41f30146e2d29fcaab8b8a170d0811e,b2b4e437d4d0d3a52a3e46c3c640b6a4f8465935
1377bfdfceec3bd72653ee56a0d3e9f0bf5d342e,564a69e507c5c0cf54f34fe1dd1cf0fd7880f181
c06dabe6cf2c57c0a313f4ab18abfc8ee1540999,b105ea35347ffcbec4fa622b14aa6aff539e33e9
093fe765fa68481215ad6e69b5c4d4f306a86e14,3cbe1157814e22bf878860acea86235933c6b38f
e2ab096ccd018e758cd157a2671a9b064d4c0fa3,ea95ee49133e2ffc803cc8d2599e2593cd979725
974d762e286c8c2596ad956d54166f0c397b3ac5,f35eba0d60b0150c3a1fdf6352a958d0882b3286
bdc448ffa5b1f060280a6da834eea39297ee6ecd,7e573ad5603b7a9b39b945d3f0377f65641a8c30
7e573ad5603b7a9b39b945d3f0377f65641a8c30,f2e2d369aa224d163bc836d21973c009360c5680
37080d1c5e35fedeac3bfcf9d1de690fdaf7385c,9ed6aaaa1646fad0710ba28bf12bd8eb9e011a72
2624220778f6fdad41b30333bd58a9ea9f2fdfbb,2dc4586cf0ad6886f761b2782214a584ae2ec3a7
e3ab65b89c876fb9802a63a7ac88092ac61f75d8,09d50a44cac905f403210064fac1d6fa4070c9cf
d406c90dc9a75710f84e76155a9be88140cdbdba,65ce11e34c4dbca8b51d923c52d5bc9d95382d3f
65ce11e34c4dbca8b51d923c52d5bc9d95382d3f,d5d31bdf04938629843878dbefa3c9a80e92e146
8a40c4a07a644a5717b4b5fe7992ded21c0d6463,1a34f284a95448f1377983ecace1248fcf04bf7e
74cbb5add0a4647555933ffd66e79d4c5c0ae3f8,9fb326aca0a2ba2cc96fea367c05dbee9f138785
9fb326aca0a2ba2cc96fea367c05dbee9f138785,4bb5c4e5d493c86ab1c276791b056b29128bd786
16dc3dc3dbcacf0a0b764d08051d6307f4212242,d72ad8b8b6602f7a6f6fe3ed71a74b42a08b526a
e0e7f6a7973a05c1e76aace0ffb9e35ce499ec56,9557885ace0bc93257a36b1db420ccd722fa0b69
854e6689bf2c6d6e9dfea0f5f4e2f0dd8e42acde,4138aa5f760fef119af581a05c258aa0cff8dca2
0d1d6d19351b6004325e58da358e39e250a450d0,eb706625285ebc7674aa73001681122f480eea1f
eb706625285ebc7674aa73001681122f480eea1f,a9058ca823d556953a907249c22dcb0e4bcda624
1c2ad6023ca9d1d38be1b26ab5adcbbf767e4a1f,6ec8a65dcc36bc0504922d378895ffb2dd8ddb53
8206631a3a71f03fe20c74192fadd460b2bd2b15,38021e00a2c27c09a66429c8ac7a3b16115dc11e
12302ed13c39d9e17f14eef43326daf1504fe20c,f95b30ca6ad5d36679ebc0764bdc17e5c8e2bd44
038c6e495b6f65e29f8d742846e21bdb12b12759,c03397e8acf4c59ad679e8153e5691156576b30f
c03397e8acf4c59ad679e8153e5691156576b30f,6992e54529c3fc3e5b58736ab14563164266da34
d9f50496311b8fbdd483da00fbcb6fd8ee3b6e30,c54d6eb8314b4a701171b7ba40d20c873f7a0b5b
c54d6eb8314b4a701171b7ba40d20c873f7a0b5b,e5ede1d5fa5ef44857e8166c399f91f4c9c211f6
e5ede1d5fa5ef44857e8166c399f91f4c9c211f6,e45c244ad9a35359a9132a2fc1d5250ff9b9b565
e45c244ad9a35359a9132a2fc1d5250ff9b9b565,2e385213a6caf823d4e8a35a6a197a970555378e
41071ed5c428177b8bbbae48511515b78131e0df,62dd08f6d6c2ce97272286b6af3e1bc42abd29af
62dd08f6d6c2ce97272286b6af3e1bc42abd29af,00c341fe6dfaffa69d846a469fc8e48d1c20fe6c
f2a53758e71921c3a3bdb4cc028719184a926410,b6f027427ccd4e9e5ea76d5ef92853d37fb8fa1f
b6f027427ccd4e9e5ea76d5ef92853d37fb8fa1f,aba1e9028f6c8d152b12462418023fd660aa86d2
aba1e9028f6c8d152b12462418023fd660aa86d2,134c6eaf0e37649b340686cb80f3d2aeb49f0c4d
134c6eaf0e37649b340686cb80f3d2aeb49f0c4d,97897fd74871a3af3e3e8ceb7e287680a4d4c937
97897fd74871a3af3e3e8ceb7e287680a4d4c937,2bd138e3db06bd6624a8d88d75bb34073133f9bf
2bd138e3db06bd6624a8d88d75bb34073133f9bf,f460fc541a0b9ae4d98c214b58aae181c12b66a4
f460fc541a0b9ae4d98c214b58aae181c12b66a4,9043a1a959c2ec90d497d9007992197688d88205
8ccea6e8000dbab70b66633167d3cea86e4de26e,8164682f739f0be1db23753540d29b3a021936ac
8164682f739f0be1db23753540d29b3a021936ac,218c8bbf1edaad3c09139892c3a0f1a9930118c5
218c8bbf1edaad3c09139892c3a0f1a9930118c5,69e94efdf07d60c707a08cb583be3cdccd70a803
69e94efdf07d60c707a08cb583be3cdccd70a803,2f8686b49c1676cd91ee7036fb36acd95222eb5a
fc7476d70dc4643ef9ec55668f58bcefdc629068,0e5884fd49923ee432ed83dedb9bf402570447f0
0e5884fd49923ee432ed83dedb9bf402570447f0,87df767060e7bb179df642d983b758f9fa4ba9db
a408ed37d2189ab7a2ccd1d3d8f014e80d994516,7c67400d55a20fd1de7f5f53e88433ecb66eea9f
7c67400d55a20fd1de7f5f53e88433ecb66eea9f,57f0c0907fe2027a090dec29c30ca1fba395865e
57f0c0907fe2027a090dec29c30ca1fba395865e,7a2a736cc5ca93b3766d030687edf33151aea349
7a2a736cc5ca93b3766d030687edf33151aea349,ef88663ecde288df8608a2852c98f8e5ab20f3cb
ef88663ecde288df8608a2852c98f8e5ab20f3cb,28a2e44bd330c5ac0d1e8dc2280fc70e44bf5c7d
7b0440cda5aeedda9b4bdaf9f54c23e2f7ba6a22,ce7663496794b6d9164e19cf125918c87ffb1412
ce7663496794b6d9164e19cf125918c87ffb1412,1551844416ec9babd2c2cb8cf10292c27c5aee25
1551844416ec9babd2c2cb8cf10292c27c5aee25,e9764975ec761dc0eee569539eb253c32b039e9b
a55f4db26b4b1caa304dd4b842a4103445fdccc7,fec187c2cb53d769c2682b35ca77858a811414a8
8dafc5658343d7e96e5aff6cb96aedf989174b2b,42a91a184d971d7f2c894411550fd751ff1d3e80
42a91a184d971d7f2c894411550fd751ff1d3e80,2bb8735fcb66fb453c79351e9809afb2408c487f
2bb8735fcb66fb453c79351e9809afb2408c487f,115523f8c0884cec6dd7794036ba42f4a7100369
115523f8c0884cec6dd7794036ba42f4a7100369,b11f571e23c15293ed0a5dad6fe3194b20421ba0
b11f571e23c15293ed0a5dad6fe3194b20421ba0,a843590e2e5f5a8fbdcf4da62b2c5b033dcd517e
2169e078ac0882c3bd93412b0b5580336b3d6e26,082b1e2ef601ac1f48d665002fe09367cd9d9ff5
082b1e2ef601ac1f48d665002fe09367cd9d9ff5,ca8ca9f2fed6fb12a81648f81bb9fbcc089e0203
0ea2a513a2f508921b3515ab3d40fa94d235f1e6,c76148c0c6157b70c3751a695f2911aea967029f
a4201f55c5d22d41d5bdf2345ab9194971a36b90,528e481021c4bc551ad8c1deda75935904fdb09e
76e11911d996fe8d3b83b736d64b5913180a8c8c,02bde80f0b968b20c86403fa38f8e3a5a6391eea
02bde80f0b968b20c86403fa38f8e3a5a6391eea,fe2463c63bd06c1a2a0c0a9326b166908a42101f
576f9d8dcfd7e6dd791f1e6fdf2baa56b2cd8436,d38752aa82729b4b45d3abb068bb1c3c314c4a5f
d38752aa82729b4b45d3abb068bb1c3c314c4a5f,3a9d0bd3ff46a626ed1700211460ce7ed15bf8db
3a9d0bd3ff46a626ed1700211460ce7ed15bf8db,7ada7082aa4485a1f5ccc88f05298b17f2997700
7ada7082aa4485a1f5ccc88f05298b17f2997700,a592651a0f2f5901be0bc3d95d6f6a197ef44464
a592651a0f2f5901be0bc3d95d6f6a197ef44464,cd71cee144331ceadecc4fb82528f6e1761d7540
a3cc77b429f03bd61bd4431b1a116ef23317c462,458d280ec64a17946f06050f5f5ad0d5ec506878
458d280ec64a17946f06050f5f5ad0d5ec506878,bc0d4ca93951aecac0c726bec4f22918e1182ca3
bc0d4ca93951aecac0c726bec4f22918e1182ca3,82e78a45a79564bd5663f2a31a11b14821b58f8d
d9a68d606c9e26d3df1310db287852fea2e11f55,34ed37a5b05372531ad3398a3b6d0450c36c9445
4408e5f6fdb2ecad4abb3a51a6eaf54fa4e7ea77,e0959d6127d821941b0c599e34545b404109df29
eef463c2be224e78da2df67e59bd7ef9b131b3a0,d02641e88d1a1e402443a83850597a64a7e3f60b
d02641e88d1a1e402443a83850597a64a7e3f60b,a5a4f717fe0948580116a73fb403d2a7c6d4d59e
f4f82341c58c504983d706fda7b09a088105a9d9,37d94eaef74da9d594fb72f503e97574eed26248
660a7700d3bf6aee9f0d95be3fa1e696bbf2d832,edf93670aaec0db8fe421c4fe3ec216cdd760dc4
edf93670aaec0db8fe421c4fe3ec216cdd760dc4,a45ce8e04e4c4c4673fe8a7266a60930872117d8
eadd7ad4341d850a3a93827d2206db0e59924ed5,638c8ff244294fb1a16e3a83564d372aa2f0a807
9a95fe729f6557a30caba63b68bc95c4cecabcd8,4dba318adbaf39205f5e0c163deecea40331ea41
19086903054090d65dfbc207284cad873a56f50c,4f9256d3a669dbb1bc87a2e21a067ef3c63a4de6
4f9256d3a669dbb1bc87a2e21a067ef3c63a4de6,575be99b873fc2c63560d31e493f0130d3e7b8d7
373637ef1e09c123d860d1dab251cf7bb94aa5cd,d2258ea63c83a5831903b55681373a380edd356a
d423c39bc1a2a7aca729f6f7e24086f577edc021,22503c70aebd197184e89107bd37177ceee3f2f0
42a42ffbe708d81c602730efacbdfd6fecbbd543,62274cee4fc0d77c492a3e1e0d1f75ea8b08f988
71e4e1788a21404599881848c1c5aec6222e4adb,9b7c2c6a6f74ff574a66db8a1a113dcf976c73bf
9b7c2c6a6f74ff574a66db8a1a113dcf976c73bf,5fbf65a0b78f8eb617e9531b1f50a68f2551834f
36714c1cbe673d028046a926625d6a326231c16f,f90313bc0e92f9fb17d4d589cd1920e8d94810c2
e9fa0216ced598e90d798f6f0b55f20f20a3a9c7,781ccda98a3c9d32578e082369bd2b1f6e2fa079
da52706ab5c50fc4b2241bf4fc6fe5ebc5e03416,64baebcf08b994b40f66830d46f807de430ffde3
2ff7a96c32fdcee42bda40fa9a8088a8b509c663,e96c5a0e76d72236b9ec1a88f8dce3dfe711a390
7330eb57be46a8fcb37366719069ef0e0b68899c,4151680e9388f5266677e77596f9989867a48fbd
069b5cb629e6f7e8be4e4b3b22d98a044b8f0ca4,5985b474c828b46d5297644b748f434d91211690
5985b474c828b46d5297644b748f434d91211690,337d1186a7875b858cbd3238db8db1ae3b0ade65
20ee9e2d09b8a3d275080000b11fd5566afd525c,7b87f6760f200add7e9eac9e8796b25e710ffbd6
d2362d3aa05c8e3311197f63ef47ee95ff7c6f28,575b61a0a250ce95d8ee946f79178c6060d5c3de
82da9bc37168e998d8b21b17e95b458dc280f9c4,d38ade9ee9791bf01c7466458f3efbb4e298e93d
325d9e6195a8037d3b015279ee7abacb1e7bede6,74770cbefd93cb6caa6c5ca71fd3808b1eaab486
7dfb403478d7a1f27ffcd50263f1e9a43298a0dd,30fdde8a450f72d40ded7db323fb99f4a066cec3
1239a1c704349a0b185d357434236f0156c03c7f,6cceadd9a79a83c5c351d633e486149af1746cbc
cb59619327e7fa941087d62b83459750c1b7c579,5fdc83e5da6222fe61163395baaad7ae57fa2cb4
5fdc83e5da6222fe61163395baaad7ae57fa2cb4,182901fe08909b7e482bbab9b64756b64d3d1942
290a0f0c81ee6a00d311e8635799f92006804e61,2b0f20943bd0ded24f8f0ff01878492d729e2d78
29e0127034b8ed08425bde902d46b227e669c49f,9d4de0163a9db8cfaa4e08b7f6189445ef02bfd9
e545faaf7b18d451c082f697675f0ab0e7599ed1,ff1c025ad3210506fc76e1f604d8c8c27637d88e
923ab2687be6cc539caf7c3c1d8ee8d091165073,f8aec212c8df15d5e3062176430b804467dbb2c4
9c425cf2a76f53e7abb8ba4bf654985cde80fe5c,b8866e69faca373f3ed92ae43ef845087d20b2b6
81dea9267687be59ac16898bef6e0840ef683282,57899d765562cef60e577d1c498ffc51e16824e4
b1f13310cd95794f95e8d0230e8e5fe16cbbf78a,68b9b54888b6470972b7d53472841b4375678e4f
832568af42d0e7d7d4bdc2d244c0d09e53e970c7,fb48b6c4f4b9c338b742b0b5957797a0c2084ca3
1a5f97cb2001b7d5bc3bc883d1ef9aa137470450,bfdba02fc16e1b38cc6bc93d911b6b41d71a1ad9
8f691295cabed8598a54a9067e4bd97c17d42070,31a3aa584aa2dd1ceff4a58b4c88ebe5146e22df
2b00272d59d2abd0db60a31a7e9c0b1abf2f17d0,051ca493db61c9957abfdc3f1fe0c829f789657a
1d6a15da3e5d600bb09882e66c5fbe3481725e2d,0540051723f28a715d1482369c04bca7cfa1abca
7569866332ea5d0674c2116600eaca74b58c4f80,c0c0117ead5d6efa5b1ee95d861341e02a1d3157
535db37d9bda1f954c54dfe8ed69ca31a40c2557,e3f527b69753737d5bfd7de30b2f7bd42e13b8d8
03ddd61d1088424aad85de20bb0999b6de939fec,057e816c4731749582cab9b1af55ffcf177fd039
41097d3e5b2a3df61298fa7c019347add80e5ac1,a0317f462d35f9dc9e32f0d9d7db86cb6aa379cc
c7b0023dcd576f7e7d6223f94a4ced5f2932afc5,04905380b94b82b73b343e23e64d53393386d470
c77757125499369a68263e06292e682f4efe86f3,e298992ec1b18c3fe516471a46f52b3a8c0bb174
c7b0023dcd576f7e7d6223f94a4ced5f2932afc5,53ddeeddd5e0365087dba116b4368a5679f81137
53ddeeddd5e0365087dba116b4368a5679f81137,ef517dc5dbb30a02f2de2368d2519d08042b27c2
6d3afbc196cacdc9d09c7e148dbe3aecf7473611,9b7b41ee9f772f4659a4bc968a5c93f3c232303f
7ae2747448829e432eb53fdf69ca3759681eb8d0,ccac906e85f4ca4bab45999097d10cabb377ca0b
5397b0d58420514a7426cd966bac6b43d91626ac,27eddf45f527441e39bff6b75173d0945f154a54
27eddf45f527441e39bff6b75173d0945f154a54,a27a71ec956d778e6e0cfbbb0bb155736bb577d7
8e3332a17c86f8592a0d4bcfc73b38f69524a611,58f722ac37214f7558c187a4c93cb7cb9dd43539
c4e6f24bc16a76deffffd268f7f52daddda99f39,3fd055ca217756a1ba6cd04b718d52fb85a94896
d5c9c41019bfd0431c21c627f80976b55dc33192,a264c25314edb10d1506ee04654f2a0ef12d1d4b
be4fd1f4e618d3a0ea1ddfb01db0e6dc8e5c7a2e,c913f4cb8458ca5451a3d744c9f5d4c2cb7ec736
6fab7845f0ce3f77037d73a928fc2a973ddf12f5,0d94278967b63630f7c50a719f765c636a1e7e44
3c7b277352d9fbdb6fd1348219381bfb7851f9ee,6d55276afac60150a4bf690a0c2161fece5f15ff
6d55276afac60150a4bf690a0c2161fece5f15ff,5516316bb26a19037c7e01177ac0ea9a53f504ed
70f4b2aaf2eaeee5ac068fd56e5e9fa2f5dd2978,acaf6bf1908224dc1a67443f70abae6e19da7a16
46b4d26a9ca1aba24a00ccd004606c8e3a6b17d4,021ab572a319ca3db5907a33a59774f502b3b975
1b7946ed14b386a24db050f2d6dba81ba6518755,fb19a2815d2eaec1dd5a58939863f50e2e0aecd8
1b7946ed14b386a24db050f2d6dba81ba6518755,152d789a034c1818098982688ee73579cee5abcd
b2f1099e47264ab8e4a336d3c75fd8a9221b3ac6,4c7a9e772c52a46b517443383ab17f13e824971a
80dc7ddf2a0158e0aeafaddc0c9b602083e543c7,d848c519e721a4a2c57cff437a891425fe109fd7
60dd59d3a16c72ba2cae2d33f8aaf975518175ef,24aa5097bc6b1c6f26c005c8a732453f56529a4b
969755f35c265afba88a0fc14476964079fcbd10,463e5e43d3315290183fae3ae0fa20be6027a923
469729e241ba215b6160955ce98906bc0c534fb1,8f6bb474da1571266a6ccc857a126914305a72d5
8a1bc5a7cd9ee65b9f5df7fff4ddb428183374ff,68db8d59652e6bde3828b5fd5892530497f094cb
3f79308ffdf703a28c2b8a81e08affd5b64729b1,341aa4ea751bc7e15a421e0ffe91d1d06812ae97
3a63db5e4889557e80086203c0af2dded1bbf045,e25a96de948f96365e87c6f53bba0753abd17711
e25a96de948f96365e87c6f53bba0753abd17711,3679d3a05b273cbac206c52632ae0c369e7cccf2
305e7c96d5e2fdb3b248b27dfb21042fb2b7e0b8,5a0497a087f9fda0883930d1beda537a540ba73b
4c891c5285d065f53f091fa0a5780ef0ddd5681d,20fcc80cf7ff3a52eb6486e2059110e3eb2efec2
9f1f9e5a40769c8bc9928c287574d5f92858c5d7,ea9a5395487c0ac6120ec6012de1f6e9eef5d3df
196c3129c690232f5492155cf822f8354c352d72,4202e4910541fed144801eafaea151228fff11f4
0710c6bab76a146804105637c05e1835be74243a,2cb1ba1e7c4b5d6b074a5161a46ec2252cf364a4
118882b861105428fc698d2c5cea6aecbd59b2ee,374d28de77d926d207b9658b23cd16dd1990a9fc
0d191a47bb34959102ddc2e1ecc07896dab3eda6,e8b0ce7597627a5b5312a214a84ff2aed9bcdfe0
70625c3f8718124137e087b52db66983cf4df0ef,85aee23639bb78c07151618af031317c9ecd3408
6356e80ecc3c94c1f2f4098105d3bdf4089f3c06,6aeb3d81859a53b3ac779b881d6ab0e8035939fa
ec017f3aa3b58e2d8839b2fd98ea36428d001bb9,deba7273785638de7ddd6921db0a50d88771e21c
41a7db811108fa698687bff4dbb085f6af29018f,4787b30f96c8832797fcc3c56457400d3ebb9893
9a9a65603e6ae18366bfb92fb4bcd9e202311926,2493f6f0f8ad06e0f23f635ea43674b93314126b
755fafc9ce56a02104f672722d6d1db7b243ff37,77d4d3f4d4255ddfdd4f05ae4abda51ef306b32c
e6356459d18528dccc096e3a23ad77c9d20f2bfb,f4cbf42f26c6cc36ffbc3d36da7d4922023d6024
58019cf809f22963abb8f6613676e80513b7428e,2535d6dc7aa06ca0032716f787771c40431a9ad4
0af3a8a4675f876121db22b07a21f23e09d9048a,fab5f5137353295906e63a28051f6770439962e7
fe9bde1b1d737a0aa9cbc9ad4346e9a491e31a42,2b629e0d3d0c4b5ecbe49630718cf9579294020e
ed26d43c16dbcc7b9534cb57d5a8b82f80706f7a,025a70254f621b2c7f2c08f0f028e39b37c24f18
ac4fc1a1e3aa87cc0a26fb7060141c9a059c9599,58dc10ec66e0dd8c75c7aee18641752914065b17
58dc10ec66e0dd8c75c7aee18641752914065b17,48fed500ef546092374d92e42fe60203896f4773
306eff2f94a665b4e41ea4dd5604a604283f8dba,6d8553af3a58687811fce1b1f48cd4d0ec73be42
0ac43077358d30fe088fa6731ec2deb8ab31de3f,60318271035c53fa90d6c1c0de629e44f0b2b924
60318271035c53fa90d6c1c0de629e44f0b2b924,5dcfd36d4186337a9c6b9061defc9bfe11df99bc
6c198cb266f2e743c052b5dbdf729dced1bb7c8f,91eded0aea9f9852a4119346dabbbddb78ced5f2
7a6e4821a1d5e1cd472e1be639c70858adec93d8,31451dd9b1de6b6d54a05dfb7fd935baa20f343e
356c0bc1bb05b6890ab4eb3f2485327361f002b9,144f540f9292f1c1df44412942c4f15b1fd7904a
7fd9d3afa976bef4c21943ae755da5cd5d89fc47,f7385e3da929384ef6c8161f37ba640a9d18daa8
cb4973c6d5d4d0ccbdbeddd44bfa2b4c7aacf0ee,35ebc861767717734a4f8eb30fb1652480adb538
87d7dd93420ab92a1a209919297371dc0fadcecd,f5f3bf63b58d5a2a73a777b199b9dbc0b360fb66
4a66e19b8b07afdacf103cf758961d98790cb52d,3e17c072eedf5c0cff88d18c1d40a4b943c9e13f
3e17c072eedf5c0cff88d18c1d40a4b943c9e13f,d88ad0ccb637b1feb450923fa11f055946cc3e7b
d88ad0ccb637b1feb450923fa11f055946cc3e7b,ad3b278813e77007dd3206d6c146dd8bddce8dc0
43f08c952502e82c7c83506dc335c500e1ac4a68,ada0fc2bf74b9eb89817d9a8f17b8c837b46e234
ada0fc2bf74b9eb89817d9a8f17b8c837b46e234,6ac351fcfb31ecb15b8862e2e3220fbd9257c7c2
5ba6b9ea9c5ce96039cba3594bef168a5d53eed1,662417ac7735865bcef44a37ae4ba3f111f29308
fc2f18947eb534cf1fbad44c0afe0c21a3612045,c09e013e81842f123382e306ed802125882bd1c1
10ce807e1a862ce9969f1f904346105b3d69f8ad,1adb46420e4692f86626dc2b068f68f810b91048
035af1698d05cc4878d8907b91ac4eed951aae22,190bab127d9e8421940f5f3fdc738d1c7ec02193
28fe632b4ae92f6c00167a6e639cd8743382fad7,1d398e9d8edd49d2dcda8bec0d221740d6c5dce4
0e62da45ad79262dfecf5bb770231d2f1ea137b9,01ea7c9d64a6f02105c57002ac9baf84899c4f95
de4a1c1a2839b5b49c3d4ce21d39de48d24e2091,ebf4b987ecb6c239af91bb44235567c30e288d71
ebf4b987ecb6c239af91bb44235567c30e288d71,1a9e74bfaf9a9db2a510dc14572d33ded6040a57
359a9c7dfb0bb1c3c4cadf9bcfac89aeb102e05c,b6d2dbb1dcc6ca3e0044576b6a8ee36d61c10268
57a4e76252f5c49923149da9888aae4e7bc96fc4,4071317df1e12f0ad927c910334a808bbd8737ee
6e058809caba8a0440f8c494212e8a1b49a55b0e,f7cdfcf8500dc9f4436b02f4a06498ed03ead3fd
13fc4604ba3eef6f42b45bf0e9b52d60419813bb,b20a6487f886ebd9141834ddcde5351c99b9b35a
20244d7acf686473e4645d51e6e6e8040ad1c7c1,709fda2fea96a1acc63821dadc892d9723ff1278
5e3d00c5a1c3e04d6168d1eb231e4e3912c2fd71,a3034f6e052b778c9c86007ff060c2ea0ecc215a
9bdcea42de5682e4d0e9d88a3a0ec8236efc9e5a,506dadb1b61ee67ab51b852f385e475fd4e86a88
63b44c17ac662d194dbf9d5c863593dd10b39df5,f42cc99595d97ce14ac6a8c530b13f176ae2faee
4d9a634749e46721f96abdd2915ed1e5e710beb3,78d1e362b8f18f49aabaaf1b415ca62b478043fd
602aabbbe24b2007db85f94a867a6fb27f832df6,ba43a9beb96e0e813e30fb82d0ac9327b5933c2c
0191f44399fc3c76a3814b2568687fb7547ddc12,202270c6ed3f2daa1b7df5cdc7def818f4d6f47d
e652dcce2930c0627b90d499831a10d4cf700a31,dedbcfaa2ef0539fd4842a3d2463bcadc1fbae3d
99349401c3e2276971b756ed039d9d301cb00034,12a4d34758a342449c6cd6734bfe2013012f1e65
3abfd78c25c10c3906d4686ca6245cebc73ff407,a78442bb67c138a85d35a0e4f5bebeab77aa70e5
5663bd24f5ee37ac0ac974ada737eb1409921e97,28bd35ed58f85f23570a9901094d550baa6bff1c
66372e5debddc717185167b823ec2d3705146ad7,d325a6ed0277ef00bd24a3d1df501a4f25b0a39b
c91699517119428edefd6c2123215bca8718210e,4cd255c7372625b4c3a630844ffd2b42d6ddde58
28cf57411181218af99500c9f1f54a045bc4a32c,aeb76010dcf582d429c8973310024dc1e853db35
aa03c1d9037ccb9e402156a2707e15d00ee8bd7a,e1484d9038f5282e39f6d2d957f3a1d246ab8251
addb124f32312f070a2cf543075513405c99c474,cce8f503f460d84206e80c215f5ba19b9676c1dd
0425a654e919c07f25f818eddd09c5990a339b99,b70054a74da84c69f7c72f26c5be6753ac29c74d
eec02b6a93f0eac9eb29cbfcaaec680e41dbb201,ecca6f6d18cdf50c693dd096de3eac960420b25d
32fb660e867c41f2b3717f2c7e795d34850002c2,995b9adb9bf7692e87c87b406e12a2ef89a18037
3776809c8ec17a8da1ba658a29b2f6de2ca9b906,b9a006d2bba954c9b9c8478535677c4324b69755
a0656b78dac06450cd0d80bcac91e38575aca9f5,ad2067bf54c22cdc85a5694ca23f50016ccfad8e
e46adf32bdf880385319cb701d926fec6899046d,46e6839e21d9ff72abb6c5d49d5abaa5a8da8a81
56b1d21d66204fb1c2507c6819ae731aab463f00,029ba192b6168e2bbe1b445c39ff126412177eb2
029ba192b6168e2bbe1b445c39ff126412177eb2,6e4d9301c0b421f9fcecd7f74674e49f2af6cce3
b3feb9ece2ede28ee9a5e2af4226c5893e0b11ab,ba152cbe4ab3c97110a21df02ee858dcc8c8f14b
2e559a15ddff641ea3786e1f2e32821be49c8d6b,a4746c112187b2c87835e7473266dbb2bce3febe
a4746c112187b2c87835e7473266dbb2bce3febe,ab2b01d2c097eb6bc2340d332f8e86e6e8e80372
ab2b01d2c097eb6bc2340d332f8e86e6e8e80372,7b35974a40d84aacdaa2028c89104649a4b88da9
7ded49d326f8a2f9c2f49c4b20dcb2616dd1694e,e07611fc31f8d10c41f6b135d2b9b4713d4feee6
77d5a08b917793e975b198206b44ffae021721e6,2c812710286444f4d10dab9e54b71366a92e8a18
2e65f731b1b615b5cd60417c00b6993c2295e9f8,96b997802e942937e81d2b8a32d08f00d3f4bc4e
8e7f24bc0c6cdb333fef1a4a72d659aaeb7bbf09,2c4bb064e69d7e49a70090fd3df84c66277a1405
5516316bb26a19037c7e01177ac0ea9a53f504ed,db5219afa6b687a7d99b3b85884e0f92e00b78c0
e04725912703198e217ac5ff9a0c8025c3e51607,a464660d4638848f0468edfdb4f8c492b5d36bad
a464660d4638848f0468edfdb4f8c492b5d36bad,7b69b00c069ca94caaf76d1129f955b94a193a9c
f151ad71639b390938e320867ef3103ab7f560b4,1b62a8e225e4f0c41e2e2d31acfe2ea3cb62361e
82d711b939c82d09f6a9519fa23d76fcddcaad08,36831af853e7df59c55f07005ded015b47c5e4e1
68b9960a67158dceb7a50f4152074abf9696046b,188bd533a486a7a5affebbfd9564a0187e2223c5
b19d21652d10fc02facaf814ab6b660213bdd595,ca07d658623e79726d515b54dcdddfc6196c8c9b
d3bd3ca3b06eeb9b0879c5ad05f379368d4265fe,1cafa8fe402c2b1a5af859362c7afec6897751cc
1cafa8fe402c2b1a5af859362c7afec6897751cc,e7ab35a4bed7b3f08a3f01fa4fcb9d9742a0823b
39c34b75d7276501be94e02213602c251a535e65,918d4c5e19a27bad3a1c132d3ce2f3b304ee4365
1a2912ca247d362a6db45bb60babff3e010b3df0,0a9da570085b198fbcba6238a54c49757a8a962e
71451483f4f380c2f70f6e5b28025af79b1168e5,01d1d1494411380d97cac14614a829d3a69cecaf
83955ac3fa5e8360eb79bf3c5289bc29b86d6844,6e5e80d39af5c258fb67a444d1a0a961474d1c05
3235e6f1109414a4859b903e250f7053f87614d3,478f0e8f88258fd1d0258177cf45a72e04c44788
fee09462965e8f19f067a467f85b00cd362ddff6,55e5279aa5c3577fc0dc8b39d56c73be8f14974d
3b7d459e0df635fa513472a8a00e84dc67c48aa1,e16e67baeb59024cad52a33844cccb81045865cf
e6ae8797e71a678bef97a13b9057e29442e0ef48,1a5b95a745b0317923894d5a7383c5f2fec2fd4b
1a5b95a745b0317923894d5a7383c5f2fec2fd4b,e513745e205423df2255e35768b0ece7d1d74b36
40464ebe3df06d88e2f4dc1ffcd7fb8df9e77170,ebb3046822adbeeb6bea10e79669d82420cb7f3b
7faf68ec3f9cfea61e47be74407a816110dc522d,c055c319eaa80ba6c1537cebf3300f5f10aabb7e
c055c319eaa80ba6c1537cebf3300f5f10aabb7e,a33f05f57f85079f5419a68c5b4e166e78c1b860
e97368d849e33fa176b9d2fbf0009991e372aba6,45b850f4b36b3071782bd98cd8463f074764c122
57f75f053259dd98d6e4736025516f9a6783ef9f,c6196fbe6ce3cef92e5583c735bce9472f0375f2
74671c167f6f18a5494ffe44809e6a0e1c6ea8e9,fcfa069a06ade76d91bac38127f3235c13d78eb1
909bfff3ce8c6f9e8dbeb9a2079ac8e95272d067,4a7406fe38607d8a079e3272c18a06f3d7537a83
3caad720b119f76a057591eaac18be0fe89a56e1,9a8b7e8e98f0902758922a0e5f9c021475ccabc0
4b7d52ae7cdf52ebef038b4a90b9fe95ab002105,c970c6335521fee359c1a68c0431c612631e73fb
124fe5676b37c255c6f97eae70da602c4bc0fcb2,4d859c0d2cf914fde8f943bb051d96cdb18ed64d
4b7d52ae7cdf52ebef038b4a90b9fe95ab002105,0b38303ee72c567804bbd60496fc585e9e34057a
0b38303ee72c567804bbd60496fc585e9e34057a,29ef17a735ee763b8d1f70225afd2013f6e1efb3
1b2fd8ba409139cd8805a83e0c1c8b695ac2253f,aa542e7ed32e58289f8b50f4847a4bfa0ebd3571
965062c0b6800cfa3809f1171e7f8f7541626569,01642605d5ff3fccf89ac5d1e3db025e95541ed2
bc64ea7fad9be0e75e13ece0ec20e07f04736fb3,2ab4d8a021b2efef4f4de6b366a7190925c69612
1a6b69eb24aafd137cafa2baeefa6598e3fa2ce2,d122ab7ce13f537ac52c9ede2ef5ab8332eb809e
e95e7991d97754324ccaaefe40a62f9c116fc443,8c9d9c74c8ed097c1a06fb0ab889330f11577cd7
dd80110dd4f856e9db1bc5d683117eebdf7f5a04,62d627757f60c5a9d58a01a0fd472d8322190954
51343a432bb39556aec68129e7ac1585ee50ac9b,907b41e9ff8e7a3b09335c6a290d9124da66c0aa
88cd06c0b7724035d2324f7a3eaa3bdd3e296416,fc07f2cbdf6ca42bd0f12e7aa3e742bdf898b5e4
f5d89fc9ba86ae95a7e9fcbbf7ecb0ea5b03255e,729e098baeabd301e983b8dd50c00293ba757975
6bb2b082c94c96197daa3c161ec628fd18fd2041,eeb26a6aa8e9ddc7b48d656ea93dea987ee88c79
6d07d2cbf8bc9a5e88002f025ee0c068d9500a66,3abe6b34457aac0102bb2a716cb04709cf377310
5593c8f4117fd64328d312523f756ba9ed650822,a5063283dee2da81c44e440d308e078242412f49
4b8c9336a3cdb5f6ba8c175d724c4bde1ee5b08a,ac2576c61da6ac320bd85d2850f96d2cc59409b2
5ee28105ad972dd635fcdc0ea56e5f82de478fb1,f631cd4422744160d9dcf7a0455da532ce973315
0df0985292b79e54c062b7fd8b3f5220b444b429,54bcdc1eefa86cc20790973d6997b60c3bba884c
d2f0cad2c7610b62c24648db5efdfa2c7410637f,a5c53a307a37fef6f91fe0689bc1620736a4a92c
d832ce5f8de04ba94eb11738619a384c796ad300,cb10d67497d1e4ff6b23ece1319b404e3f847e52
5ba5fbfe2a74f963d2ca0f1fd261975d19812d59,9313523ae144f350ce5c930e735ba9257c34067e
90af513c979cc1c49435deae71e10df872847f1b,4b61a125db1face5f5d048c7c85ea93d6d986501
4b61a125db1face5f5d048c7c85ea93d6d986501,c192ed882b5194a6b6455c7023c6e49fef4b78f8
0f142b45e714ca759623206e7c66f73f0af67d28,18340ada86cc752cc8f90b1c44ff199993876885
9a5fe232cd2c59128141261435c4b3ff7fd9be43,840f2605486a0278b32ec57a224fa3e77a603b41
c5278fff2917feca104f6dad84f08f4f68d6dfcd,e03e48db0ba8803324eb74fbdd3380f22bfa962c
d1164925c55f2417f1c3130b0196830bc2a3d25d,394bfaed6544c952c6b3463751abab3176ad4997
5cfd4cd07eb9523a7395cff05e8de6ad91c4cdd7,763e41d84d1bbf58d88885966b66153980c05379
f8692cb141776c3567e35f9032e9892bf0a7cfc9,34a13afd36b5e529d553892b1cd8b9d5ce8881c4
af667b8887b0312e725d4e31c7df357bdf5c6df3,57651f8b10cd37b7ad9c71904b17db9057123c15
4e5cbfa1025b82bc3033b89b722820e0678dfe71,71b7b4ab2e4dcb1946966ba32e9cf9cde2c5e6b6
71b7b4ab2e4dcb1946966ba32e9cf9cde2c5e6b6,f49887ed5bac64a16565bc3fee448fcaf4e8b85c
f49887ed5bac64a16565bc3fee448fcaf4e8b85c,66acec557e6334f14484393cd599d17ee2b0c2ce
66acec557e6334f14484393cd599d17ee2b0c2ce,22ba2a5398ccf18398de74e92a3e2333f8e375f7
3ff51a62d5d2d24026f2a81b67a3ec52fc0311ec,4e3a6a1c60e6cc0f6c5e43ba167605741cf20597
83aeed38f174ea066b4e80e65d72640938696229,94967ee979350271a0e8ff9dcbbad4cab50236e5
ea44d9492003b652e4dffad2420e94b4180656c8,ec2489350bd971b63f6ce22bc66c1ed144a970ec
58220286a91af38d4a83ddd3f02c1075e5375ffe,da5ed6cc29ea35514e58ad0677cf5a3f55367767
793912b1c203c5bf5887ce1534b1c2b348f22e61,c6ac39053fe8e28eee2dec97b2a273737e0b1835
c6ac39053fe8e28eee2dec97b2a273737e0b1835,a21e04df8d0eb5a6f68ca271186b9feed6719a58
545e37b913f9db7efaff22074372ebba4c794986,a275308c6cba43757313770c0768f550ecfe7899
54dc9442d64047e923a26fa3fec5109f337f236a,1e92986b9a4629a07ae85b744100c1a8026bae74
913ff4b5ac003fc5658fead060fb0f9d1336cc44,bbfb573e6ae0b25d49136102217187cf38e20a44
8a3c77ffd2e5728f9302d12d1d1a039116bd1d37,15a04c71b231668110087b63a0ea1b4538fd36a9
c586dc272f999898833cf58681ece358fc7b438d,e8b05af233fc9b08901167b8a43c2518ab62aa54
ea70b091753c7b836a314d7b8a1e3ac2390c8f16,570e5fac671f89e1107ec500f3e0cf740bcd5226
0a38fff4c675b384289728a4d45f9c1fe1f9d4fc,05fc3ddf374d79e4c3aa3869a2e8723650778741
6c67f927c8922f0bcf25b524dfb4a72455625f93,27fcfcdbd25ed7136773f6bd99cd317c89af93d6
22a3fd479accc3b9a0c0e2e5c2f1841324c3ab3d,44e64199ed38003253f0296badd4a447645067b6
dc5a63f70bbdaf342511344e70f45562ecbf5a9e,4709d46936b379605aca110c7dd336d1cff45db6
5a1b148e772ae432f7b4bb8e4f125ce5ce6060ba,e833ee301b0bb96f4a9df28e2605bf4afbc1cca1
5518ead68d8b83260914401c9d4bef0243508721,6de5431d2ce35907aa0685f00f36d7f5a1b0866c
ab44995c055444bcc4640d71097edd0fbf25f89c,579e70b0ab812a5195f726ad41e2d7016e54c7b5
3e4be9ddb7713e4eca601bc286b0ef456f72145c,de803571a9404a8310d6ef18e4712f0920957a8a
16513e9004ff61c2f049e4fcc33538436b2e0a0d,2f3ae984d04261d1df735f8688fb8d5e6013675f
2f3ae984d04261d1df735f8688fb8d5e6013675f,046148fa8fac770b4e1816af4b9342f17bc361d4
046148fa8fac770b4e1816af4b9342f17bc361d4,147eb058b97faf47b186d105b9adf91cb1306b58
dd3989aa682e2bebcd0843c7c1f0014b627703a0,3373ffe604a4ff958193d246ba0ecfbadbb090ad
d6848fdbf3db38fc9d18b301de4c6267bb7dacf4,045dda0f2795b7d7cfb69f30bfbab7dceaeb9eb9
045dda0f2795b7d7cfb69f30bfbab7dceaeb9eb9,7f693f75a0e0812b7c788ec257608ed324cb3cc2
7f693f75a0e0812b7c788ec257608ed324cb3cc2,a3adba81c7be418548cabe845a5c8a88c494aa62
3e4e59f028d7b5e0a46a18b9a3e72c1ade548897,27cef700b30c701ab12c1bbb62486c0baf2783f3
4025160c13bc492698e92f1d3fd4bc361dd609b7,29309547a14813867b945bb8d4baf40745e503d5
29309547a14813867b945bb8d4baf40745e503d5,0df1fb35b5b565ae06fc890c325846d6f4fb928b
552856afa233f1e5415f600f66d0bdcbf28a4f96,9983f938310e12928bff962004db794a249dc0e7
dd767cbcb7ad4cb72faa59fc8f28ba9a7dc72b99,577a653d94d548ea0d203f067b6316a238112f87
ea60bcfc2ae1e018559031a4c8a26b29caec1c59,c09e1439f145c66ee3af574386e277dd2388d094
c09e1439f145c66ee3af574386e277dd2388d094,3f9a95f4da315797e5ca5f5ced60557485a196e1
c2e77da3eda99672a9fd5d039100205bd533f992,61ff98d395c39d57bbbae1b941150ca11b7671e1
61ff98d395c39d57bbbae1b941150ca11b7671e1,cf06f4e3708f886032d4d2a30108c2fddb042d81
cf06f4e3708f886032d4d2a30108c2fddb042d81,2e9be5622f270bf352986c84604d137addc1d5b1
0386be571f71485a925a6dd7a5ac9d3814fed7e2,12f2fc02829abe6f9f224899b8e68b0f849a87fd
b8605d4beaed871c5139694a92867f2372f94236,0601e8974216159860eb0074896bc09395c4da57
aee23515a218d40bdb06b978b90bb8761e9aa194,069666bcd193f31cae68630a2d69d6c295631351
18d6c46e3df65e4f508f1ce17a11f30b7957449e,1aaa1c816017ed0ba3bd34090d61dc258005a256
1aaa1c816017ed0ba3bd34090d61dc258005a256,2c8ce1b038dbf3ad59a9ecc64f6fa36a7d7021b2
21f68f91fb833ea2bb956432222c23f583761d98,77c6bd98c9090addacc96745156adee81e41f27f
a21adf8bd35fb84fbcb6cd04fef7edf0cc0da93b,384928c378cdec025ea5cf137363945b52c7064a
d2e69454ce18a8cc972eb39f0ec457eb66155fdc,6c3afe6b23e5bd5d0299353920acd7b57dc9be15
6c3afe6b23e5bd5d0299353920acd7b57dc9be15,e369f917aff8b451194fdf63adba85b0514fbe60
e369f917aff8b451194fdf63adba85b0514fbe60,c814945bffc19a36796b7c58081120de9dc67d9c
40abc4f2633081009679f3a08df7066d3b4dba0d,b6dc8051381e68e7932c083708fa3def491435b3
9cda31f7f6a4537ffdaca6aaa88d19bfd3295ea4,0754bc2d901087ffdd4611bd60bffa814851564c
0754bc2d901087ffdd4611bd60bffa814851564c,3ab707405a8b108baac259904551725e4a7aa3b3
5e6b92b960fc05eeeadf9a4c471e4f37590f0015,330e51185fdbd0b0847fa8d7764f9234c6f60878
db94e7b8a2028c0003074eda0d5f588d7f098528,e2e4c74ffb0df411cca76be55cdebff65de44c19
591f6ceffdc6724e9f8fc9f514485349c5ee2e45,1dcd0d54831cf2eccd030de50509bbaa5a63954b
a0f7c36a54532f31c5cba39dd9e25dedc23685bb,6db06521e8159c74347a180134cb8e05b64ece7c
9eb009dc1b30243a7c60b5fee3df8435184897fc,38dee6b22559eefbccc5bccd8cdccffc3dd30dac
38dee6b22559eefbccc5bccd8cdccffc3dd30dac,356a170ce30e94e42534ecbded402af852c5a67d
fd4cf798424547f9e9d857f25c1e7436e1f88e53,34c4dc3abd3a71a864c3a20df25262939a38f96e
fadd4f787502da3d2891ada3ae0c1002773b6251,0223f62edb487e4328bf93fbce79cebe48a9b3a2
12bcca9c479c7ea57f17bffb48bc71897e79a8e5,1f0c069caa7abdd408a6b6f98a9cb70f125e5b47
063fb9f4bc7082589ebb0fe17dbfe055ec5ddb9f,89ffeeb79dd4394fd174845cc17d02bb943d41a5
89ffeeb79dd4394fd174845cc17d02bb943d41a5,a952302a5cf375a392dd8c21e87082b028bc3da4
f1f0dc73df4f51822ac6207356e7928e68627ced,e41e4e66295442e05426223791f46398251f75f2
d0141b13bd868435335a9341d566bf717036770c,ef5f46dde8f638427708d413346f63c72050447e
ef5f46dde8f638427708d413346f63c72050447e,a64c3d0dfc000cbd1a0b1f0f0afda783be245880
ca1a204514bc7ee355ea51aab1481c10ac2cf555,9620b09c094ef3f16016a2867676aff97cc2d21f
38bd8e6397c8989909cfd52a5f8264be72e77b16,c65d6b28b630748e33bf36cb707f06ba0fd4bc96
c027b1a8db6e2a98c513c968e7b474da30a4ca8e,61f1b8fe0883deb6bd14ffc5f09280411cf027fe
638419c10ee0968260e1b0de69c7ddc36171d9b7,04407a4daddb3093de0c7106069b793a001fa137
a93b1f00c9d2602ed8235eaad527e6adc647762a,028e7b65692acd6269dfffcdf6632d5368efbfa9
1a2934fda55d9ed46fb9d63305bf15e0dd0d54e2,31e655dd36156eea9039cf210c0a0f67f5f3fc87
3b1bbc709cad66639eb7bf2285a0db2b361281e5,5a4b51a784b4332242191a61a24d72bca3ff60dc
5a4b51a784b4332242191a61a24d72bca3ff60dc,8b49d87526dd34380df6e98800ecc82367b48be1
ed45c7fdc59ac376dc4b9a51811760aaabbd8ad8,a8d5ce13e8dd3e996d839d3bb80d2f391ff37100
e0657a550a80876c6236bc065593b01ef098f18c,e2c5fe6262564d9d85806bfa9d4486a411cf5045
3474604dea49381980c27a8d5caabfe3655b165a,5fa0228a7efc3b8ea64b7002a198d0a22d0c8cd1
5fa0228a7efc3b8ea64b7002a198d0a22d0c8cd1,02a64630aa83e37e47a28a60366e1c65f0eba3ac
525548a2024e1befada8cc939c66c72f00234d76,aa1c2b6ac2a0d715ac9b413eb469d4a6a698039e
a9f95c72aee2b3abc7b325e194b96188a6524356,f8a34fb7532f6e2880ee0f6f384f836b5dead1e8
f8a34fb7532f6e2880ee0f6f384f836b5dead1e8,cba3054e9f456556450b4b884a75f2f9947a571a
7cf955640e346f8370b3511a0bc8f1ea2a22ffe4,4ff204aecc96d77209a18594a14da96af703c43f
72facbb8f2d1304539e91e290c695e9f0441807e,6b3e7c2ca8710f7425e68790a1351e32ee1e2e29
32604a6651813e25ee6d328c880ef95f76c9c744,febb921040b6670d9b1694a6ce55ae39384d1306
b50d8c57c4d933c7f2125bc3daff96551876b282,948fd5040d81228452fd72a0170a0d8fe35839a9
2f9b1ef4a76010049b7aa6ad2bfe9bd345444931,d0cb876eef8912b058f0cd511681c0cb8d1e55de
f74518842f867c4edcd057703c5a035087d60e8a,0aa79efbe52e78ab11491c3b2caad453d29e34c0
1830f784df18057f5e07a59256cc73b5fea91a86,f8c2b0a7e7b7251a5ff5bf475802702c1953a266
03fa9383833c6262b08a5f7c4930143e39327173,996487c43e4fcc265b541f9eca1e7930e3c5cf05
