8feb472d510976f9e36854373bea1bac2e6ff86b,7daec3352c4804a8b116431b78a98af5cdc26e90
7700446bb12ce4fc7f81ec9ebc586663847d1532,eab653afdde2d3b43fd044fc7939197b24e7360a
99fce6dfd7195bc6fab86fb01896e02eb17fa1b6,e02ebef45d8c992193ee057e9d28b5cfa204b074
41343c27b78073b6bf9b6f30c77e8305a8c256d7,6acec471e38a68a7b67f037d1c9382e2197f45af
6acec471e38a68a7b67f037d1c9382e2197f45af,bb24df596d3fe6aebd05d83f338737c96e7ea6a2
afa6a00db86fe3d84169067bc1f3e518b6ae4fab,c7b20edba09f89666fba06e05d67fb5fbd70f38d
e9002038f87669e2e34ed6a6c3fd3120b29e4aae,117b4ff4f15076cacaf276f01a736d3a46f008d2
9fe1752359bfa4fbdfda5915446305d098340ac8,86fd5dbf7af02a1a0342e773aba03ca6ee4dae7e
4022e80d6d398c9f5c5ab6e0e08549b3a8e3ad9d,9ab086b207fc05e576a84a8ebd2035b7518e00c7
aea1adeb857a7d7e54bb598c1288a4b6bdbdb97b,58c8fe5a6674ea70eb761789d9a6ddfe4f686354
2f06d1eeb09abe2d05f5edd05e4976a6789cd98e,32c7b8f23d604ec0630377c736b1502adaf67aba
7b7f794913a911e214b359900c243343b960a20a,4c769318079baff8141fd3c0e06ae4c9364f5d0d
6de57249edd2a9a48b83a15633465d9e7fb695e1,c42e16fafe82e486f132d8c71e169706392a9035
b0d931b760139067515004600aa1fdd56f7c5e45,199fb532bf27c3457aa2e15dc2dda8d48b4d30e0
fee02e0aa0d2682af014845787426326cd9a5191,8b74d8f85580d1f897ed4c1af769f463aeeccf72
eeb48818f3183fd0f9081cba1fe7a03da0781c19,28a80a0132a8ec131dbbdd7a45296c71c911d477
5616f564427967a73bcb203a423b62fab11db086,5c31fdc362c70b7c914c65f557eefcc262126c9f
ee2a1f62c65430c3891f695027592fad58a9581f,e639a30157486fbe8b34c24f4294211b87738edf
3afc5a599a249570506a2b3c37d1a7c33afc5c20,af8add9df472e19290c988f5d47e143543d24aee
