817a520c0483f5ad2dff5b7ae8100d1fa197cf57,ae9f7f6b16f85dc5e15a2632e8c5bccf79e00eff
6ea938a646d8b1885169f54de0a225b07a2c8195,29e2dac7554b6a2a652d07de15d9682cdc941a50
19a2e9059ad23cea9e2b2984a5e3fe57359c80c2,7923953bcd36f847fc294374c5ae0cec368f3402
7923953bcd36f847fc294374c5ae0cec368f3402,16c6e0a18c6684b8faface5bc24344f0aafdcdea
f12348444d0e10d096108285252a6b83c0b01a83,6972bc99f17252b224ca6bdc6f270643da8120a5
f12348444d0e10d096108285252a6b83c0b01a83,a03dda03bc902cd96dce55a1d6396867c48ab744
b0a42ef04a4e29c99c8ab209cf264dc3fe588eb6,94c9b8a87cb165ef827ea48bd613933cc90e56ac
6972bc99f17252b224ca6bdc6f270643da8120a5,fde6fef9e167136aab17a984eb7b2951eda3682d
fde6fef9e167136aab17a984eb7b2951eda3682d,578f26a6b4e6e572aa615d7752316cc9429dbaf7
5831bb1764536de85ea2da6aa2a1885187a24a7a,597c1e712706a7a64ba037f893d924e97dc7ac35
35d725e16ce0e12aea05a3a09eb0a67cdab48a27,2f5916529346921f2b64af911979e08db319ff71
fcc702483178e54035d3c316ed77fce7f0dcff77,2b7efaaf67d3efc6f496e356152d37674843ceef
afc315daa9d96b2f5d27a32b2510223ff05e184d,67576feaabe9e185f5864a0b0c7766c24ece552f
626915d104c02a2659da1708e2216ae2558a5eab,5376837dcae404a878ae1197827dbee7049d64db
5376837dcae404a878ae1197827dbee7049d64db,1210a05912b97ca9b9d87a27aae34821242b7196
9aad5f2e1026cc4a84ee3f75e5c81ce26a4bb56c,61d8eda8a6c2f4d54896cd242d3534509c6c1ac8
bb004cf0353e4f366eb08d38a2c4b3434a4a17d1,7084b66fddbf51aefa3ee0105eb539c439b14110
7084b66fddbf51aefa3ee0105eb539c439b14110,52701bea03101ce7ca84473ddb0a244255a9f6d5
235188d0cd7a6414e3097f852fcf6202f87c3710,785e650f817803bd8ef94afc666c08ee385a4372
785e650f817803bd8ef94afc666c08ee385a4372,90663b5c111beb411db418148d81d1e527e27cad
0855a408796d2caa78ae823911e554788d75fe23,360fb1b43f89cd091bad938d7090258262f3403a
360fb1b43f89cd091bad938d7090258262f3403a,23c8d49016e3985c298bcf458bb0d9f19dc219bf
23c8d49016e3985c298bcf458bb0d9f19dc219bf,2fb4035941f585b006e628b0e978a13997c6064c
1b3db3da547a5739eb49c5c3c1dd2ef1fb695e62,643fd1b4500a9be4c09bd2a991b3927b8c8f7e67
3da403b41c373bdb36bbd557520cd12e9b860a3e,d115a7717effa920b0dcded92563799bb70e9fd1
d115a7717effa920b0dcded92563799bb70e9fd1,25f0e3a768a50e1596266f11324f594c9373cce1
25f0e3a768a50e1596266f11324f594c9373cce1,60bf8ab1ab003d26b619ff05cfbe2be6be2dd4c3
a7fa0fea50efcf4c21eaa93924d4f8acfe4943c0,54e209df08ce2a7ad7379f212081dcf379fbc5d1
54e209df08ce2a7ad7379f212081dcf379fbc5d1,daedd6e439a21128772027c18da72033443be07c
37e69cd55e1216f602a6fcdb3fa1815523a764e9,73121a5c18eb4328e87f1ef4907159f2ecf0fa5c
5762f2b30f58c1623efd6841d1273d8ab67541ea,93fab2e53dbd812c8cb08fc7a789ec0ace9e8768
639480942fb9fec479661339922681b0ef2eaf99,299169647303488e05085fcb598e49a4ff04ab9e
20bfe4e1093bdd85d27d49f6c06c3e00f6f769b0,f3d0dfcb7caf50d123df02773495e5b52a92bd76
f3d0dfcb7caf50d123df02773495e5b52a92bd76,48012798fae827096b04e1e9f048fbbebed47363
a934e8ef779385d7448ce4fb4979d8f0546faa8f,b12e8fc2b7f186f25d3c6fb5f1df5ce7da1cb41b
fb064f883d8a41eeac2048adf556af44952bdc3a,a34ebbabaa199720755fac874470ae5d31ba9783
c8000cf51283c8092374906ea099af7064015186,580a47db0dd57d37bb9dbe299442b609c073376c
69931dd00ffd191eedd919a92907ed84e5894c33,c5ec95b251366e4ab18f8a979c249f3c39ce4628
c5ec95b251366e4ab18f8a979c249f3c39ce4628,7c4c5f15f318b5942311141bebaa80d83e2da3b2
7c4c5f15f318b5942311141bebaa80d83e2da3b2,bd09b376db54240a76ad0f3aeb50adb3f712d6e0
1ff285b8c5321df9364ae1832521ac2b2d5b3e22,0ac8fd7f84e53235eeb17287b25d1c191f1e4614
0ac8fd7f84e53235eeb17287b25d1c191f1e4614,35d9287a6d0649ac9b62f855bd9b816cfc33d48d
35d9287a6d0649ac9b62f855bd9b816cfc33d48d,eb01c9c16963fbf39d1d3d5b1981775425e792ab
eb01c9c16963fbf39d1d3d5b1981775425e792ab,2720da953279758ac315f5c30fd186533840b3e3
de7a9735758a0d3aabf858a5b656065fa97b8f3d,8cbd7ce2e1b43e7ae7ecd2d86720d1271c1e99cd
add121054a98960eae490c3e8d851dfd5ec180a6,66d28b476f24f84a9b3a88ad0bf60a2a0c5bc720
b43b428cbea4bb7d360b7a18353068e74e59972b,24d7e74b177b1c4fb277d360e320ddedc6a0c150
61fb94e83d43c67f12315c02347ecebc3984abeb,72e8ef33d6a6239b71dbd1b24edccf1e5d03d9a1
72e8ef33d6a6239b71dbd1b24edccf1e5d03d9a1,950ae747e055d41f3d2cad24e7ed0ddad34dead6
a9c7f0c19f33adac16a6c37c4bbdb7cff51f096d,9615b9f904f8e4d4e65737587f28609bb888b1c4
674c1058432229cf74e6a99c004d86778ba41434,135ed9e57eedd1af12caf27fe0b1d6d26754ce07
a22ae7fac27ede8309ca0b248f14d157e65ccc58,14534a49d97c0f6cc815b9a7336dc0f8497131c1
14534a49d97c0f6cc815b9a7336dc0f8497131c1,529eca01188546cef7ac4b245bebd2171a62a807
529eca01188546cef7ac4b245bebd2171a62a807,ea0a61daa6ee527157817152338d50413868a258
1b08d5c781cf3fb3fdfe4b759174736bb9611a84,af83e4b143f235d5c41acd80da71c7a20bb8a076
0f6800ddede89edbcef2175f238dcb993c13d7f8,077862a2e64eb1659b38116563152604f5e94399
9f4d030146c4be0fd0accd2f8a10a0046aa617b3,1fa8e440d7db969bc6906bcbb86d2324c0e252f4
0cb1a3cb24ef003b3dc07eb26d4d091ad27298ce,f74351f89db9a5b38f6b48c7b509bbf0d7a91023
86ff03c1ce0010c6f7ab9511650cc386b87ae646,d2ee769ba220e135312df733a256ad37f354227f
1b6ee0a9893ae00f861383b27225fc6f1b66fad1,327fc5fb36c2dccea558740c16adf5e7eef1b41f
03df1e539c0b95122e42a7470de8c967ffb85270,ba8de5d0776da82a0f57b710f9648539555164c8
7db135f7e8567ad7099c9b37784bd244c604c5dd,6cb21a506f20671211a140c834e20e1c52fc3d23
6cb21a506f20671211a140c834e20e1c52fc3d23,60d8849b1969b30acd93fdecfab8b4f5aff7e44f
707150cbc6153786a4146cf2db07c0d9b6c25504,099b605f8e3ee8fac06981763abfd067e87bca4d
5218c4bad80989033ec0e09002870c47df75cf0e,0229b609cd2880d9d5ba439fc45bacc4f3205c6e
0229b609cd2880d9d5ba439fc45bacc4f3205c6e,06c51440effe6615eb13d7cecad199bca09b3fea
06c51440effe6615eb13d7cecad199bca09b3fea,18f7a20f9098da9bd848e31b501b6b1c571accc1
18f7a20f9098da9bd848e31b501b6b1c571accc1,4ecd0d2ae5fd0aae292daf7fc8f6ab1787094b52
4ecd0d2ae5fd0aae292daf7fc8f6ab1787094b52,7b4892781e2198ad99a8655da03133505619040a
7b4892781e2198ad99a8655da03133505619040a,18bc49b5933992bb49803379ce37064b84ac5632
271146a1c82aa077442206002911dbbda7053d7c,776f891afa3e7bfe2ae456c064e0867c4987c762
776f891afa3e7bfe2ae456c064e0867c4987c762,a8ad5f0067eee2ec1dfd353d8c97f7c926b05dad
804a26066fdca156021490837046c0af29a25a12,36f71d3b34591b8811a5740241e032ce98b7cc21
13ec25a5329f1e4d8361c1bd0c15eb3fed55057f,7abf8eb931f060f20e7d88daf4fff7bc3a04d100
2b968e05a99392d1010cec3fb40c97c592f15065,14fb6e1972270849d06f9eaad7aa9ec158d6308f
eb610bad459996d88544fd50785fffddcc1abe8c,ce550afe4cf9dc2b9d9c098738cb3c49dbc539ab
e13de2cf8c42fe835c51ca362fd573824ff85f5f,0606cdd4790bfc47ef9faa26da478a5eeabc22a0
0606cdd4790bfc47ef9faa26da478a5eeabc22a0,a173c0794493e2842a2379efe09fea9b6d649cc6
211aafeab0ad00c855f4640ba65193a49d3573a8,7320eee646578bb0dfbbdd280482dc600e3bcecf
a56a3a72630ba8c16ae285e2e5e8df1321068d96,a62a47d5a36b2630dc91afcb03904be1ca37e11c
371b6669a00fc043cc1353c168ab43f143d11f05,b279954ecaed741e72e4f040eb5489ae4a08d8fa
a12b816d8fcf2c35ae43788a5f334f1cb8321af7,7254c277fe0a1d5f5455d8b2009c26e18cd11b85
d99fc69e68592c47a09ac8f687fc4a497668bc85,3f79903bb45073d44e1d27fe1b64c0ca4de6cd02
ec70a3f14fef9cdbf7284c6d2010db6999d26572,0add56d1da0c82269dd3d4bbc63a6d658fe2012b
0add56d1da0c82269dd3d4bbc63a6d658fe2012b,5e60541fe4c7e5f3803ebcf480445d91d9632946
6916fcc83ef93af6692fd489d1a6d510191e82c1,cbe602733f555de32cf6296919bbfcdb6be7c9ae
cbe602733f555de32cf6296919bbfcdb6be7c9ae,706fdc0984a1016bc7f9616cc988dc4b53ea3793
e09f5029061cd0b2d88e9117a86c9b368893b6bb,8613ec813661b9d7e449d6bb05e17ddde4268f05
8613ec813661b9d7e449d6bb05e17ddde4268f05,a8c89bf4a9342c3e28ef846a9a53672cfc351de9
39c0758b4b739dbc43b179aaf091b4be0ef0459f,04143195eaa52dcfa56e8656e72df57c36a76367
7e81ed07117e76e870c0ea3737fa0bf6834db9df,8bf6edf423fef012281d82f8a90e9d7f731485b4
fa041a80e0ee4624f2266dfd2ea777051a3708cc,60758fa62ef0faaea866c137947e2dfd32d27a32
f56065539332983bd85d1d0963743c1de724327a,cf03efb96ba79818fa166877720e30b13caaac4d
c374d4e06718bf5503b03ba19fc141b8c169f85d,631d4ee2ece28da70d6e22201129f39b4f1dc586
6a7ca50cf580f48beea5435859b36956b6a6c636,44aa133470f8f85b373609780174cea4b30fb5c4
c78b9d19f8c5f2b18525f8f636394935810b80ed,ae8999c9704c8b63a3349375799bcf8b0ccc0ecd
8d2b38079202d36d2b7c4d307cabb12757b86d3b,3e09d3dbedfefd88e8ce3bc35224debe675d076a
cda02c2c79816337482bcf9923330090ef696e94,4563948c9bdc89bdc0fda6b145da8b0b9e81111c
a0490b04bab41d22fd08e1f31cd240c4b374b38c,1a3d660953d858a93c40462f05622b192f03b471
8fc8a6a9bbe514ba014ff9cb4dbe2b76cb5e7c1b,53ba00067a76f37f6ae244d803ecca4acf9d9e69
b37803162c11edae5ef36bfa6a7a81bf1359dfad,7be56405f2af0f700763249da3c368976582d792
32b9415feed4b6cfeb7fbeae1f171cd6108bb638,5d768659d2a54544219c057ad05172ca55b43119
6afd643a586cf387ff88177cce4bbdb1a0ef2380,7c45cb25068f53330e053c57ffdcc530f8600c47
a7f826d93a2d4ebf4ad386b9d648f89799faa26a,eadeece606a472cc03e820b21b7cbae60edf21aa
6e0835d0e7ea3aa2e4a3f373d7a03e42020597e1,5d8067e4bb21ef5262d43ab4623cff1e38b3a5cd
bbbb846a176055841bacc41ad22e568441127f70,b7341b5e30fd1aa095dcdbaa35bca04cd7bd7bac
bbbb846a176055841bacc41ad22e568441127f70,d0095b7f353f4c9f3328c18d503485dce3e934ff
acb57dfd4bddc344a9894d0b8553d4b361c75d86,0ae4ef63119213ec7c2b825f02fa625e7233a672
b7341b5e30fd1aa095dcdbaa35bca04cd7bd7bac,2849fb6f8c86239012379c5e5d28e76e4f03e7a8
eb034e558ea658ce7914d891c8e87d0729e97500,f1b32a46883cf6b4d15ab11e4d849a6c852c4587
39ae871343d224cc7f89d1e52333177ea726eede,f4622e59a087d04bc0628b52c33f0cc9f296223e
413aafbdab6a5cdbfe550a517fee9b406deb529a,00b3f1d0a9c9b8fc06437ddb192491656413f24e
acb57dfd4bddc344a9894d0b8553d4b361c75d86,40050b4ffd77c9204ec9b879302c85ad4181b81b
755c3bfc58836c803eac401c0a341e2d5513cf63,0d6418a20338d8bec6d256cbe7492ee0a1a2462b
991f4a5914b4ce82d4c769449e1a66abf2759877,3ed0024333e8713f1ba32bd7b81a09f0525bad4f
a27d95173d560a536480ef86ce18640bb6ee95b8,6b494519a26085a3eda3f7328c9cfd2fcbc16b80
10c486a642fe47d4a123c9b8476c1f9282ad849d,88ac13a31bf7261854d3b3d4b96a7a6c0940aeef
1198d0a9973cf9f9882acc0d36d0cc780152a010,5ec87df3e66551d5a185c7cd608b0630e09402d7
5ec87df3e66551d5a185c7cd608b0630e09402d7,2bc28d9d80cac045aa756674a61408cf0240d5e7
71d66074cfe208582683a877fd40e2264be1fcb7,9536374ef6636c3fb6e5c4e0e0157ccdc0f82f1b
a79a5fbb584d5799c4445d0dcfbf6f63bfa18b23,4df312a6459eb195333be39f3e48839adf151288
eed1c31b8fb593c00cbb158d5789390bc5298017,ebebb485f99b9c893026ba9b10f08bfe120a0ff9
3f3d2425609a3a209d4d4d2b66f5dca1890ac85f,9981531efe063b0c17dc2a79f166464e860dc3f5
8f37de2e18a77cae1b35e229b654a2dc2b00ec9f,4b953f0f191e87c03a783efe7cae2028320e00f6
befb6c616c1069381c0bdff4baf6e023fea587d6,18519617ab536b5dd2f4d9db3b124659e8ac47ff
945f3333e0a73c8d362ecfc9f033cc8870052941,5b7dcc6ecab6c9c56276b3ade992b0b08af89f0b
62cbb3e8124a9938d3508278c9fd00c977daa186,2669afa16abcf4722ef378a23912e2f04d7d40b0
2669afa16abcf4722ef378a23912e2f04d7d40b0,58eaeeb44850b11b7bc459939e855547bbe2e8c9
43868e302d5f0e8f2e427cd93cdb42911aca713f,ce01229890129e2847b13b6c9cd6012057a5c2e9
4a66d80f2e6c62fca152ee1baa7b412c3cbd5801,acb905ba397cadf7207d1abfd4fe653bc9319c20
acb905ba397cadf7207d1abfd4fe653bc9319c20,3a96f2f5d90682986624fc577178457031c94813
f4097e9466ec68e7d6d4f484eba9371b982abc1f,76c4a748519dbdd3db204cd88cc31a596dad77ec
4004b850958787f7a0afca92f6b6d193af9445e5,81b915e13e74dd3653d9e74d63e045f9825a8c3c
76c4a748519dbdd3db204cd88cc31a596dad77ec,7be67d1667113ee73034d7a1579b84f6fe154493
a48e16478d53261842b3871a45f70da27dd65b7f,1f0750670cf8ea24ad264debf9603002ab0fb565
d832da95a006a5f4b9b866ee82f66f6c170d2c0b,2760b6a1ae463cdb30a82392f39b396b618a30cd
8c4a1dcc0e26d02a0e1fe678a0fe080db1e6018b,b766d44ec20e1ef27d1c7b635cf0251458bd5789
c8105529ac34da73474460c08f234ecc03e51578,a0d5b495aed3fc4bf4f0c1a026a54aa88dc73985
4f97ea4a08c8490fb785c3a5b41275fde54f9ad5,4cd10d220dc784b366efc12be2d6112a173d014a
0135fbf02b2a8d56c9021b44c113fdfb7d3f53b4,99513bfa942d3406cae432ac208744d76df1a896
55af889785bcacf809da5a5d8e4fd701ded96ede,15f8d1934dc72debc6928c4461a1f8f65e551ce1
9981531efe063b0c17dc2a79f166464e860dc3f5,87c540a367b8778edb1677c6ba5ea50b0f34dc10
a516a1d01335f0769ab3149a6457fe998a9c0205,e745530422e00307ee3612af77a3c0676e52d7a5
fb11de0db61c9451688bf2df1ba5caf33702ec5a,1523fd9a1f98b3d11713edf0acbcb25f43f4cd94
d7d8e5e2edada182d820bbb1eec5f016f50db1e0,7506af2957fb5dfdca63d733a94e12c3231ea2e0
f68e52d378b4a141dd6d69a6db0f52a2b563adfd,184562449f5bd9295d250239bf1d87f57109cb16
4228fd8330e1daa35c428d1f560c5cd395d5237c,c428309c8d6bb06c32307712cc13145e4c78f2c5
a036c9ec5cc25bd4d3d7b8ee532d410f77f5f3c5,8df2c3c42194006ba53d0bdb52425b4c683acc72
006865468a6d1aaac32d511e38207cf52bd98b80,2a51d16264ef9a7453c4ec0df0786c47c6d564e1
151bbad1cb5b6e88aa51174e100eaeef2fd1f7bb,94b69d951804ae3741a26cd97f548bc5f42db17f
fd1fe0dd0e24b2a24c5c852385e8277efb96166c,c4f05085b2b1ccdc2dbfb8dea8327a71622cd6ff
e8d5ef1e9af90be0eefa5d64b3b3f8c405d264eb,18b2f822715b67fccaaad346b831f13990f3356c
816550c272e6d818a0a1f067f9ec2a9df8345865,ce08590a3a1ff3db0b0cf79a96c206aff00e87c2
58eb6b433b4100544a20c05b5db4b8168a25d6c9,93ae46ec47330a5712b746b4eb3f0b10c73c516b
93ae46ec47330a5712b746b4eb3f0b10c73c516b,2485608eed109ceb2ef4fb4401a86e889060e052
bde45b42cb65727f56bd41c07788c804d7c7c755,2ab95269b55b616ea08f62c0c2089546056cdf6b
2ab95269b55b616ea08f62c0c2089546056cdf6b,9b770aab14e45e481c1632c3801fe13555f7cf08
9b770aab14e45e481c1632c3801fe13555f7cf08,e551a6187fe5ef89bf03bbb7844cedb17e37d74e
