a8e844dad56388522ddbaa68a3285570d5cef7b3,795e3604ef3f3c05bbb7948d20e4070d476b81d6
28c2c1382a6d010af59cbf9f0727cc6bb4ccb97d,003c0a747b56b1e3cc5153c540525fd3ad8d986c
003c0a747b56b1e3cc5153c540525fd3ad8d986c,2cc75313781f802a1a733555ed5a9f81fb0f6870
2cc75313781f802a1a733555ed5a9f81fb0f6870,c333ba755c5f6648ac6f074e9165452fc128e382
c333ba755c5f6648ac6f074e9165452fc128e382,7254ddc5e62d9717609f33b8031698965bad6213
a1a5383593f5e068e8793a0ebbbfffec8db2582b,e26ed95e4385f164fac8f21202cd65955fe1f88d
e26ed95e4385f164fac8f21202cd65955fe1f88d,90bc68113724c622c57c254c7cab635744a10d71
90bc68113724c622c57c254c7cab635744a10d71,c859ec854388d44ae5fc7759d7bf94caa829ce0b
e2d446042987324e2142c737f4c513faf95feb42,7950e7f9094623eca2bba6a70f1eb6e04811d06c
7950e7f9094623eca2bba6a70f1eb6e04811d06c,af6ab2b7e580760397476265c9af1152005cf09f
af6ab2b7e580760397476265c9af1152005cf09f,0214be13a54e8b035cddf8316dc8585d502beb04
0214be13a54e8b035cddf8316dc8585d502beb04,7afd34b4cbe4e4e49ffc3ead47b3ffbcc29af913
652d853906529da4a40d23a052425d817cd36cb2,63197fc34bc8b25759f79ae6174bcf88b95f56b2
63197fc34bc8b25759f79ae6174bcf88b95f56b2,19faa546d8606641059eebebed0e843820bcca02
19faa546d8606641059eebebed0e843820bcca02,f7acee8646c105a804200d8599928625c3ff09a6
f7acee8646c105a804200d8599928625c3ff09a6,c4f9398d79600c9125c1caac88a915217f7bd7d2
5710649cb0b3cb50b2d6d9acdc281979cde7de0e,f7d42ae177676db126a70c6b9bc35bebab179313
017d3f03be419f0f1cb95d2f7c6a51ad665f4f40,d6edca642afebd006d084d06340444479d87f988
d6edca642afebd006d084d06340444479d87f988,ef60baa65e8d9b89ed06ac0be4ce23833cd8ff32
40ab25909070cbd31e850fc515a228ac358380dc,11ea624e62f661b5e818f6fa9052bdda23c73b41
24b9fdcd869f88bdea0be53e76e23865a1ad2d38,242995beb6e856d7d2eb3892d0751ac960267adb
92ed06854bf2bb5d395e81b13e0db3b32df33849,30b54e70bd62f836180b930d5203ceac30740803
44520544267fb1411b8ceae003c3d7232ab8418f,ddb8e9640131071c9e4150d3fa9b36d63dec6387
25acde90d33377bcb3cac2f045fb0e4ebac1bec7,35add310cce8bf8b9bab6e4fb8357eafd634b920
35add310cce8bf8b9bab6e4fb8357eafd634b920,90a2b6bfe37da8883aa25360bc916450cd9dbc72
e0bbb668e3982bc3b0f0f5b7d6a99be25c0e70b3,1eca45ae116665655a3b86bc3548c2c16a979072
1eca45ae116665655a3b86bc3548c2c16a979072,0757af6e5eb9a3de58b9eb55a4c1999ca0e5e550
0757af6e5eb9a3de58b9eb55a4c1999ca0e5e550,94402d0627430dbace46b85ea8f8e27eaf6494f9
94402d0627430dbace46b85ea8f8e27eaf6494f9,9ecae91dade6ccf1a9a008a96bf71ca9b94d3faf
9ecae91dade6ccf1a9a008a96bf71ca9b94d3faf,ea88afb212fd7eededf82c93a227554ca3c989be
ea88afb212fd7eededf82c93a227554ca3c989be,3c37ca1672e05b321a2db9c0c26a361fe6836b9e
45cba8b1ae482b0405791d4a9e9af81b6085228c,7f50946722101fc336449b1d2defd3a6b4134a65
7f50946722101fc336449b1d2defd3a6b4134a65,3627bad7687d5ec0cf0c972c00cbcc6b743168d0
515c668ad79c3614408fb87acfc9b07b8c393cb5,2528ca7dd406c2b39604dc9eabba95f6122c0c32
affea7a45dd2a0c1569884389219861806103a96,c81ec9aeecad3555596865aa648058f394bcedeb
e945a2afcf227859c71721b0bd4f9ea71a10a536,691b947576e76c53fa81a580ea2efb46b36b7f3a
691b947576e76c53fa81a580ea2efb46b36b7f3a,ff3fa95eb0effc5133e2bdddf2f8a53af29f6717
8364a6b2d635c3d42a718fa227abef4a266d3d6a,6923e5e677362adbe3a1ce93fa9f776080b8d904
71a3b459950283d287d49c3289e4348aa484ff0f,dfcc1997690a55c2393ee00a79f6e3867982a339
bf1c5016705dec0306a1a73e0e7c2ad716bf4f1a,53ba3561586b1048a9db7587b4d78ab2ca306b33
53ba3561586b1048a9db7587b4d78ab2ca306b33,92d768927190577c2a888bb9fb3d59dc2d4dcb4e
61d23b2796315932388cbe264c2875f49308e5ac,d8ac3f528b3410a74d47aad42c098ab6c1d6716c
378c96888e01c8c8d940408ab0ff760c73fc4a5f,8d5fadb2e85571485eb03054ca6e9ae9224b8c5d
8d5fadb2e85571485eb03054ca6e9ae9224b8c5d,044fd42f4fda6b06bedbe5f42fc8324020706e27
13300cd8c690cdf6042924a478ff0a21dc385ffb,5cf23fb415f57ff8d57875def216362da2ae7787
42e2c068965d964e4c27c5ce605ec38aabd6a1f2,fe8031703be948f2c9af4b697fbe020a63a29487
1077a884ac1c66bb6d43e4c73a83640b4b1c4434,02dc2f2697602053ce83b45b015c464e0b6770bd
02dc2f2697602053ce83b45b015c464e0b6770bd,dfc5924936584c50f7ed32ea2543f84246e35dbb
050dbb191ba37937670a3577b6128eaea07d9906,ae6f5e7192db43ca68a3964d8389af198b044f83
ae6f5e7192db43ca68a3964d8389af198b044f83,acf3128dcd45198c0b54e642497c6585af9faf10
acf3128dcd45198c0b54e642497c6585af9faf10,ed2b3f2afd7e329455ec0183af8d1ae07baa7714
705065406246c9ee52268b884fd9e92d4a088f17,bc931ba790d910efa876f90ed00ecef76313a78b
f0fda8c2a4571f689472e011b30ae6ac1d958a77,06008146fe5e99c3bc3fa252650c9513ecfbf016
06008146fe5e99c3bc3fa252650c9513ecfbf016,f9cf6b42f41325370b918441c7fbd18ca752ea26
eeb5698e753f128747c8df2ea46c691d80c8d90d,7a77d06058a2447ae986cc5181ec855793938046
7a77d06058a2447ae986cc5181ec855793938046,89201f08b0f1cbed6959e3dbf769b867ab29b16c
89201f08b0f1cbed6959e3dbf769b867ab29b16c,03838d92206789cb84af96fbb0cb11f677095224
76db984cc16741a7c0f96f4361cd69e1349bbd4d,a8096959e28e264ebb09936c11dc4e1bf28cf8c2
a8096959e28e264ebb09936c11dc4e1bf28cf8c2,a3a9b145311892a75668ad6fd287068e7ed954fa
a3a9b145311892a75668ad6fd287068e7ed954fa,afb90b91e834c98cc807990f9ff9b32ee5a6f94d
4c4d4c15515088b2688df85db97b2fd449e34bd2,cfb1057ae66a8131f0f38bb2717cc21c2a337d8f
cfb1057ae66a8131f0f38bb2717cc21c2a337d8f,f88e5925b58965e80de3d3fa3b54d56804d1e24d
f88e5925b58965e80de3d3fa3b54d56804d1e24d,dc07277017ce3c086d490748ceec7ce0bb2e2525
36a20613fb313c3cbfd3ab4ef66d84c453df296f,b4d3a2d54460eee14661e8341abb07a3943faa24
f4207281a081d67ace79412b57317097fc85b7c4,99d7eafa6157e63bf7f39f1c9f0146373d2a844c
99d7eafa6157e63bf7f39f1c9f0146373d2a844c,3eec7506402b684a98e7f5dcd7c311855babee2b
9061cb20ba9ccabe367dbba2a603c0a2b43419ca,31683f8dc42adeff378c78854fea86d144bce0d4
31683f8dc42adeff378c78854fea86d144bce0d4,62d39d90a7aa5acb2a78312fb2de009da9e98f1f
0698384788e78b3353877bc44340a00089ea1d3f,4f4e22ef47ab04b289976bb4ba4904e3c701e72d
31f5f9c2671b3132a311c402146cef316173e799,95aba150b2e0d7fef844f1eaed31753161245a07
95aba150b2e0d7fef844f1eaed31753161245a07,3f53cb5980f3fe6aebcf6516199d00387f237a54
9021d94e3193c171be158877f359f402001d88f9,2687fae6e99c026aef4e1b1c2b0e0507bd5dc61f
e57f8c472520dff4112706f71453d0c1fd4081c3,3ef595556cfc1b98d97be84f259091aa1568da3a
7e44bcaf7a029b035fe03ebcb42fa65f975cead9,4f19d2b94a9d9411d09bb38301efee0610b5e85e
d2745065f5648f8c15514e80bdc18f8e73a7bcb8,f8c1a350f40891a34d036764d7528e286fc5af6d
f8c1a350f40891a34d036764d7528e286fc5af6d,dd8d013e103fe8e94fb8368d89524ee9b7b1fea0
596ddac02e1869fb45e01b6a0e1817556f77fda0,37364a05b9580a776e64d0b8bc015dc7ed9db17f
8f42e515d536bf9b6d935a2b993d716cdfd13d8b,73015d2a728e4feba2b2bdbf756ffcaaa8a75307
f2190c4b24d09f7b2b40518efc859ada48dd21cc,c002c490ae43468b7247d16f4299d92ab06c7a1e
c002c490ae43468b7247d16f4299d92ab06c7a1e,c0413c8896c8b3fc311e300f681c58bd3f8750f7
c0413c8896c8b3fc311e300f681c58bd3f8750f7,f6643d60f9de027724382927819dd62e1ac5b672
725b3c3bcf13af1cabab1e35ddf2f979cf1874fb,489a1d32b1a3739c496f0412fa961f252db560d8
03517e4e07086b2906fb566f3ffd964af08067c0,c31b8d671955384b31253ab2bf4d857a80ee0da0
facfbddb91a02f16622591760c5d54650f921e7d,1dc294015d414f8e5a302103a751e7f587be431d
1dc294015d414f8e5a302103a751e7f587be431d,a0e0aa4f792208f15b6f73e065f502815d39fa5e
d1f1795db67395cc764e68644779c94a58a454cb,e0d8d960f30a791c766c35121467bda041945abf
86da135a0573b1627c9fa5f81750dcb7e3be2af7,d29377337000132e8d80de9612055d3f10deed60
16eebf0c61588aced4f16059d3ae9a633c2cfdf4,8885503ccb4b496d8591e9715004740d7494cc40
8885503ccb4b496d8591e9715004740d7494cc40,aad175a25f201124a8d25c7862d076d0a2f902f5
e0a8dd2da831b4aa1fb316f67bc18cfed7371e81,f46dc0c56fb3211ba96ea488475439947ecb6ca1
08396467887e911bf890cb936209a730fc582fce,c7c15bc41533551c3ad2a3655c06cc12ca68d6e9
9f874a7e97bb1ed291c015b40b3f63e84ae01433,c32ce342c9bead79d3c269c89fb2f6f4a4ac3cbf
c32ce342c9bead79d3c269c89fb2f6f4a4ac3cbf,10414a7a042c88a82579d221b0cb2a4cc766db81
aac992abd53388a5db50d2220d92bb537ecf1e4e,f3a278bb8dd475590744bdf3c030524fbae3f53f
15850a43c5942ac92eb7584d8568e658887dfacc,64ada930fccac0b4832b3748fded7f6c832ddfa5
ef140056fa865f0eb52dc363b4225cb837917725,b5fdc0db1ebe1c12c949bf5f0ad2df43051d5859
31a0c2b1a9eaee247bb8d17a95334baa80bbd2d5,9ff946d2fa11f35a51b3febe221f7d72382b1c60
2d8176c9c980cff35fedf46e36b9cc72d339aec9,94706bc834b0e451708c45db598345a504915b21
94706bc834b0e451708c45db598345a504915b21,a0aa9e78cd84863a8ea9e2446c75cb1127379caa
a34cfd23da00123e2e26afe2eaf26d012eedcad1,7a06736eadc79dd743bb01ff9530792bdf2d03ad
86949c2ba20469776c0679796885f1c60f2a4df4,3249330b808536230ce1063028a038ba785bd2d7
2512f25df7e423de2da87718427d4a0d8ee33855,c725a4a5e5e6c46d81d09f2d09bdec1e62950181
94fc64f5e1ef06dc79218f988e5769e5bbb31c3b,d3cec7be5693276a0449c466cfd64495a42563d5
d3cec7be5693276a0449c466cfd64495a42563d5,72791787ea0dd4f62cf699128e45b73958617588
72791787ea0dd4f62cf699128e45b73958617588,c6d1a69bdd886f1b3f7e83557cd2927e1028fcfd
c6d1a69bdd886f1b3f7e83557cd2927e1028fcfd,8301f9e4b2f6451adf502870eda9ca6f72e6a785
0d5cd3bce5cee043ff43222bf94cbc73e53f7ecb,e28d689f8c091e22627480be606d6b3a52510d5c
e28d689f8c091e22627480be606d6b3a52510d5c,9ad1a0ad24e2af787fcfb450d165fcf3e8f1797b
9ad1a0ad24e2af787fcfb450d165fcf3e8f1797b,c2bae0a05d3965609c474bf0bd4a525eb517de1e
3d4dc90d4b8dfd3971e0e4f038f6f51b38371452,eeb48fbeaceb2cd9b0a81f78e4f1a6d090489d0c
b43b887ec391e4b738d1c6661ba4892756e29450,0f7f8fcf14013666d3f8a6dc96d6ba1e408e3888
65143076772ec3c540a2b77ab43e1c46d9681084,19320bf77540c79d10d5a3a81faa3051361f915a
dd202998bd6d7292e82091554eadd995f6a199e9,3c4c163dc5b1db37261f469d33c5b37975f48547
3c4c163dc5b1db37261f469d33c5b37975f48547,32d5cdcb30bfde99b9acaff42002c02f50f7676b
32d5cdcb30bfde99b9acaff42002c02f50f7676b,25b5d980306685957e3905a4f93c87cd8a3527b8
0c1482aabae3f152ab172c94528146bcfff6f5e5,145f04cb5ddb2996a0c27d04f0af1a06c47a424f
8cb3557aec9569539176ebba960e2ef9bc076a9c,2fb0b26b81cab30641dc7d780021ee762ba1b076
39dd34760717b2c3812c8275aae9734cad0c7354,987449a922eb14e98c90b7e06b873b65e16a5154
987449a922eb14e98c90b7e06b873b65e16a5154,725e86a8f0ebdfb509e8a70384b5d45e0788ae46
67c965fb50d16ccd2cc16bbbcaea54419af86e8a,61e758965c93320b5db64103ac90632e87801895
61e758965c93320b5db64103ac90632e87801895,9900c7f00c50c4d4bc31ab22ce29f20a33f7e50a
a85334682cdadef7251a07f6c130448a28686cd2,9ef401839bc925cb024bc1b0d842806b45aa11ac
9ef401839bc925cb024bc1b0d842806b45aa11ac,04391da318979988fff3631ca29d869a6e9299bf
baade9a117c2973519024c31ee3e3c2a78f13984,96e3e74262c8bf19c57ca0526337f29abd8e1fdb
27323aa8b2235a0dbddb9b17f255e5e7d90507de,5438aa5c91f5e7f8e3b3bf1a13252a62e060676f
5438aa5c91f5e7f8e3b3bf1a13252a62e060676f,1161df3ca0ada9d7b5ef723007c9dc0fbd85af6d
7cd423aa3e763352b0d87c7fe1fce41f417807fe,e77bc00d6e52a4ea13fb467c163ca67468c7d02c
e77bc00d6e52a4ea13fb467c163ca67468c7d02c,951daa7c5f26db9b8029b27d7ee5266a37731913
37855aa90c6d314742eee0eea7360e9758254d87,f41e3afaa0c0ac8a88226ca65d95a9f45ea4c4d0
1fd509d8a44fa454a4e2fe362eb7629d7824099f,0458f9ece962cee1b54af7f2a55c5225df0a88b2
ac99083a8246e61214709668146b384000f41a33,cd39ade9ecc318e608fa170e03facecea2e0ebdd
8e0bfa37cec8fafb9e976b058149572de573e7aa,caaa16ee71331740ce8fec88dd616c126e05c06e
caaa16ee71331740ce8fec88dd616c126e05c06e,fa65a07a0c17b8a13e434202b03d33ef3ab1fd01
fa65a07a0c17b8a13e434202b03d33ef3ab1fd01,42bc8e4b43069efdbcd1cc5722c0656de890b5f9
085fc8481807a3f9cd162fea397079334bd7f849,bbbc8987a854269723e1bb1fe8e596fc197ab318
bbbc8987a854269723e1bb1fe8e596fc197ab318,9e126748279f99cdbbbbce4236337f121c0639b8
a704662ae4cde638c0e1b68126a2f89828787641,63afb45d7151699ac6546ccad7c80f79156d4e24
63afb45d7151699ac6546ccad7c80f79156d4e24,449661b8cce9d7eb97b2957a642819732e37e30e
3fa31754fe370537d6bee2be1d883e936d2af021,50fd2c5b48ffe611b5c4feb24f26f7202217faab
65d717a7b7b09e43074e575c7694980d1dda4af1,2ca81ed33f86b85e85be960c758547a908547d63
edafaf9b86b05fdedb9c024a3b5dd9b85a06cea3,0cfce77bb34cf210480f7c7c1347869481847b4d
94c27b6334776ce1d7e8e7dae0b2c8dcb13f247d,e5b8ec7750d7036d1bc16f9c6c58b521548b0de8
e5b8ec7750d7036d1bc16f9c6c58b521548b0de8,a3d9ad16e7f0f91efd25513951c80c49ce665b4b
bff8a1789dfde2c38928cced6640887b53615aa3,8149e0933238773b78e3046ea16b23d7e03efe0b
6d80a1a65e29bc25e76934673e242cdd8a7f1d86,f8b946b8c2ddb7fdf8ed77f577db66285258f59b
f8b946b8c2ddb7fdf8ed77f577db66285258f59b,fe72ba13f469377057112d2f301f52cd3b206467
9b98d14ff1c534b1f986755962c8cae5091a6a23,cb2abb10b60739c00dce7cfe1809dcebf9072925
cb2abb10b60739c00dce7cfe1809dcebf9072925,c0298a8a768cf3eb68b5319b6127188e43d44560
c0298a8a768cf3eb68b5319b6127188e43d44560,22f134475d8df84479239f37f68711fc569a05a9
426325820738328ce4c023d43fbddad07d62f4a0,79ed78fda03eaab649912dc630b44e941debf553
79ed78fda03eaab649912dc630b44e941debf553,af26f7f181145089eef461d7829950f32ef06fc6
af26f7f181145089eef461d7829950f32ef06fc6,d473f4abc9d040c8c90e102017aacfc078f0f37d
d10f4737326a3e45aacbffe1a5ef0b1ed95d1f49,2a04aa76b06d183782a2773336923b921b23cfb7
2a04aa76b06d183782a2773336923b921b23cfb7,9ffa311f8fd54ad2a5619477a0612f99c7bc7ae4
9ffa311f8fd54ad2a5619477a0612f99c7bc7ae4,d73aa1bded92efbab48832c9589391b9c1b4d17c
6d5c48e3fde0862395448a0257be9648b4485e79,3dfae212083a35fabe9a402bed4472b29fe1cabf
3dfae212083a35fabe9a402bed4472b29fe1cabf,eb1e640525a29f6e4358c767cf3c9232d6801b12
f5b054b9fc5c5a476584a35f14e20e24af94294a,b77da1ec9e73cb7c3a3d175ffed56db24b008946
b77da1ec9e73cb7c3a3d175ffed56db24b008946,84820bdede195b36f6862b3978cf9e0814989f16
84820bdede195b36f6862b3978cf9e0814989f16,1c45373f80fea0fdcf0280a743ada3e3bc9bef16
1c45373f80fea0fdcf0280a743ada3e3bc9bef16,b84df079a7b8bd49762460b02fe87c2103c91da8
7000a27d56fa758a9f87e27653ca998715d99961,3ee54ed2bbd2cc31499312bca4cf767649cd4dae
3ee54ed2bbd2cc31499312bca4cf767649cd4dae,3f754c8cbd4ab1f28009b83560ed350236b241f3
ccdf8e12cd59f92e0fc362e7485c09918b1b5cac,3cdbbaee953639ba1bd99a7eab761b987af626ef
3cdbbaee953639ba1bd99a7eab761b987af626ef,8aac71af0f46be4edac78e9f84c40464b4270198
8aac71af0f46be4edac78e9f84c40464b4270198,010ba38dc197f0c37adc32c9a74029cef061a72a
32bc0083d925d9777868412b6b971a29eca04da3,e4b285a0cdf6bafc34367e1fcbe88305d8811db3
e4b285a0cdf6bafc34367e1fcbe88305d8811db3,34f271e8fa9542a39ff0d6b41958e7b68b4d106f
b52d877f28d993e454785873d44bd449b76b826d,61c8ca2f305e740f2b775f79876c360a1aa0e630
7244aba55382c36d239c8cb53af65aa0b44c9701,18d4b2bb2ac9790bd58780dba67947a088725731
18d4b2bb2ac9790bd58780dba67947a088725731,4c9ee486d8d06aa366ae3bdef610b29c6c3ba449
4c9ee486d8d06aa366ae3bdef610b29c6c3ba449,bc600145184979d774e40c5d98f7a76d90ca616a
bc600145184979d774e40c5d98f7a76d90ca616a,74768c153534bb7204079cb1112801cf07d325db
1b4c1a884c3867a1a84d369968d5e4b79d855e69,1e83ac51377aef08f8a08acf348a2e4e13108f93
1e83ac51377aef08f8a08acf348a2e4e13108f93,b09e6977b900c40a7d8d301b99602b76fffb9906
b09e6977b900c40a7d8d301b99602b76fffb9906,b702eb8738072215f2f540fcb3dac90173b3d5c8
b702eb8738072215f2f540fcb3dac90173b3d5c8,fae3588f42471adba28088ac79604f2b26ceb77a
c28d469f5ba95b13114a148cf3b47f58857dfeb0,20619ea9017be07c4467e64517ae0ea980712e7d
b960f71586f65de9b1d85ef715949aa5e172c6b3,8135f470e445fa98ab2d5ebca234f164e2f38138
abd773b5a5da257ec95da61935486d8d74a95fa6,bbf0b4bfbe347fa82fe3f6ca38a4028cdd2230cc
f01cedca146f01b084354a78c2e3784990f4a222,bbdc8e80385a08a6b0a3bbf8a2ded92d466936e2
6be7c2103baf82fedc059f5f9fa7fa9f38e5ff8e,d4d9e9e7d7e2e203dca418a4f2f825773698d357
d4d9e9e7d7e2e203dca418a4f2f825773698d357,a8ab92f382ad50b217bb61ffee8c448128c3d00e
e6c44ee0698751243ff52625e8c1f320d32c5ce4,72edca75328e61406756d553a23ca6d7c8a9067e
929dab6cda28ebb623f6e35676faaf4661053959,5837acb2885ec68ec9da2054d46b5c1806e518a7
5837acb2885ec68ec9da2054d46b5c1806e518a7,82ef45c89064bfb3bc1126f00f2756a841b35d7a
82ef45c89064bfb3bc1126f00f2756a841b35d7a,321cde0c8888642005986e109c2643efba96eb9a
321cde0c8888642005986e109c2643efba96eb9a,f41d5dca3c82ebdd128448680edff73c7e631963
cac933309eb74d57f767992c6b1b8bc35ab008ca,5b5451c02ee44c997279344761c7167a6b00ff6c
27bb3365457f678284350bc344a800488bed62e0,65d838aa88beed06dd31a798b6ffe37773c66aef
4b477d79e403cfd3736a4335576cedde220185e2,0e8cfba7134581fef6c3becc8950a448a1358b13
9c307121629c4252ee69a7ceb95553a3528f487a,5e8db161b8283edc24bd840d2f513f3e72387e86
5e8db161b8283edc24bd840d2f513f3e72387e86,756454fb58b470cabb8a7dcc6cf4d2353543d6dd
5f634067daa0236632af22c0a8b15dac310b18a1,aa5e8c60b7ce6a3f8d46d1e2e862a4bc530faa24
aa5e8c60b7ce6a3f8d46d1e2e862a4bc530faa24,9dee83a689f5918b03696dd9e982a84be47f2521
956f45962e1d39d4103eb55f11f49e7ad178ecd8,79017111aa030873f2dc54576e2c768d154b1be5
79017111aa030873f2dc54576e2c768d154b1be5,830278b17b49acf279ccb071448a997070feb68c
ef894d20b3fd82e63ed033c69db6b4735c1ec6a1,f08fd2fee738145efa894199fe47e49a84c96aa1
f08fd2fee738145efa894199fe47e49a84c96aa1,0c5793770be1de8b1a28c3fbaca669cf3bab1e34
0c5793770be1de8b1a28c3fbaca669cf3bab1e34,1b467da11f79a91125b3d2f80b4b499139a14daa
1b467da11f79a91125b3d2f80b4b499139a14daa,dd32a4381462bbba105eb50a6b95b357a0e87c81
bc99825b6001ccf37d98662006abe7d97943edc9,cccf39e7c996fd861758a106d291a526a1fc1c48
253983559b91e2f4bdad4d2eaf6525da93dcbc7f,973de05a0119107fd0caa2b565c25776c41b9fb7
973de05a0119107fd0caa2b565c25776c41b9fb7,1d0d98ba19e8603c24b64bb28d469c342b950100
1d0d98ba19e8603c24b64bb28d469c342b950100,12f4e0d08286c5416c40243d11d3d818b4cdd517
6198343d9b06912ac0d05b5c0d5849ce9c129edb,9a5b411016565d86bb92a65087df91c62da7e1a5
8f298377030394468d56725b3efafcfb85cea745,6e5a1363cc354748c68cb177ecb2d28d2a3e910f
425fac634312dab910d2fc6ae161ed461e16bab3,09baf53dc936f3dd84056440b1be07536a079f51
09baf53dc936f3dd84056440b1be07536a079f51,9667478376590e2ce97b6e134743459b2fef05fd
9667478376590e2ce97b6e134743459b2fef05fd,ae34a6a733e2ca21b6410dc4249538c65b46c3dd
6a0e5313cb60792f17dda103b7e2bf45246a1060,46db1efdfca313e37665dff69c0777d429564015
bd8918bfabd62b22ec4d3a41d63341fa849d0e58,41d79de3a9eba47a8362a25e607ab1e20dd01f5e
41d79de3a9eba47a8362a25e607ab1e20dd01f5e,d0c6ec7009fe69caf679b84676562bef9d40dcd6
d0c6ec7009fe69caf679b84676562bef9d40dcd6,d381fe84c6adf50f2f779d86be206b77d69f8be5
97b163db5f928ea0825356f7eadcf82de7ebd7eb,e7227db41a7e872b79749605e80dc274aa2ee559
e7227db41a7e872b79749605e80dc274aa2ee559,c3098a30cf87b6c17e154e85fe99dbe25a42d569
6cda388c7a1af29d17973f72dfebd98cff626988,806eba3810d4bc0ed02e0060521a779f12d16416
87fb5cce126b76b7f02ccbe8e42ccc413342f784,ed7b216e5fe436756ff61e3a2dfed63aa8836464
ca1fa934ec6f8381f10196b5ab7a18df7b775360,78921da35353c9d875c01acde0dc2c6986810ab5
78921da35353c9d875c01acde0dc2c6986810ab5,7db098fa4912a6d916d7ff9b8f346c315168cda8
c7121ded2fbd719b765f6d4aeb8392b5a2715a58,f5cde39e7550871e6ca1aceb70891a4bf9f01608
f5cde39e7550871e6ca1aceb70891a4bf9f01608,6b5adcc977a205d56bd8fc106ac2e6b3fd1104b4
cb262dadddf4ba5d5cc336c53bfb3db024f3c04d,677677e536ad5e42c3869ed889b4f43bbacf71c4
80c2fb1545af621f4026a0a404ddaabf5a0be218,bab6970f123d05720bcc34da83590d61cb128eb5
347be1cc3c728a8f60d097e1d567faf30f46207e,0c18619769e3b4a975dea01f6e7f189a15639863
a0f9a93dda97366b76f1f27ff3e3d98a56942b06,afa0bd410429d6f63b272f022d32edc65003ff28
afa0bd410429d6f63b272f022d32edc65003ff28,1d3f7824ecdc72d63acd2ece653230ebdff5ae3e
f9576e7a4557aed361955b78a0c9afbaa283f62b,b87ca4ee0500de9e1aa91df522d34b6bc47abe50
4218ff7f36f583e78180aed99fcac6a6f7afdbbc,c188b3fba89190e010ac164b36af81f3821ea726
c188b3fba89190e010ac164b36af81f3821ea726,b92e74d0a64156c2a388b149e569c5a5f7f8e136
b92e74d0a64156c2a388b149e569c5a5f7f8e136,f4cc204138a5ed04b11ea31badaeef88aa5f2eee
0e8f88611fe691c10fd87d97e82e38d3172bf548,33b3dc182580e676837652313f7eb2ed06b8b4ab
33b3dc182580e676837652313f7eb2ed06b8b4ab,c2e0082800d0fd265e8d470677f99300e1c0d48e
3b313b2ae79d96e34165080596da80758a10e0bd,fd32516e0f206639332003811582e7b202fee013
95a7aa6021793bdb540352814bc02489180f0be7,4e23d4a61f58c04c958602ba669ee6f82b302ad5
643266944cd249419e2671348160714fcf7b97a0,62bc930f571eb66f3c9e3739dedfb3b95008c2bd
62bc930f571eb66f3c9e3739dedfb3b95008c2bd,6564bbb4ce4fc23a63d80dd6c59eb3ce33f063a5
6564bbb4ce4fc23a63d80dd6c59eb3ce33f063a5,c71326d4a6898612597d3c647a4256f168818e30
cb82d3c74b38ee322bc044d314d0d164e1f47a04,d9bbb05a16793a566a7b18ecce7f536c25fd0133
d9bbb05a16793a566a7b18ecce7f536c25fd0133,b521f6b24aa48ca65044d3a5a693ad44d929307d
151143deb4eaf6a5e2dce4532659e5ee9e2e4713,1b9f08bead178676c5d0c64abb454f966f29a05f
1b9f08bead178676c5d0c64abb454f966f29a05f,c37ac1c5e6b97dc0c1c1031f4519d8b07786fa5d
c37ac1c5e6b97dc0c1c1031f4519d8b07786fa5d,d538df5fbb13186f7a1d39cc04b56f346ed7f4fc
d059fded52cc14fcb4af802034a68ce96fe6ac8a,9982eb43ddfdb2f112976be390b6912973bd95d0
15b981d05f0d3e81ca10c558575e6c51fa4c21db,9255012c083f39732fc539d1a509b5dca9d8f886
9255012c083f39732fc539d1a509b5dca9d8f886,13f4b8989e799cc90f3ad6abe5dae95058544c4a
34a64efc04115fc5e891932c0242f60b653da392,bdc3973d9028d17ad14fd3a8913ec9fb19551511
4318fc183e66ac8af93d4e1eebda81e24f206755,33fee6d9beaedfac2fd2932d405ba32ae51c0083
33fee6d9beaedfac2fd2932d405ba32ae51c0083,3804998649c410e56252db3e12945e8b4959bf8e
3804998649c410e56252db3e12945e8b4959bf8e,de6bd1b4694dc7b04c9626e39fd494965f230b7c
de6bd1b4694dc7b04c9626e39fd494965f230b7c,bd72e80e946ab3a9da6584c361732868489b2740
f37789c87f513958910039ce515e694a0aeac369,5510a13f6ce2b3909aced8e1ae6a23fea4484862
e05c2aac5f8a34b8a49023dd08d3bdfa6340af79,d63e9b64ce48fd23ff788d74aa0c9f5c7e6ff7f6
d63e9b64ce48fd23ff788d74aa0c9f5c7e6ff7f6,e1ae058afbf366b796c7a73a65497dbd98255b3f
a1b6aa5f5ae6cf52a72b4b27ee7e4dce22860d41,065ae2e4c413ccc9565663f20c4d9b8ed52a7f54
e65d11240a6febcd569ad44a61e2374eb00b9ba6,2b47932f8e91d8f6497ef35ef941a884f4bc5291
8364983545157e3edfe019c636bc82d98b153ea3,31cac4783b2cba2836e7bf2b4a593a3085930da6
31cac4783b2cba2836e7bf2b4a593a3085930da6,8a53350412b7c994ec691ef57cc06eb08a6c6588
e169bd60e4e4389e21cde90b01119f62d1b05169,cd8b504568a7da3c0649347e2bcec4e3a4e79143
dea8ac2b09b9509575166102e65d923317b5b97f,dbc044e3570170e30b1046474ac7040b1b100b07
dbc044e3570170e30b1046474ac7040b1b100b07,496551c85417a20c36badac6f2f685d4025d0cae
be133473f9d2a1558ad63b085002791dfd5b6ce2,aeba4943883d9df6efde66c892eec38e15284da8
aeba4943883d9df6efde66c892eec38e15284da8,0b5ccffc76fb47c41088692a91165cdd404c234e
a9e8db32869f57c140de5d1458dac47ea4a23e8e,730d84217df6ce116875c4197181206314f7f127
07271ca5bc89aff88957274d2de1a06b28dd070c,4f8f9396906a094626b770fb7cc8eecf03770ffe
4f8f9396906a094626b770fb7cc8eecf03770ffe,b7c0dd5b16fe4a730dbb390851fde63334dba369
2c5a8093b8145b1c2377568f7c1af171ec8c7123,943a8a06e543cc43e04b98ef1cd0666cb04c35f0
e4cd9d2c87b0e6f42366b617de6441f8cd561085,55f7d357270b37bec1483620dcb5c5360b55741b
8397cde6021773163d271196818de2f0b0a00ea5,6914410f383367964279f1ee02e5abced1d79924
f2f83bcae2311bacf198f038436825a1194dfb27,0f948618bab7d36a7ee153f3ad02594b56554e74
0f948618bab7d36a7ee153f3ad02594b56554e74,e3243d267b06bda2d7b2213a8bad70f82171033c
e3243d267b06bda2d7b2213a8bad70f82171033c,679e5d149e7b960d13d49ae7a4c8ab1a82729502
679e5d149e7b960d13d49ae7a4c8ab1a82729502,78a3f42b0a36acf9c67118be80e5a7cea1dda935
938335c46f7e31da71e5c2a45eb3cf1ad51030b5,d1279e865ea73604957d9827b491527d43a6dc13
d1279e865ea73604957d9827b491527d43a6dc13,d8262131d2ee3022dc8f6ff8fbf7a054d9446f41
d8262131d2ee3022dc8f6ff8fbf7a054d9446f41,e57f777c4d5f201e367eed173d02e82a7ddbc59c
960b24a5aab7ae0631bfbfbe0047b4d8600c6012,ebb2e6c942ebf6a82f2538d598a671d412324d4e
ebb2e6c942ebf6a82f2538d598a671d412324d4e,13b002e97f7744758e4bf5956d6434918cc560a7
3f04bb3200fe2093920451749c7e8a43793e671b,d495710303c7716f0a54281b86a7c1c81930c223
76ebdb915d16d7a93bda050f7ff56212ddfefa80,b749e224c9cde85fe46c707bdf77975da921128a
0ba7710f35aa509615243b990bc566242dc8f2e8,7cc5dbeb6a33eb4b20590660600e9466bce9eae0
7cc5dbeb6a33eb4b20590660600e9466bce9eae0,7bebf2bdc3b0b1bf97d21061218ee93f3c158c3a
7bebf2bdc3b0b1bf97d21061218ee93f3c158c3a,a015cd01baae4b6cec5bd638171f9675897fe6ff
a015cd01baae4b6cec5bd638171f9675897fe6ff,2c05415bae3c3b077bad38f3ca56d529046a887b
ccd5f7b8f3c102f58a71dd15253b90b6a118d202,c5af109e5741256a757f2036ab77dda9c4f40941
c5af109e5741256a757f2036ab77dda9c4f40941,91c626eee0c23a51b6e44c92e9c731c079f43e39
91c626eee0c23a51b6e44c92e9c731c079f43e39,9a8bda5b16b0e403cccb5ee2caf76746cec74dd4
5a705a202fd6d10f895145bb625e4c8c9a54e4e3,097762b67a69a0ce44c4303c3031e5058637922a
161a12a1a10336c413e1de234f09260c8cdc931c,92b0bbc0f3eaade82e32fe3b7f8a8f2fc4cceabf
52af9162068a06eed5b84176e987a534f6d9126a,cab6313798765d634e97e3a923c48dfe64367775
d280bdca4187b73047225224ce28c8df6d31872e,3cd8b1ee2d5aac76528dbe627f40fe1c27bf59f6
3cd8b1ee2d5aac76528dbe627f40fe1c27bf59f6,b2871468b7ea737fbeea51048c040d85ae80cbd2
028f9bc96f76ccdb83cb2d3325c617e99bb77489,a4adf892dcb219aac811cd321dc40831a8fa243c
a4adf892dcb219aac811cd321dc40831a8fa243c,881df8bde7bfc90e3a349c420d0b0b7d46237d59
c8906ce810f962f68dc9a7685e8fc8d3eeea877f,0b9b308ca586432ebb05bf0a694a7c6c2ec2d9bd
0b9b308ca586432ebb05bf0a694a7c6c2ec2d9bd,28c2ac7a438e9071054485bcbfcb16ff8f638808
28c2ac7a438e9071054485bcbfcb16ff8f638808,1eeb225c67f1131f948c5f129f5c2e56a4c2c6b7
58b95b7e50cbda474a3f7a23408cf64c2180f5f0,913025ac3f10f64e4db3721cb3d1d7871f235b90
913025ac3f10f64e4db3721cb3d1d7871f235b90,5195e55c102e537be6c00579df8f464ecd90b5ff
2eb62a3b2f2d345aa7b4625306331f68a7bc0fd5,1bff80459d89e93de3d48ea155c2abcc70540fc7
1bff80459d89e93de3d48ea155c2abcc70540fc7,827388b4fef0e7f466f96882d3aaed1cd85cfc2f
63ec6fffe3e91813969c92b2a6abf9615fe431a2,6e29848608121724f9ed4383f95970b0b9e7871e
f89e372bdaa03adec9ab8b04d167e97b00576e4b,5e82689c79103d3508c233272773a2898d516086
5e82689c79103d3508c233272773a2898d516086,329b1d3e7b32bd72a4db2d122ef0e325c5725741
329b1d3e7b32bd72a4db2d122ef0e325c5725741,0cee311be59ca09cd29a66c344cd06fb304e9ddd
97b6b4626872c1a448ac579e1675d16ef17b7c29,70d531ff4c1ae3980615cee07a948fe49b1bc7cf
d122b1dbdcd48ea7cf7aa3c33b392e5ab87066e0,e690f0878e7ccae4bc50c84e022e94b9b59f6dcf
e038f114cbfb6460328513e0339abffb95c13d51,c59db275dc77b8fff65c4e372455551e68a68058
c59db275dc77b8fff65c4e372455551e68a68058,7ac9faf0310a28dd17fa66d0c4a9dce57a9e6377
7ac9faf0310a28dd17fa66d0c4a9dce57a9e6377,7bd635c21c784e984afe4835334086c3d7c63dba
113921c6c5d34c12de16d1ef0f83b6bc39097521,5a2d78765a8b2cb5e0526efb50fd548d0d3bf98b
908f6edb724a1a0e5f96cb19d509873f7daaaf77,e5fff9ccd06165c59d9dfc6126bc4b806ceb14b6
e5fff9ccd06165c59d9dfc6126bc4b806ceb14b6,8aebba2c35007b848aceed2f8ae55fd7b4888ab6
3a00e580d67c04f3fc13c02d5042d29ad0d96715,ff204775214b12a11a900e36c8d4db5645d4960b
dc72ae00a3149b828eeac750f3f529925ee1da13,e3c5e1d3cda397eb9cc19a1d1b8f7582d9ebb16d
e3c5e1d3cda397eb9cc19a1d1b8f7582d9ebb16d,dca98559d58b24627a8da543a688549b7c91b459
dac67645757366930b9cbf933c78030c07461743,a913c37560f58ebe811a3b176203118a339d69f8
527c35a856f003b9df8533307804fea1fe734322,853a6bbb76e1cf146d85bc4ed1acbfffd67dea13
853a6bbb76e1cf146d85bc4ed1acbfffd67dea13,1f4ecd07857c9ac39b882ab79ce951e7fc8f764d
ba56a6746bbaeb6ba1201f53d9a126a166973499,e2fcab52b9075826c4a22cc5e8b1502b95d043b8
296d929904735690af85e4af71a5ddbdbf8e7885,0a465b6216065b06782f4637e57b4e22eca0fbb7
ddc7697072083be76b58e7ea474e1121f2212568,9c4860ce964a4eb2e22eedc21f21d406c596a82f
bf9cc4a5e7903ada2e819a63fe2da011f292a143,d5e9d9abc8c8f554d660801ddc14bf6f32c9db45
55e78cc10660b2e1d94a5c2159e6e75d7cf6c0ba,b99c37e3d0f451ab36ca77fc53ca09947faff112
c5fc921620c2604c320305c37cbea6fae97597e0,76fdbe92be013eacbc1f8c12a2777f685b2b6fef
87aeab3672bbed83070f02b08359513ba0085d4d,75859a9d58ff761ae6333f00c67433c8451e7ddf
dbb1ed0aaaab29e5bde18a51dc9061f1b38dd2c5,a89c97a3e370bb9febcaef1db1cb196b06231135
d2972362c58fed9ed8facfa54e1a8a254ddb8f36,30ee8e2203267d3ea86ca2a51472738d98d05cd5
30ee8e2203267d3ea86ca2a51472738d98d05cd5,c6a24f28c592eba122c29a4156e901a8c5e4b321
29e3877a448e9cb37e058c0a1e10e47a61676b18,3aacec4e1746d2446a50bc8660f659e46a296ea2
c8c895bbc5a291653fe6f7555ac9f225534d3622,794d0bccf93b006b388a565aabc523ab34920a8c
794d0bccf93b006b388a565aabc523ab34920a8c,ab671a36708a14017e2ccc62f72c9f7628628737
ab671a36708a14017e2ccc62f72c9f7628628737,6b53cabe036a907a117e3530719befef2c417ae1
a25aba26b5e9b32692a2f1457f8cdf6f0a9bd952,52aa5c456f05912e7c1aa057c93baa617ee626cf
4bc4230df6294c62667fc3779328019a28912147,5da8b9cdedf94100379565e0a7b9f69ddbe4ee9d
5da8b9cdedf94100379565e0a7b9f69ddbe4ee9d,d14731f16c70b72263ee8f21de6639b01341c510
d14731f16c70b72263ee8f21de6639b01341c510,8b2f299fc5e8e9c0d5c36049f5a8c46f8b31e275
8b2f299fc5e8e9c0d5c36049f5a8c46f8b31e275,3e4c1b57148a614b72aa2342da325605e9ea6897
e00dba322badd4b080475801889c8fc0dd7d4639,1736ea1e705838e8ededb8cf802572e434ba58f4
1736ea1e705838e8ededb8cf802572e434ba58f4,5bfee873c8ab26b453cde59eaee4eca5b5a9eb7b
5bfee873c8ab26b453cde59eaee4eca5b5a9eb7b,f2af9f78064f60849d9c0c505f83d2cfb2cb1daa
f2af9f78064f60849d9c0c505f83d2cfb2cb1daa,0af5e5f5593bfbc3f4794e0ebfe8ed9ad3b340d4
2f7e40476f1f91ecc579a0885156eec5be9b5d18,664cbcfc011695970821287ed156b62bc27c272c
52889203acb968feff3c9b8d5db12638cb86d6e9,30cd121cfef342aa2490e8c3a81b4659e9e7606b
30cd121cfef342aa2490e8c3a81b4659e9e7606b,44b639951b0535de7e526a6542ea8a1afe602da2
8b4e726be28f54eba874df9d960209256ede4cc5,c83156d0e07589cb8f8050bbeebe03490dc2e639
95435de4526b609ee904b7a27478cec2e32f8fe8,8aad3a2f58b234f07b2df0f00db10865e33b7100
fb5ea74bba210cce034a7ae8bc63b1e81a252fc1,73ed6ed5cbe8e0c5bfd19b266c29b7d5ebae01a2
73ed6ed5cbe8e0c5bfd19b266c29b7d5ebae01a2,e899692654951525c15cf96a7414dfe661025624
e899692654951525c15cf96a7414dfe661025624,0b9cd4e5370ac03347e70a2ff9b85852b002ddc4
0b9cd4e5370ac03347e70a2ff9b85852b002ddc4,6b1a0bff54aec7476778c8dfc2d130adbdd2f251
9af8f11086ff2cbfdabccc34c39b7df6be8e23db,b3f7b28f13d31484707e1c57cf8caa21fb4f7994
b3f7b28f13d31484707e1c57cf8caa21fb4f7994,4680940146b3d076fa90e7c50be21dfc4d11b04b
31bc2435d7968fdf8d1f0c5c67f0f851c1bef54e,9cb7ca744b9b4289fc0cd262ff6062391fe65cfd
7c3919ce4d9f3c1413e835256ff726b9ad0a7657,0b7a570afd5473d738e2c820520686aac9a63199
223744da9fb4ce6c8f3851c659e373f26cbf6242,1a2791d4223ff1d18400432ef5d020ce6910aa4a
1a2791d4223ff1d18400432ef5d020ce6910aa4a,a82a411d604ca4606cab4ae3bc8cfad9a5ea2377
a82a411d604ca4606cab4ae3bc8cfad9a5ea2377,c0ac53b7578b74dca8a10d12855f068499d82f0e
c0ac53b7578b74dca8a10d12855f068499d82f0e,4169b1e2fa7cdeb0b0ea48dbada4d353a17c3e70
35fde4e216088f301a6799d425fb9669318c6360,465f267c7d9735066d4a1aec1168b2c7d8d0b1e5
3496a473c73156fb02edf7dd8a1b1617a76a1b60,aacf5920402f374069af0c80e37d4d251f418d35
aacf5920402f374069af0c80e37d4d251f418d35,6b8d2babaaca420d20aab52bfe5f42cf5e382f1d
58a60707b4254238377344764f3ab6d038c7820b,8bad7bc91105616dfcc23ce1d68fba12f328a2a3
8bad7bc91105616dfcc23ce1d68fba12f328a2a3,1c3ef841e63ee3e8ec75786314ddb441de42c567
2f439eff0d2f9272aad00a13669ac54c1d00a216,c18634b42a07ea5570c94c379d4aecfe312c84c7
191647c970308704187edd03d125bfb8645dc3c3,80175f3628b5e69959be37572c6bfbe1f0569b98
80175f3628b5e69959be37572c6bfbe1f0569b98,8d7e0b86f395cfacf98e2df7b5edc72a1a82e5f7
4d22b31d0d0fc467926507b9f183b7ff41dc275a,43308d1b24c5d1163c44b8fa786d1b27e000c64e
43308d1b24c5d1163c44b8fa786d1b27e000c64e,13a5c7d676167b415080de5e6e6a74bea095b239
60ef8cc733dea4eff2c89c2cdecb09757657457a,f05bdb732f615ab7c8274c143d442f0a0db10135
f05bdb732f615ab7c8274c143d442f0a0db10135,d0baf0f156800d66da06baa157a1b586e951f2c3
d0baf0f156800d66da06baa157a1b586e951f2c3,771b0d3d92918bf3bee12aafc5f784eca8f98041
771b0d3d92918bf3bee12aafc5f784eca8f98041,1155de82b93434324a963fff24c410031efa1185
1ee9737cf5462a7867bc25db5ed558d525283f2b,61b45340e78a66af132d975ba063fae691db25a0
61b45340e78a66af132d975ba063fae691db25a0,f11b3ae31347793742121ebc669f17724bd33813
f11b3ae31347793742121ebc669f17724bd33813,dcc00beaf038a243abf8ab93f81f6013b264996e
502570706a09f9bae1c04486f5dd9e5d8a765c37,c314f5a909ccfe00bb721beea3d868c294e95683
7bef40bb11fd4bd6fa07cb4b47ef1edd0c11b07c,b076567591f13635b1411526c67a2cab01329e44
b076567591f13635b1411526c67a2cab01329e44,b21da6f3817e173559432222891a891c684f39a9
cb3c682eb4be662dd19128ad0150f2c5280dd799,b4d1ada0045842d1c9f057f3cc9f63d4908f4c18
12ebf0cfab35df065f911b5944afa02220a89801,9ca8fe85eba38e4e7aa5a31284e6ce6d65db6750
9ca8fe85eba38e4e7aa5a31284e6ce6d65db6750,ad7862f03254f41b0519977b00fb3db3d331a0bc
ad7862f03254f41b0519977b00fb3db3d331a0bc,6f0ab55159a12658825832d8bf4fd00793b53807
61bdba37b91edf828409dcf16d1667fc788d43b2,78934db63169bf6bc661b2c63f61f996bea5deff
78934db63169bf6bc661b2c63f61f996bea5deff,b87e2492ccb7811cb07b8fe62c7ec42fc7cc35ce
b87e2492ccb7811cb07b8fe62c7ec42fc7cc35ce,33c5a4dc34123c92960efb02406fb0b56df2d7ea
33c5a4dc34123c92960efb02406fb0b56df2d7ea,b742c6f527f32fd0c6eb96f0a35f9e632a3af6bd
b742c6f527f32fd0c6eb96f0a35f9e632a3af6bd,c3870b611e1c5c287a79271f07011a758ce09a5f
40a925f30a918f35ab011f28b340c127c2227d80,add3a672a61e22573884030b6b25bfd5d9867bcd
add3a672a61e22573884030b6b25bfd5d9867bcd,13928e5b98dd2bc6c1e61546de20d870a9e3d3e9
5b147065a317118413cfee1ea083233af7bf1a8f,ce67660d2fa3003807718bdcb5459cfae97e6d82
7cc8d254e97367082d9d53c3529c5a45f079390e,d8e8e6a780c4e2112ae237d16788e9bcd9f327bf
d8e8e6a780c4e2112ae237d16788e9bcd9f327bf,7da04d95fa4a7b473a9dae4d1ab9d7eba98a9aa9
7da04d95fa4a7b473a9dae4d1ab9d7eba98a9aa9,3f849a368f260caab3288f2ad8fe018d7e903bc3
c8883e34db8b42261617f45bf5e46f616dd5862c,eab9d054733537a21c70aa9afe89d0a552537ecd
aa92db5e4f994a954992fa32eb35baf8c43dfb68,4ddf4f14cd8f75e62e77f01f9bab42ba6377031d
2c2e238c19bb908aa50ec2f9912166a06c36eb2c,ededd3ebf87f0c337e1b2752327b991c218a1c66
f32832ad8e461b1f1b11f3d95111c650740e005e,3ec35590f14c1fb4b7f67c6806abb74ada144bbf
90df33cf1e01e0235e6069715a251e718bc07753,8f0980e9826517246c636e409bbffe4fa07bf28f
a8d50aef0c375374302d050fbe16703d33aaeb86,f9fe4aa086e7458f3c3339c408b3215f34e6ca18
b2d3f333f084012b2cedafc9d6e04ccdc0ee09bd,37c37fd55eaec24094c8e8c162489a97e6d02c59
37c37fd55eaec24094c8e8c162489a97e6d02c59,a74232e10105c18b7197ff29ee1a6d685b1a47b9
a74232e10105c18b7197ff29ee1a6d685b1a47b9,429b4398309454374dbe2432b20c287acd80be9b
429b4398309454374dbe2432b20c287acd80be9b,ab691142b5b925b1de7dbb2cb767cbab5ef940d3
ab691142b5b925b1de7dbb2cb767cbab5ef940d3,3f84d1405e6c07669a28d1fdd1e9a6f7a33b43a5
3f84d1405e6c07669a28d1fdd1e9a6f7a33b43a5,62bb2ad4921016df51abf3922c3fe51113b08939
822be390214690eb763e80a8fe9d278d57db61d8,db697cc7998e758f9532f702d5bf245067796bb8
5921d5ec96465c0b3ce5a3e0207843fabcd339a9,82fb6ebfc9bebcd8793abed77a86e1a3929d868f
9f654a1fb2475d78731b76adf6c83c954df6d232,07908b3846c9f3c602d46e978328b8651c7a8b3c
07908b3846c9f3c602d46e978328b8651c7a8b3c,9cc19e9a8efe642cc847268803bb0eda7b151b0a
046fc533244f28e769b363ff0fa6ca8dcf76b563,9cc6d44682b95d02fc74242b2e51ccbb84329a28
9cc6d44682b95d02fc74242b2e51ccbb84329a28,0a5f0fae7a44f7658f777e5bddfdc1e341819357
0a5f0fae7a44f7658f777e5bddfdc1e341819357,4753901151d1066ec34b45301559b48d8fb62efe
4753901151d1066ec34b45301559b48d8fb62efe,e3b98a1db47d40250f066733c967367b5df8a91c
e3b98a1db47d40250f066733c967367b5df8a91c,31c4efb7f05d9c45e187591af7bf331e72719b71
68784f63c0219aeb2c2d816347c41222fa48cdd4,0b3c5631bd35d4521632cc44b9ce69a9e58f573d
0b3c5631bd35d4521632cc44b9ce69a9e58f573d,362f4a51630390161c3a81929657f698743e7c20
7a2bcd2f6ab470f45eb247f67398408ac88d8cdc,a6154514c1241c2ab1d3c70dc2b9745673ada54e
a6154514c1241c2ab1d3c70dc2b9745673ada54e,7e83fdd2563ffac081db7ecdf1affa65ef38c468
6df783e9b4c1635d6a0037d4935ccf1a42959adb,b718e8e62680c2d7a42f1cf946094e1c0fe28c1d
