af836aed3e92a912d31116503de3595ee2d22b5c,4e628e285251d7662305692909cf70d0d458cb5f
3ad5b80a341207690b1a5f8d4b672075ed3f58a2,b49af41caaea124669228df68876c66007e73175
0f34ce77444bd3bae4ec252b393256f36beec90a,1ab9a2b145e928eb79032aae201b48177275d5f6
28d813d20846145364cb85c4281bfbae1cdc79b6,eef05e8f72274c28ae4b1c7cd3cdaa8b2176e43c
a9d3d573f3ef0b6e2c6ea1b003e06d880135285f,10adbb1c743386c4f64b8b461f74d0cb0d9322b4
9a9853f39f091e781321c92b574ec612e1f62ddb,f04b0ae1acf0cb72ce71103c52abbbc020405c68
accef75539dfbd2ebdeb5ee78b160fb2e2254f11,be01a3d5b4911f1a99132a54e2e28715085f8675
cfe00d5c952e9048a40150390e0025b5ceff7228,85abf7d32a65dccbaa38f9f23415e91e861d83c1
65eac3369b3673f70295b888d793577a82b936ce,1cb0efc7eb9df31ab11228892c1cf0df2f196a3d
a631d6f8108607a4d5b6d40098e7e57e6cddb1d7,313be436ddf82644293ba8bebbbe968c781128a0
40a5e57b78161a900566140018a90a17c3901a7b,6c3092043742ef6cdb0bb83a5cdc735c2ffbf28f
3583ea21f6273c5a431ccd66f5e44fe290ad362b,044f69ebf34bda772d079329eced804f0f67bf0f
a45f3a81e1d0e4a8ae20268170189b9e6d2f2347,d80bc5fa710080c545bf137969d2f914aa10f195
397262729f60f0d0135ed3e67e36280f0a6b3cde,8fa421deeb08b4004b9c7c5ab66ab43b08b8ccbd
9b655a7599b41f90811cbc6a451526f14c752ef9,f6812197c7d99815b97957d8cfb359ce1b15ee58
24c24dbb68e36ea37114626f7d5b598033ece619,b9965a082f755cd53ebec36db08eb6a27744027e
b9965a082f755cd53ebec36db08eb6a27744027e,9f57a6872b2e3c777967b0e63f7b1da172fdc637
5eb1fceff259a75a58a2c4be5c860ec56733797f,3bb15d2529cd55d308e6d8a2842377ae2d54ecf7
14b5a78e5f8a37e90c647c27677a84fdb3ba85a0,3de5578b78e9c7cf78ecb95987fdf27250900e27
c5284775fa929fb04729396b75eaa72875a3b42a,575ae48105a34c9762f22fe66dd47b8d2c9606d4
73a0c3b76278aeac8bfd2337703ce81ab166b66b,711aa9f8252e9b41e8d033a7d566be95a884a3b7
d8be52e952ddbbd70eb96be0e6bd13ca9ca0d90a,a16d2bf02193b3b72e39f4c6f6566f2ca7a072d0
97ba19733ffab9b9dc6b0b10e486e1e4976a3340,17a9af15993890c3d93c393d92dc4e5b69a9e592
5f8882e037367ccc489e31ef823cbd530f65f3ef,c008d8e7bb57226c80c6b5e8a1b90137ed3b8faf
c008d8e7bb57226c80c6b5e8a1b90137ed3b8faf,1ffa744dfd2f91e555b81c99a506e859391f2708
72c99eaca01e04fab12d5f93e5b601962bfa89ee,dbc853b098aa312c49a2ed3549dc496ca8e04ac4
72c99eaca01e04fab12d5f93e5b601962bfa89ee,5005d96f5b41b3e13e5e008d849fc27ad1fe6d36
ef4937f3c907749a9b8689706070b35a819722d6,73055eab97d1b768f8a7d9c8d70f618c2ec17250
22cd0387fae05519aaa74cbf2eb850c939590a8e,fdded351f3c50236a1e43194df5dd8c6dbe92084
ca633b1db86348ea1f23034f1d26f059e956c556,f3c4c512b4de3cc5912fc4bdde7ac41dbeac9ff5
10ca557bee66ea9b3c7053e7bf3e4cd4dfe39166,6819e9ebf3aafb54c5622d6690a7bc04fbcde65f
dfaabaa769e7156355b133fb9792c6657dc1d8d4,226b0d366424450602975f076d965547c19d907f
bba7386092b60649978efff417b452709b6273fa,f67637303e932abf9fb16f5e98c9f8b18a8f4656
b9203d18944b7f8894db44fee25e0106665574e6,c4734ba30968c14ea774170d6251eb1197ea5727
e9f0893716fbea2eae2333d6899882d73804cdf7,6231668b9ba72956dd5549f88c9ef90b8a330a6d
6231668b9ba72956dd5549f88c9ef90b8a330a6d,99558be12d495f872bba8d06481aacd3d627e5d6
a9f8d0244d04a87ddee0e5c354aa6e28983ed44a,2c261e89e2a20c4636b05355ca7c8fe2d6141836
876d1967fb4bad250644e6252e476d890f2ec502,447f477cc409f12d17af184f51b77e10dadec79f
447f477cc409f12d17af184f51b77e10dadec79f,18b71dd8c22258b92613ac1593e1d357a7acbbe6
ff644181d9bee35979a84671690d8cd1aa1971fa,693956de3da6d3703c338a3e88138846d9dd4f9f
693956de3da6d3703c338a3e88138846d9dd4f9f,12445543bac7dbe5301ea3842724809941bf3878
12445543bac7dbe5301ea3842724809941bf3878,d0874deef243744e9ef263bd778d09b4fae60b7a
cadc0831f652a3ecb7e21bc9d3016e95b234da5f,11832deee0067e1db2660ff1f61e5d4e979adf27
8a8a918a32102f7ce7724b77ccfeaeaf315b20f4,4cf55740a8e91b7f88f36362ed11968fc4d0f671
12588ffb6902bfc2530621f5c5508edd8bd820fe,fdfb7dcd10ab3e84ecfa7f0f10a87581d64dc3c4
