ea790c06242038330eac16678d44eedb174b1d44,29aa8ed8887a83fe40091623a610dd21dc4ad1ba
29aa8ed8887a83fe40091623a610dd21dc4ad1ba,be862a53f6e588060935da5268383b87cb83b1ac
b2be3a37bba5dfcf42ed3c7d2a32ede1e9f7237e,23e6de4c2dfe7e938613b2e76617d88ddf73d6b7
87d496104f1a279df461be92a7f5ecbba489a1e7,042604a60a79f25dbcd2239dc7eaa2e98f340171
e931ec5c2d3806ae0eb95b8a529099c4df8fa21b,2bac9b977269ba08c7cef111283b2825a8a9fc38
27390b9ecb1e453fa1f5c3b1f4d8cc69fe27bfdb,30cebf3819452fc5d658b7fd5271dc964df052a8
5935cf4dab312a861d9b5d5975f5c2935cc953b8,5dac3ff64d08aa3620cb767ea8dc9793c330458f
1e081c7fd515b8ae2bf4cca332e15c73775bff96,5977dc62a3be7b2e8a779e4e06051413d70780fd
5ea7fa08ebe3414a9b5aa628a8145e110602d563,ef08d3dce5bfb6b717cdfdad44bd8b2a8fa11fea
6c6f05a8df7169e9017ca2f0abb9ac4aa9b59161,d275b82a1a1905a64d457e94540a0ce0a0be3397
688f007183eaf1b0516dcf123d0d5d9f65ec7b4e,291091e4ca8112b82dbf8622ef3abceebe868ef3
66e7f4e86d394db084ce02e9fb1f1c48a9ca4438,c742a94a8af27d1076c94c97415fb5ed010dba1e
057cfb5c55636de6e458041f94b680487dc62876,7705fc31bdb8e76309b3b65b20f26a362b6969aa
b368da27d7f834179152ae4ede94e4c13178a641,65d5a270345dcbe4529c66394fee6df969f374bd
68c0ed5579b1af72eb0946b2759746666c6c7082,5ec1943b634db9b087dca264be465a8662a80408
6755c8bcce4917431573beff15e8aafb2530b2ad,2af11437855256cf8bdb37dcd86497aa2ed7eb2c
8f93601d05abe00c833663df541200114dbf3ad1,8d19c423cd099fccad9b9dfa0403ab9f899015fe
69848aa1348ec3e3c0897ebb5fd710c9d6c426d3,ce2ec0d2ff76d950cf0142d614f62cdc44ec73c2
