5a655ab87d6834def174713e891cb1b5bf0a7081,7128bfe1ac13c1172bd76b0307c6ca1febb8b661
7128bfe1ac13c1172bd76b0307c6ca1febb8b661,8f0cbe55ddc9ba81500cfc464a82da6f8867f978
8f0cbe55ddc9ba81500cfc464a82da6f8867f978,ed6926aa0937354c6bb7a351185dffda72db2735
e41157eed51984d4fe6e2e21fe4812073d3a5545,c5581cc5698e05ac9d3246ebd3a8e34ec8224f0e
2af6dd11839781a304be13168e52bcbd28452bb8,97539d6be7c6ee16b8aa3170c88895526d033a7b
0aba04e7e0bb743fce778525c8d4263790adf994,2e8f294fcd16b29a8353308706b51fdc88287457
5139b0b3acfaf918956a46d147704a7437a00491,ac22901faaced730724c437aa2bea5dd3bfd3847
4c49c323c77f82771e83eba682a89dc67a906e20,498f0e98f51052fb40b0441cc3f943fc1f956407
a074b71282190aa777b937594f449292bfdf28e4,b2330e8a0a07a504722d035ea80ba5e63469668a
665a22edd2db45c404ccaa0abb1b621656c0f592,ef6ca8fa475b49c6f4f4e89e3dc4288e82e94701
ef6ca8fa475b49c6f4f4e89e3dc4288e82e94701,defb4ad5e308ca06da731bebda2ac38a16785d0f
0a0d32b5a8ab9de267b3cdbd9c71ade7f3f0453c,4f1d2a611e9e9eb2c1f82105b7dfc5285ff87ca8
4f1d2a611e9e9eb2c1f82105b7dfc5285ff87ca8,9760d85fb103a10a4909f3edb2d1b077d9b1d91a
62c68120a7f903848233456f684436873cd6f37c,53929814c4045137c1581425abdfb8f96ab1fb4e
c546b4eea87cd65bcd1ac2d249ecf18ae0e4ac4a,ed67c8e15322b711676092035a72b34cb1b8c19d
ed67c8e15322b711676092035a72b34cb1b8c19d,71683f0f7dcc9c18faf9492f4f772af496e37a44
82f079d169c41e697ef5abe4ce002ab874f93bcc,abf6158223d2a74f8a2e4385ba3e3c77b4d897dc
f3b08bfe425d6cb7210b64b6385c41647fb7f630,ed16cc49135549350da5d412684d4f4d09db04dd
ed16cc49135549350da5d412684d4f4d09db04dd,d2dd5f7eb328163b1a583c021e0d8a70f71c269c
daf30bd3cc78ed37ea4f0fbe6e5c71cf56e00576,5e1e4268aff8aa48eb57f114dad3d90c3cb4b52e
5e1e4268aff8aa48eb57f114dad3d90c3cb4b52e,d75e32b6ae0dcedd3b4892718bb66a063c066925
22adb8b577b45e1ef4b881240813992bd34f547e,56f93b98822781dcbf01f8aaee334b8a5b981b5a
56f93b98822781dcbf01f8aaee334b8a5b981b5a,f311b8c62fc99b3e301e531bf76f58df0bf257ff
8f1e01e3623abb3a5c7c45af58bb5a937b7a6c29,adc2c5c405fdcf8468528f4db4edc88d916e7dd2
1eb83462f6ef45f014c313011701ca0d2c35bd88,a0413f4a0894e755ea57314b185579038c5dfd24
a0413f4a0894e755ea57314b185579038c5dfd24,4d2b2898fd391a3ef9c211de2a2dcb479dc95a11
4d2b2898fd391a3ef9c211de2a2dcb479dc95a11,4274f7cfe2706d934a383e5d775cf6d95ce41bcd
5777749a141ab6eb1d88ad004b3679480c5162b7,7b8d2a5e51a7df14fec19b4d37d841a0f7b03876
d0134c532b3dc5dd4ed031592d0195f980e2c045,4b6b98f9e0eb428d61b7570f270a55f5c82a8062
4b6b98f9e0eb428d61b7570f270a55f5c82a8062,4ae5203fb63c8d4fbe9dc898bac5d2da2d15a258
4ae5203fb63c8d4fbe9dc898bac5d2da2d15a258,bc52939946d26c6a64e0a593345374ab249d6067
bc52939946d26c6a64e0a593345374ab249d6067,55556a17895c547fd97dcfa904e1e4e865d066e6
55556a17895c547fd97dcfa904e1e4e865d066e6,b46013c0e218d1b33714b3ad80d09070eb9df1e1
285b4dae730cdb345d3290e3692e2ea0f6ebd5f5,1f8c04f96044f06c6f7a38680a17dbfb73779424
cf5a72a0cdc8a2713ea6e46a307c1658f17831fe,3aca1d690e5a2846bd344854199268e7231407b6
11e9c52efb7c940a104f0fe43e9f9c6935dbf7f3,933eaffc6007594133f92ae8cbda85ff057f2d2b
933eaffc6007594133f92ae8cbda85ff057f2d2b,857027624d182aa6e5f4ca7b47fa1d876c034f64
3aca1d690e5a2846bd344854199268e7231407b6,5b13186606ec1fdfc3823ed18f2c38dffb929c7c
f4d31c897d47616c8c60595842d07e29f1d59ed2,b9943e6c6f12f69cb494994c6eba078a12a45f07
3e3e8cc24b827b76e4da84b04bbc3dcf76a91e58,2305fa2dd0b801490bb419911bad5012e07918d4
791d2ad64c063fdb3388cf6c654d7e5d01b5bd43,a3e76e1be1f9e015174d4fe6817837bc842acf17
91eaa3502dfc1b95635d6966d987d2d3543ffe11,c4eaf97f3c8cc5dc2bf95eef73759e27130e22b9
9d30d432ac0d605639fc6f9f00f737b6046380d0,39035728cfda08da4a42e99d68ba882a8e73239d
1f2a5d7f7d8d1d7f50614b6b87910b69837b67fb,a5cb90350452c7cda699ee2dbfcfe929f2efa8fc
54b117a85793e07927313e5431d3dcbc632a2837,53b16415fcf8b67b393d4f3401ba91b543fbae06
39035728cfda08da4a42e99d68ba882a8e73239d,01368d81379e869c93e9ce3b345a0412969600ad
bd9730e5b0e895242c4ee4ed2d44969e0a524c4d,48cfbade91076356db129f7675e4a57d5c8ef797
48cfbade91076356db129f7675e4a57d5c8ef797,70c39536b59f5f11ac3555f9727bc7e1d90d3e8f
4e135126cbdd7908b32f40181c49011486bb9cca,37013d17efd7f1515f4951fa5bea4e344805e21f
f800884fa954d3ff6bd49d110540935bce5ce1e7,4228201b07d995d58149d45df249867e86519236
4228201b07d995d58149d45df249867e86519236,ae7e01a964ac71254082903a55a05a383021e629
ad233e9c9623ebbb5c9982ec47a090795191fd0a,23054b5d4e107b04a0c1acd5625b04a6791cb644
e907f264c796ef2cb8832294c31353ccec52cb74,1fe8584001c1d4aea04e736b48aa6c0e85aca23e
1fe8584001c1d4aea04e736b48aa6c0e85aca23e,4e2d5e790151ec73c4f30836ca8306a0ed25c6f0
2ac10dd68735fcfe1fc8c53e2a322d5512334314,69b3e1f796404fa5f4758deb5d456593b4b3b3f0
69b3e1f796404fa5f4758deb5d456593b4b3b3f0,6c16b84b2379e27fc1233acfdb4be5fea0115cb3
b7cce87572fb47f4fcf9c19a9fbf9279db7cc8c9,048ea9351655c7cc6e2184aa418b1b078cdbd884
cdaaeb261d98b2841295cccfe1bc811486fe9d58,d7b6bdad2a8693552a651b9aca0ca0b9837d7c2e
332230a18c24c984fc6f7fdbda5712192dce0857,a003c5733628cfd26fc977034c4bd6c782b8cf85
fdc636fd96ab3526a9e547b903bf352a31de4e0e,f6172fc21c38e03836b06d5482aa2cd5d96abdab
f6172fc21c38e03836b06d5482aa2cd5d96abdab,fe55349270b57fad31a94ee579644be1af1ff11a
fe55349270b57fad31a94ee579644be1af1ff11a,ddb452c284332bc52426fe4c9af15ecd699e1a30
0a5f20cd8f12a583987a6d2bdc1e446159c955d2,e3128b4e0724a7b6f43b243621f007981b989ba5
e3128b4e0724a7b6f43b243621f007981b989ba5,ac58a3f9dac9a1aa3061a7e04248028c1e59086c
d0a7ea66360ba7924bc71836ecf19f8b7a78f05d,cd0137bf38b55549743aff6c6305281094706eb1
bf5fd6b4505bdc5d8b8082bf44db7b18d471edec,cb4b6584b09135bbf5d0ae7365df699e92fe1d98
cb4b6584b09135bbf5d0ae7365df699e92fe1d98,adfa0533d891f4f9186fe9a64f1dd379531ebcd2
adfa0533d891f4f9186fe9a64f1dd379531ebcd2,960b987b98d7b3425ec884376e668fc320120659
27ae8bce0ffff51bc1e0a84cb2dfc35e9af72242,03d1e04e0c62bc60d41377b3fe93df0bc4aab2e6
03d1e04e0c62bc60d41377b3fe93df0bc4aab2e6,73287fb8087d4aec8bfc0dead721d80e582408d9
27ae8bce0ffff51bc1e0a84cb2dfc35e9af72242,6b63b8c20c560bff09f20e4e79d539da019e7e82
e6f51f19158974c70db5b528dc2052ce8b3244e3,c8791c829a8e0a027a66016a748d96c3f1947025
8597806a96a64d43db3f98b3a3b110669b856bdf,dc3b3fdd9664651bd6f2175d5256a691b4d95c79
2001a0afa47675a8aaea19f416cc0602472881d3,6b908b00efb7362ebb8b04de55195b9fe5272d7a
b64eaab647d5b7ef2987cad127eb6d697e6916bd,46a8a68bf0673bc0db0798fbe97c736d51021c4e
46a8a68bf0673bc0db0798fbe97c736d51021c4e,8f38b89056daab56dba8789afe8e58e8e610bab2
8f38b89056daab56dba8789afe8e58e8e610bab2,e4cc5e2d11550ac590940b19f5d1c8f90f764225
e4cc5e2d11550ac590940b19f5d1c8f90f764225,babafad53e30a4c2339f21098b57a0c9b69dafe5
8f38b89056daab56dba8789afe8e58e8e610bab2,8738ef9e80a0e9b4c10551196b7be530ada06c2c
882c8f95fae97075c1bc9f64bd5a018ca172b8db,bae27b6ffc62f90e7d83085b02e8933c82991db2
5eff73c1a5d4c8e2c448db4c1bf89b10563f849c,e0e90f33458de51b1e3146544ff92224006df229
adb58394be6f43247ef765f64f945bf6b0ac33ce,81f2ce4425016248a08a1486f408e8e6b32210cc
81f2ce4425016248a08a1486f408e8e6b32210cc,ba5f6439a432b0dc2cba20585550f4b86d76e812
b00347367f482b95c44029d011e3f75f2fa9f4b2,a159e901b83d25a3cd5da8586feae0eabf3631fd
32ae16228736064385c129df1a7ab6b2395cf389,5a6b32b3aa306b824e29e034336b8e4808f0cf3d
5a6b32b3aa306b824e29e034336b8e4808f0cf3d,1c12f87b2e3909ccec9284c187c3f5ef6af9ec22
3923b6d3c53884bdb35764b07f6e994f937a476d,382a48279a11397d1322469fa2f02812b1961aba
f826ff49c6acc054379380a57bc4a14f7c49c992,27dd05d886aa6e42e2235e4b39ce4362e48f0452
e9af0b77d6817651273eb8c037bceb4da5c334d5,eb056fc70e270034aca94bc9420f14de2993a323
aa566309a2c78054233a9910ceedab48edf3f4f9,3002d3d7182880903b5bf108ca423a9cfd975d38
aa566309a2c78054233a9910ceedab48edf3f4f9,a0d409d3ce6f192a9f4c966a03c16dd5a467c97e
07f32447ef80d012a274623be5ebca4af03ceb25,07b2152ac48323e7a6c85ce018186a1e85876956
07b2152ac48323e7a6c85ce018186a1e85876956,70d0da174b2afbcc130615e18f2ee1bc8764781f
70d0da174b2afbcc130615e18f2ee1bc8764781f,b5b0037ab30ec2b5601fac753f49644d516acdc2
709c5a253c603fa1ec0339af773ae73fd8ba164d,3b5b68f17aa90a749717ce0fb60e597ca33189b4
02efbc5d04d01941e11058aded7a8931235b0ca0,bb5fcc9e6fcbe5a8153d1ef374f00056f05df32f
440e4e280ae11681232f1d56f9dcc23fba8627b0,ab17901b2d54270d74979ecf821eb894d7c8fa15
300dda087559932d28897f3fefe672ff0c18d711,b00a0119dbe9da97674287df93ca49f68ad43a54
3b21bc205cf12083fa982bfa50e7c85e0ee5e894,4728da34b3c27a94950e212f946c53ca5c29d358
08018c7ede5793c6b1f8c7680f3247059a19ee2d,ed415eb759742307e5e92c4c821a6d370ebf4fe4
ed415eb759742307e5e92c4c821a6d370ebf4fe4,15b798d724cb64c3981c1ba53809fa4e29032d19
362a8b77f95a25bb5542843d5ee4d33cc33b5fd2,2e28a367aeb65b8c908a1a90b2f128296bad8f99
6da6847683cd63e021d7be1e6b36ace2a32252df,3128b7d2294ae7bc8b98cbc85d0d5c48d8c9d718
4fab04ef3513164375a42694153fe024dc9dd1e2,7f11770d6ef8112dd173163999a43116806b6642
c73034a5cc91620d9f9d0ee3aa576e34f1fcd7f3,1032b3269345abcced33c91198665a651676f8c6
7f11770d6ef8112dd173163999a43116806b6642,bf8ac02b66ac1f09b7bf9798b9b4e5c1d9eee0e6
bf8ac02b66ac1f09b7bf9798b9b4e5c1d9eee0e6,5dd7f0e3fc8f49078f45547f5b0a8c84f8249e60
ff699cae80c20289f2ecc866b54d192163c31d3b,f1ce05d659ab636d0997f26e892bca6beda984f6
ef0ef95f2576a32e33dc0ce4e35b539cc81864ce,bc960622757c59d9312044b50194776dd2257d7c
132da0e8ff5d5c45393ddf2ea914e3c734d0cc23,6b47e3216b843d128f47236be1fe2d2d59e2c7bd
204f49ac3abdb5c631c1c9932b783667b043b6e5,8677aac51602a87beda1eefc9a3b074a5762a13b
febb21c0256ac0b7bbb4a4cfe506af9b11cc959f,401062089d4235eb844c588b3ff4a841cdc30b43
401062089d4235eb844c588b3ff4a841cdc30b43,e3a1f16212db7cbd318b2e96c20b850bca155cc5
749af2f4a220c40f24abd5ee88138a264b658e44,6612114dbf2b024b8dbf43497c01acc435f75a05
8fb3201a4cf44d3308af4fc0dd73cc887326f574,3e0d3c2f9f1ed340c21551697218aa6ee5075403
96fb7ef57040405bf15fa96d16e43c0439339a5e,1ead2c3fb79d6923c07b4081f593bd031850182a
b313dc39c205f80d3345ebcd7d0a691494f23784,22b47fb67b95b08039fa335bed6053d97c7052f9
daceea2e82ebabcb91ea6a0e0923b3131df22e8d,2cb9c9631c61032ae98606e93e51679dbf55b566
2cb9c9631c61032ae98606e93e51679dbf55b566,2e30d00160e9da6d59d7651e031611c40fe7da13
65bc720cfe5d56cb9bb2caab9b93cc894272d76d,11c240684c32fbcf8ed985297f0dd6c273bf067d
5bad2c83ebcbfbd59f669d92e7c62baac9f017a1,8decd5bce1ec4ed9a576f205ffe68dce44662aba
8decd5bce1ec4ed9a576f205ffe68dce44662aba,5d74178b5341a6e2588570149f032a150d0351bb
a4e31206d74158c207f48beb475b47bbc327a5d7,0807ecfa718f41910e65fbb92c7e0101c5d127a5
23e9c3d3a78b737f26617d0afd87744ecbfb7078,656ee4cddc281fa6d254d5cf5937eb3f17f378ad
656ee4cddc281fa6d254d5cf5937eb3f17f378ad,60350f6dba0aa23857d2b5d48d107c31c3be7fac
5f53372778d65f86a862e70ee0566ab2e645a1bb,fb77b501b42b665b3f0886388175ff638bd0fab4
aeb2e3a5e8413ca30051df95eef25ffe27499548,d88b3e33b62e922a462e753f4f35242de2e51155
b60e22eeb30dc064c44b3e0b4413b76dd0c8c14d,cd3a87dced8cfdf42726b037ef66f5bba45b0d93
fb0157e43a7075e9437019e8aed0902c63e205ac,4d5a871dd6ed82aa803297ff876840511a4ceb76
e4747044be1c5ce6467c300bf75646ad7e34bc41,5bcda2030905d596ef32b17cd5fab6d31745bf58
5bcda2030905d596ef32b17cd5fab6d31745bf58,1214d73d3caf95b1d9e7e4bda4675f755fde7596
1282b9e373cc3f37715ae92aa22ce4d9761cb612,0dca541698cc48c979673361158a1332f42d8bea
0dca541698cc48c979673361158a1332f42d8bea,3eb4b0c179349d5a6f7890ee9231d6eadece6ebb
3eb4b0c179349d5a6f7890ee9231d6eadece6ebb,cbadef9530857bf436ac9481e13635f20b53eb39
cbadef9530857bf436ac9481e13635f20b53eb39,9da2e580407d6b6c81d0bd88b06847571b339b64
9da2e580407d6b6c81d0bd88b06847571b339b64,79529046b9dd40bfc9f2b443b6c6727b9323bc60
570d2c98ebdfe53877a7883ab6867687755d91e6,6fae66236ebbc0dc8b3bff1af2a4fd1e8dc242b6
5cf43ce84d617d7b0eb1202d99e0e3df503308a7,c8b1f1e49a1df032b58282d48b1bfd9fd6af599c
c8b1f1e49a1df032b58282d48b1bfd9fd6af599c,bbc4bca4cbe81d7ff1ab124a706d4916f0123d6f
2452d1babf0954f85e9ff234342748f756ff9217,449daf46466e4741231f829c4637dfe2a94c7679
84f602027711826d250bf3c5caa7bae6a2cae508,9d77c0ba516e5f51a015e84681a44be274285ddb
83e3f4dbfeb8982b2fe2a7e4f6cd3a7ecca6c12b,553f1e02c1aae18b323d648de9ec076e24ea9f52
553f1e02c1aae18b323d648de9ec076e24ea9f52,a32435d3ac20ae2134322e5dc13be9a1e7c6d9e0
a32435d3ac20ae2134322e5dc13be9a1e7c6d9e0,05532199b6bdab9de04721693175436bce697e63
05532199b6bdab9de04721693175436bce697e63,8ec67ce532b8a75142c9cd7e731b48161514c67f
8ec67ce532b8a75142c9cd7e731b48161514c67f,5f8f82867ba331f5a52a7cd5a7fe036121774c1b
5f8f82867ba331f5a52a7cd5a7fe036121774c1b,610a921e1c0f2ac5e030e5fffca3dd6e64e485ae
610a921e1c0f2ac5e030e5fffca3dd6e64e485ae,ce8b7049f8504da5a4cc786637d9993686b7fa2e
ce8b7049f8504da5a4cc786637d9993686b7fa2e,68aaaa2609c513d8b392ad44ba852b4e347e34e8
322f4d902d3ac9bf870ff218cd88d4e3d60e1a5a,14e7e239e6aa065ffeba9edf0fd2f0f9fa42b8f2
cb108bf0a2003133788ebf15b26d5f8dd6bf9b74,0b94d420079a56c22671477210fcbff676548fe9
fc3ad7e733324169725e36733451f3e899142d0c,90e0e3ddc63e96e019d63fa766092bdc70a0661f
64ff149da5afc0336ae486de54e48f6d18cea211,71ab99e2df2dd99340dab25a20693a9c390b7243
5b51dc3422dd89e0a6e37064e3cadcf9edc0a045,2294c2f404aeff42bbf12e4732d04c2750fcaf1d
4f9eb2b4b5be3215a383b0247835fb569d992572,f98dabd0050b3390dd62215e3ca92abcbff3a7c3
27163afb316cb8b8efd201b42b046d4433a2207a,7929b5dbc20ea9a9b7651428fe258eafce9c62d7
1fdf680ebe8ebf38b9aab676023d5ce5e25e7466,49cdf676696c170aea8d18b81de9a36b07138b8a
0e1cc36cecba89602e94994e3d9958d89d41857d,a870b66b753d271537a4f0f6be81dc0e7004dae0
a870b66b753d271537a4f0f6be81dc0e7004dae0,a973feb5b0b6b0428edd4db95fa2f1a461c80824
a973feb5b0b6b0428edd4db95fa2f1a461c80824,62d2613d086bccd3c5546c570ad88979c9afbae5
13ecb7d511d878d1019a59dac70ccb0b3b1dff7a,ee7b8a520669bfe112857ccad7e06536a75ddc4c
b79ec202b16097991c53256273360b699c720b1a,ff521ee02837b70b5697400d8deed4ee90d0ca14
1541431171e7b784da146a013fe893225edb5adc,7e0b78b7076be89c1f1dffbbdac4c2885f49e74b
c32b211a52a753737cdac15ace57a8e2742f51cb,5f7a5b48a7ce97ab0030dd4814b1cadb37db9ff9
