d66a4271817bb08366e4440258151a8e43e5c1d0,a1c94eb39b3281df631140b14bad0f1a3518351a
c556aad2f4e1cb4b851467af7c98bea0919ee960,cf5a482f24898c34abdcc44693151cd68103dee6
d3c22178736da2c45abe262bcac71f48a80c93d5,1c53ab5c589eb5d000a6f3f7ac536960999f193b
cef1e59cc5882174e43183b59a730d7164b18277,cbb715e0597c3ad3d8dc10b6ee7a0f3400b56b6a
49bde1334aa91c3a96c353fddb50285b637d31b6,12683b24d8181298821348651dac5d261ab4f6dc
48a68e76c617c01d19e191fa6597a3049e03617b,302eeab7afedddbdf3e9589e5f462002d93daf34
a6b96bbe09f79c31ec0e97c8994da26c10325c13,6b1093faa9bf25adbd4fbe44608ea42991726bb7
b1983fbf286b576e5eb6e74ef124f546f87ec246,e18e970d061fda5dcb0e3341db857b426040e406
fdc684eecb9cb1fab95d316d4e5a58a5b0838147,5ac5c3c1f056b389d3b4a60416bcaa264cf9bdb1
278660cb44e81d13f2a9c07892ea48b720c8a928,54f3f6acade133333d04ddedbcfabde5003dfc9e
21cbc99acb48d7992bb9da59af3dee51d1aa58ac,221029ab3b6e98366881a1400d0263f022cecff3
2bcad02367b29a8860f72077b12abc6d494bdcbe,0acd4400e35cf7921def5162a92fcd5d0f64b806
f6a562ecc093f3ea6f2a423225e218f066a1827e,c4201e557793faf799ef5881596b2c7b482fcf11
d7582e3284bdfc518736a11ae0efe63c68c3d810,146b0b65098ad3ba98ffaae79f54f4ddc87dae31
146b0b65098ad3ba98ffaae79f54f4ddc87dae31,1f8759b314c94d222c07cdafcfc8dfff4dbe2ea9
467f7587006e84549e1c2209d950db1e25541aed,15e36f4e4c50009ccaa30ed314a1526f26a14373
6a3d20bac265d7be38f4fc716fa32c51e58e475a,76cd363b79c8e6224d5fdb1b1d3adc61dfed1b2c
76cd363b79c8e6224d5fdb1b1d3adc61dfed1b2c,2780c02280ecca87b139f2233ece8b19027d0c78
f0baddb9efa892280db2ad4768af429b03a8d707,53e5384514389eb99eef6bd4fda27dc8583f3cef
22a576cde4eb7da7cdeb80e0b7e148e26c196a9c,ee38eb5b3cde362489d9ef38d95aa518a78abfb3
c67085bd627591786a7a5250bb65d26b30f941be,820f539da9b549c099e1f0f5af837c8b032e9b2f
820f539da9b549c099e1f0f5af837c8b032e9b2f,05cc4b122213efbfe30533fc6de922e1c3b81d58
05cc4b122213efbfe30533fc6de922e1c3b81d58,9368efcef7fb75f0e5d810a1a6dd60b8f8956994
9368efcef7fb75f0e5d810a1a6dd60b8f8956994,2c4834efa9e0a54f62b9997f60d18a2ad11b5fa3
d6e513f25c0973fce8acc13dbc05d015de28b75b,4dc99cfc5d396b83b4777a37ea50526e4595830c
e26cbfa04bf73ef7b9fc7326622281601e8bc19c,52386b5289833d49e1222cfde6ad5344e53e3c2e
0c37478df145ea6015372765063723279126c91a,500f576b7626e50337280576542c7812eb70856c
d4cc3998a319ee45b93da8cf5dbf699d9394a3a2,13b9eb62f1dde33825b04d1c64f9743392e5e56b
031d1e9302a8a8779625286f8ac1ff8a59e3f892,69c5211f1f4695b11fcaa64591b3582bacc0d5dc
